0.1,1340,total_flows,gpasp
0.1,1298,successful_flows,gpasp
0.1,0,dropped_flows,gpasp
0.1,42,in_network_flows,gpasp
0.1,1.0,perc_successful_flows,gpasp
0.2,1973,total_flows,gpasp
0.2,1899,successful_flows,gpasp
0.2,0,dropped_flows,gpasp
0.2,74,in_network_flows,gpasp
0.2,1.0,perc_successful_flows,gpasp
0.3,4254,total_flows,gpasp
0.3,4070,successful_flows,gpasp
0.3,3,dropped_flows,gpasp
0.3,181,in_network_flows,gpasp
0.3,0.9992634421802111,perc_successful_flows,gpasp
0.4,5840,total_flows,gpasp
0.4,5458,successful_flows,gpasp
0.4,98,dropped_flows,gpasp
0.4,284,in_network_flows,gpasp
0.4,0.9823614110871131,perc_successful_flows,gpasp
0.5,6748,total_flows,gpasp
0.5,6210,successful_flows,gpasp
0.5,140,dropped_flows,gpasp
0.5,398,in_network_flows,gpasp
0.5,0.9779527559055118,perc_successful_flows,gpasp
0.1,1406,total_flows,spr2
0.1,1355,successful_flows,spr2
0.1,0,dropped_flows,spr2
0.1,51,in_network_flows,spr2
0.1,1.0,perc_successful_flows,spr2
0.2,1972,total_flows,spr2
0.2,1905,successful_flows,spr2
0.2,0,dropped_flows,spr2
0.2,67,in_network_flows,spr2
0.2,1.0,perc_successful_flows,spr2
0.3,4324,total_flows,spr2
0.3,4149,successful_flows,spr2
0.3,2,dropped_flows,spr2
0.3,173,in_network_flows,spr2
0.3,0.9995181883883402,perc_successful_flows,spr2
0.4,5941,total_flows,spr2
0.4,5651,successful_flows,spr2
0.4,30,dropped_flows,spr2
0.4,260,in_network_flows,spr2
0.4,0.9947192395704981,perc_successful_flows,spr2
0.5,6785,total_flows,spr2
0.5,6512,successful_flows,spr2
0.5,25,dropped_flows,spr2
0.5,248,in_network_flows,spr2
0.5,0.9961756157258681,perc_successful_flows,spr2
0.1,913,total_flows,gpasp
0.1,866,successful_flows,gpasp
0.1,0,dropped_flows,gpasp
0.1,47,in_network_flows,gpasp
0.1,1.0,perc_successful_flows,gpasp
0.2,1995,total_flows,gpasp
0.2,1861,successful_flows,gpasp
0.2,0,dropped_flows,gpasp
0.2,134,in_network_flows,gpasp
0.2,1.0,perc_successful_flows,gpasp
0.3,3359,total_flows,gpasp
0.3,3075,successful_flows,gpasp
0.3,3,dropped_flows,gpasp
0.3,281,in_network_flows,gpasp
0.3,0.9990253411306043,perc_successful_flows,gpasp
0.4,5177,total_flows,gpasp
0.4,4573,successful_flows,gpasp
0.4,146,dropped_flows,gpasp
0.4,458,in_network_flows,gpasp
0.4,0.9690612417885145,perc_successful_flows,gpasp
0.5,6023,total_flows,gpasp
0.5,5159,successful_flows,gpasp
0.5,305,dropped_flows,gpasp
0.5,559,in_network_flows,gpasp
0.5,0.9441800878477306,perc_successful_flows,gpasp
0.1,890,total_flows,spr2
0.1,851,successful_flows,spr2
0.1,0,dropped_flows,spr2
0.1,39,in_network_flows,spr2
0.1,1.0,perc_successful_flows,spr2
0.2,1942,total_flows,spr2
0.2,1845,successful_flows,spr2
0.2,0,dropped_flows,spr2
0.2,97,in_network_flows,spr2
0.2,1.0,perc_successful_flows,spr2
0.3,3327,total_flows,spr2
0.3,3178,successful_flows,spr2
0.3,1,dropped_flows,spr2
0.3,148,in_network_flows,spr2
0.3,0.9996854356715948,perc_successful_flows,spr2
0.4,5080,total_flows,spr2
0.4,4730,successful_flows,spr2
0.4,59,dropped_flows,spr2
0.4,291,in_network_flows,spr2
0.4,0.987680100229693,perc_successful_flows,spr2
0.5,6057,total_flows,spr2
0.5,5414,successful_flows,spr2
0.5,251,dropped_flows,spr2
0.5,392,in_network_flows,spr2
0.5,0.9556928508384819,perc_successful_flows,spr2
0.1,1730,total_flows,gpasp
0.1,1645,successful_flows,gpasp
0.1,0,dropped_flows,gpasp
0.1,85,in_network_flows,gpasp
0.1,1.0,perc_successful_flows,gpasp
0.2,3122,total_flows,gpasp
0.2,2768,successful_flows,gpasp
0.2,130,dropped_flows,gpasp
0.2,224,in_network_flows,gpasp
0.2,0.9551414768806074,perc_successful_flows,gpasp
0.3,4433,total_flows,gpasp
0.3,3538,successful_flows,gpasp
0.3,550,dropped_flows,gpasp
0.3,345,in_network_flows,gpasp
0.3,0.8654598825831703,perc_successful_flows,gpasp
0.4,6419,total_flows,gpasp
0.4,4391,successful_flows,gpasp
0.4,1462,dropped_flows,gpasp
0.4,566,in_network_flows,gpasp
0.4,0.7502135656928071,perc_successful_flows,gpasp
0.5,7258,total_flows,gpasp
0.5,4686,successful_flows,gpasp
0.5,1992,dropped_flows,gpasp
0.5,580,in_network_flows,gpasp
0.5,0.701707097933513,perc_successful_flows,gpasp
0.1,1791,total_flows,spr2
0.1,1725,successful_flows,spr2
0.1,0,dropped_flows,spr2
0.1,66,in_network_flows,spr2
0.1,1.0,perc_successful_flows,spr2
0.2,3215,total_flows,spr2
0.2,3030,successful_flows,spr2
0.2,20,dropped_flows,spr2
0.2,165,in_network_flows,spr2
0.2,0.9934426229508196,perc_successful_flows,spr2
0.3,4471,total_flows,spr2
0.3,4002,successful_flows,spr2
0.3,176,dropped_flows,spr2
0.3,293,in_network_flows,spr2
0.3,0.9578745811393011,perc_successful_flows,spr2
0.4,6489,total_flows,spr2
0.4,4831,successful_flows,spr2
0.4,1203,dropped_flows,spr2
0.4,455,in_network_flows,spr2
0.4,0.8006297646668876,perc_successful_flows,spr2
0.5,7276,total_flows,spr2
0.5,5120,successful_flows,spr2
0.5,1633,dropped_flows,spr2
0.5,523,in_network_flows,spr2
0.5,0.7581815489412113,perc_successful_flows,spr2
0.1,1149,total_flows,gpasp
0.1,1084,successful_flows,gpasp
0.1,0,dropped_flows,gpasp
0.1,65,in_network_flows,gpasp
0.1,1.0,perc_successful_flows,gpasp
0.2,2609,total_flows,gpasp
0.2,2466,successful_flows,gpasp
0.2,0,dropped_flows,gpasp
0.2,143,in_network_flows,gpasp
0.2,1.0,perc_successful_flows,gpasp
0.3,4066,total_flows,gpasp
0.3,3717,successful_flows,gpasp
0.3,53,dropped_flows,gpasp
0.3,296,in_network_flows,gpasp
0.3,0.9859416445623342,perc_successful_flows,gpasp
0.4,4715,total_flows,gpasp
0.4,4136,successful_flows,gpasp
0.4,206,dropped_flows,gpasp
0.4,373,in_network_flows,gpasp
0.4,0.9525564256103178,perc_successful_flows,gpasp
0.5,5582,total_flows,gpasp
0.5,4561,successful_flows,gpasp
0.5,537,dropped_flows,gpasp
0.5,484,in_network_flows,gpasp
0.5,0.8946645743428796,perc_successful_flows,gpasp
0.1,1145,total_flows,spr2
0.1,1110,successful_flows,spr2
0.1,0,dropped_flows,spr2
0.1,35,in_network_flows,spr2
0.1,1.0,perc_successful_flows,spr2
0.2,2672,total_flows,spr2
0.2,2577,successful_flows,spr2
0.2,0,dropped_flows,spr2
0.2,95,in_network_flows,spr2
0.2,1.0,perc_successful_flows,spr2
0.3,3921,total_flows,spr2
0.3,3733,successful_flows,spr2
0.3,16,dropped_flows,spr2
0.3,172,in_network_flows,spr2
0.3,0.9957321952520672,perc_successful_flows,spr2
0.4,4659,total_flows,spr2
0.4,4345,successful_flows,spr2
0.4,86,dropped_flows,spr2
0.4,228,in_network_flows,spr2
0.4,0.9805912886481607,perc_successful_flows,spr2
0.5,5606,total_flows,spr2
0.5,4885,successful_flows,spr2
0.5,436,dropped_flows,spr2
0.5,285,in_network_flows,spr2
0.5,0.9180605149408007,perc_successful_flows,spr2
0.1,1112,total_flows,gpasp
0.1,1058,successful_flows,gpasp
0.1,0,dropped_flows,gpasp
0.1,54,in_network_flows,gpasp
0.1,1.0,perc_successful_flows,gpasp
0.2,2237,total_flows,gpasp
0.2,2145,successful_flows,gpasp
0.2,0,dropped_flows,gpasp
0.2,92,in_network_flows,gpasp
0.2,1.0,perc_successful_flows,gpasp
0.3,3801,total_flows,gpasp
0.3,3589,successful_flows,gpasp
0.3,5,dropped_flows,gpasp
0.3,207,in_network_flows,gpasp
0.3,0.9986087924318309,perc_successful_flows,gpasp
0.4,4418,total_flows,gpasp
0.4,4142,successful_flows,gpasp
0.4,12,dropped_flows,gpasp
0.4,264,in_network_flows,gpasp
0.4,0.9971112181030333,perc_successful_flows,gpasp
0.5,6650,total_flows,gpasp
0.5,6058,successful_flows,gpasp
0.5,149,dropped_flows,gpasp
0.5,443,in_network_flows,gpasp
0.5,0.9759948445303689,perc_successful_flows,gpasp
0.1,1090,total_flows,spr2
0.1,1055,successful_flows,spr2
0.1,0,dropped_flows,spr2
0.1,35,in_network_flows,spr2
0.1,1.0,perc_successful_flows,spr2
0.2,2265,total_flows,spr2
0.2,2170,successful_flows,spr2
0.2,0,dropped_flows,spr2
0.2,95,in_network_flows,spr2
0.2,1.0,perc_successful_flows,spr2
0.3,3758,total_flows,spr2
0.3,3620,successful_flows,spr2
0.3,0,dropped_flows,spr2
0.3,138,in_network_flows,spr2
0.3,1.0,perc_successful_flows,spr2
0.4,4467,total_flows,spr2
0.4,4284,successful_flows,spr2
0.4,0,dropped_flows,spr2
0.4,183,in_network_flows,spr2
0.4,1.0,perc_successful_flows,spr2
0.5,6750,total_flows,spr2
0.5,6447,successful_flows,spr2
0.5,5,dropped_flows,spr2
0.5,298,in_network_flows,spr2
0.5,0.9992250464972101,perc_successful_flows,spr2
0.1,1555,total_flows,gpasp
0.1,1478,successful_flows,gpasp
0.1,0,dropped_flows,gpasp
0.1,77,in_network_flows,gpasp
0.1,1.0,perc_successful_flows,gpasp
0.2,2648,total_flows,gpasp
0.2,2540,successful_flows,gpasp
0.2,0,dropped_flows,gpasp
0.2,108,in_network_flows,gpasp
0.2,1.0,perc_successful_flows,gpasp
0.3,4217,total_flows,gpasp
0.3,3981,successful_flows,gpasp
0.3,6,dropped_flows,gpasp
0.3,230,in_network_flows,gpasp
0.3,0.9984951091045899,perc_successful_flows,gpasp
0.4,5795,total_flows,gpasp
0.4,5464,successful_flows,gpasp
0.4,18,dropped_flows,gpasp
0.4,313,in_network_flows,gpasp
0.4,0.996716526815031,perc_successful_flows,gpasp
0.5,6722,total_flows,gpasp
0.5,6302,successful_flows,gpasp
0.5,51,dropped_flows,gpasp
0.5,369,in_network_flows,gpasp
0.5,0.9919722965528097,perc_successful_flows,gpasp
0.1,1517,total_flows,spr2
0.1,1467,successful_flows,spr2
0.1,0,dropped_flows,spr2
0.1,50,in_network_flows,spr2
0.1,1.0,perc_successful_flows,spr2
0.2,2722,total_flows,spr2
0.2,2620,successful_flows,spr2
0.2,0,dropped_flows,spr2
0.2,102,in_network_flows,spr2
0.2,1.0,perc_successful_flows,spr2
0.3,4205,total_flows,spr2
0.3,4036,successful_flows,spr2
0.3,0,dropped_flows,spr2
0.3,169,in_network_flows,spr2
0.3,1.0,perc_successful_flows,spr2
0.4,5802,total_flows,spr2
0.4,5581,successful_flows,spr2
0.4,1,dropped_flows,spr2
0.4,220,in_network_flows,spr2
0.4,0.9998208527409531,perc_successful_flows,spr2
0.5,6709,total_flows,spr2
0.5,6393,successful_flows,spr2
0.5,15,dropped_flows,spr2
0.5,301,in_network_flows,spr2
0.5,0.9976591760299626,perc_successful_flows,spr2
0.1,1119,total_flows,gpasp
0.1,1064,successful_flows,gpasp
0.1,0,dropped_flows,gpasp
0.1,55,in_network_flows,gpasp
0.1,1.0,perc_successful_flows,gpasp
0.2,1829,total_flows,gpasp
0.2,1731,successful_flows,gpasp
0.2,1,dropped_flows,gpasp
0.2,97,in_network_flows,gpasp
0.2,0.9994226327944573,perc_successful_flows,gpasp
0.3,2924,total_flows,gpasp
0.3,2742,successful_flows,gpasp
0.3,7,dropped_flows,gpasp
0.3,175,in_network_flows,gpasp
0.3,0.9974536194979993,perc_successful_flows,gpasp
0.4,3789,total_flows,gpasp
0.4,3532,successful_flows,gpasp
0.4,31,dropped_flows,gpasp
0.4,226,in_network_flows,gpasp
0.4,0.9912994667415099,perc_successful_flows,gpasp
0.5,4706,total_flows,gpasp
0.5,4277,successful_flows,gpasp
0.5,130,dropped_flows,gpasp
0.5,299,in_network_flows,gpasp
0.5,0.9705014749262537,perc_successful_flows,gpasp
0.1,1079,total_flows,spr2
0.1,1037,successful_flows,spr2
0.1,0,dropped_flows,spr2
0.1,42,in_network_flows,spr2
0.1,1.0,perc_successful_flows,spr2
0.2,1718,total_flows,spr2
0.2,1649,successful_flows,spr2
0.2,0,dropped_flows,spr2
0.2,69,in_network_flows,spr2
0.2,1.0,perc_successful_flows,spr2
0.3,2908,total_flows,spr2
0.3,2757,successful_flows,spr2
0.3,4,dropped_flows,spr2
0.3,147,in_network_flows,spr2
0.3,0.9985512495472655,perc_successful_flows,spr2
0.4,3863,total_flows,spr2
0.4,3691,successful_flows,spr2
0.4,4,dropped_flows,spr2
0.4,168,in_network_flows,spr2
0.4,0.9989174560216508,perc_successful_flows,spr2
0.5,4656,total_flows,spr2
0.5,4433,successful_flows,spr2
0.5,6,dropped_flows,spr2
0.5,217,in_network_flows,spr2
0.5,0.9986483442216716,perc_successful_flows,spr2
0.1,2226,total_flows,gpasp
0.1,2100,successful_flows,gpasp
0.1,0,dropped_flows,gpasp
0.1,126,in_network_flows,gpasp
0.1,1.0,perc_successful_flows,gpasp
0.2,3803,total_flows,gpasp
0.2,3588,successful_flows,gpasp
0.2,0,dropped_flows,gpasp
0.2,215,in_network_flows,gpasp
0.2,1.0,perc_successful_flows,gpasp
0.3,5171,total_flows,gpasp
0.3,4756,successful_flows,gpasp
0.3,76,dropped_flows,gpasp
0.3,339,in_network_flows,gpasp
0.3,0.984271523178808,perc_successful_flows,gpasp
0.4,6248,total_flows,gpasp
0.4,5505,successful_flows,gpasp
0.4,301,dropped_flows,gpasp
0.4,442,in_network_flows,gpasp
0.4,0.9481570788839132,perc_successful_flows,gpasp
0.5,6581,total_flows,gpasp
0.5,5729,successful_flows,gpasp
0.5,382,dropped_flows,gpasp
0.5,470,in_network_flows,gpasp
0.5,0.9374897725413189,perc_successful_flows,gpasp
0.1,2239,total_flows,spr2
0.1,2152,successful_flows,spr2
0.1,0,dropped_flows,spr2
0.1,87,in_network_flows,spr2
0.1,1.0,perc_successful_flows,spr2
0.2,3777,total_flows,spr2
0.2,3618,successful_flows,spr2
0.2,0,dropped_flows,spr2
0.2,159,in_network_flows,spr2
0.2,1.0,perc_successful_flows,spr2
0.3,5066,total_flows,spr2
0.3,4856,successful_flows,spr2
0.3,8,dropped_flows,spr2
0.3,202,in_network_flows,spr2
0.3,0.9983552631578947,perc_successful_flows,spr2
0.4,6208,total_flows,spr2
0.4,5878,successful_flows,spr2
0.4,62,dropped_flows,spr2
0.4,268,in_network_flows,spr2
0.4,0.9895622895622895,perc_successful_flows,spr2
0.5,6413,total_flows,spr2
0.5,6069,successful_flows,spr2
0.5,66,dropped_flows,spr2
0.5,278,in_network_flows,spr2
0.5,0.9892420537897311,perc_successful_flows,spr2
0.1,1126,total_flows,gpasp
0.1,1086,successful_flows,gpasp
0.1,0,dropped_flows,gpasp
0.1,40,in_network_flows,gpasp
0.1,1.0,perc_successful_flows,gpasp
0.2,2718,total_flows,gpasp
0.2,2597,successful_flows,gpasp
0.2,0,dropped_flows,gpasp
0.2,121,in_network_flows,gpasp
0.2,1.0,perc_successful_flows,gpasp
0.3,3123,total_flows,gpasp
0.3,2979,successful_flows,gpasp
0.3,0,dropped_flows,gpasp
0.3,144,in_network_flows,gpasp
0.3,1.0,perc_successful_flows,gpasp
0.4,5860,total_flows,gpasp
0.4,5481,successful_flows,gpasp
0.4,32,dropped_flows,gpasp
0.4,347,in_network_flows,gpasp
0.4,0.9941955378196989,perc_successful_flows,gpasp
0.5,7395,total_flows,gpasp
0.5,6686,successful_flows,gpasp
0.5,265,dropped_flows,gpasp
0.5,444,in_network_flows,gpasp
0.5,0.9618759890663214,perc_successful_flows,gpasp
0.1,1158,total_flows,spr2
0.1,1122,successful_flows,spr2
0.1,0,dropped_flows,spr2
0.1,36,in_network_flows,spr2
0.1,1.0,perc_successful_flows,spr2
0.2,2714,total_flows,spr2
0.2,2627,successful_flows,spr2
0.2,0,dropped_flows,spr2
0.2,87,in_network_flows,spr2
0.2,1.0,perc_successful_flows,spr2
0.3,3153,total_flows,spr2
0.3,3027,successful_flows,spr2
0.3,0,dropped_flows,spr2
0.3,126,in_network_flows,spr2
0.3,1.0,perc_successful_flows,spr2
0.4,5816,total_flows,spr2
0.4,5593,successful_flows,spr2
0.4,3,dropped_flows,spr2
0.4,220,in_network_flows,spr2
0.4,0.9994639027877055,perc_successful_flows,spr2
0.5,7298,total_flows,spr2
0.5,6928,successful_flows,spr2
0.5,89,dropped_flows,spr2
0.5,281,in_network_flows,spr2
0.5,0.9873165170300698,perc_successful_flows,spr2
0.1,1758,total_flows,gpasp
0.1,1700,successful_flows,gpasp
0.1,0,dropped_flows,gpasp
0.1,58,in_network_flows,gpasp
0.1,1.0,perc_successful_flows,gpasp
0.2,3150,total_flows,gpasp
0.2,2995,successful_flows,gpasp
0.2,0,dropped_flows,gpasp
0.2,155,in_network_flows,gpasp
0.2,1.0,perc_successful_flows,gpasp
0.3,4259,total_flows,gpasp
0.3,4034,successful_flows,gpasp
0.3,0,dropped_flows,gpasp
0.3,225,in_network_flows,gpasp
0.3,1.0,perc_successful_flows,gpasp
0.4,5620,total_flows,gpasp
0.4,5222,successful_flows,gpasp
0.4,27,dropped_flows,gpasp
0.4,371,in_network_flows,gpasp
0.4,0.9948561630786816,perc_successful_flows,gpasp
0.5,6744,total_flows,gpasp
0.5,6065,successful_flows,gpasp
0.5,190,dropped_flows,gpasp
0.5,489,in_network_flows,gpasp
0.5,0.9696243005595524,perc_successful_flows,gpasp
0.1,1700,total_flows,spr2
0.1,1650,successful_flows,spr2
0.1,0,dropped_flows,spr2
0.1,50,in_network_flows,spr2
0.1,1.0,perc_successful_flows,spr2
0.2,3135,total_flows,spr2
0.2,3022,successful_flows,spr2
0.2,6,dropped_flows,spr2
0.2,107,in_network_flows,spr2
0.2,0.9980184940554822,perc_successful_flows,spr2
0.3,4228,total_flows,spr2
0.3,4059,successful_flows,spr2
0.3,9,dropped_flows,spr2
0.3,160,in_network_flows,spr2
0.3,0.9977876106194691,perc_successful_flows,spr2
0.4,5663,total_flows,spr2
0.4,5393,successful_flows,spr2
0.4,39,dropped_flows,spr2
0.4,231,in_network_flows,spr2
0.4,0.992820324005891,perc_successful_flows,spr2
0.5,6658,total_flows,spr2
0.5,6233,successful_flows,spr2
0.5,152,dropped_flows,spr2
0.5,273,in_network_flows,spr2
0.5,0.9761942051683633,perc_successful_flows,spr2
0.1,1142,total_flows,gpasp
0.1,1093,successful_flows,gpasp
0.1,0,dropped_flows,gpasp
0.1,49,in_network_flows,gpasp
0.1,1.0,perc_successful_flows,gpasp
0.2,2042,total_flows,gpasp
0.2,1961,successful_flows,gpasp
0.2,0,dropped_flows,gpasp
0.2,81,in_network_flows,gpasp
0.2,1.0,perc_successful_flows,gpasp
0.3,2927,total_flows,gpasp
0.3,2783,successful_flows,gpasp
0.3,0,dropped_flows,gpasp
0.3,144,in_network_flows,gpasp
0.3,1.0,perc_successful_flows,gpasp
0.4,4305,total_flows,gpasp
0.4,4090,successful_flows,gpasp
0.4,3,dropped_flows,gpasp
0.4,212,in_network_flows,gpasp
0.4,0.9992670412900073,perc_successful_flows,gpasp
0.5,4946,total_flows,gpasp
0.5,4687,successful_flows,gpasp
0.5,6,dropped_flows,gpasp
0.5,253,in_network_flows,gpasp
0.5,0.9987215001065417,perc_successful_flows,gpasp
0.1,1130,total_flows,spr2
0.1,1086,successful_flows,spr2
0.1,0,dropped_flows,spr2
0.1,44,in_network_flows,spr2
0.1,1.0,perc_successful_flows,spr2
0.2,2069,total_flows,spr2
0.2,1995,successful_flows,spr2
0.2,0,dropped_flows,spr2
0.2,74,in_network_flows,spr2
0.2,1.0,perc_successful_flows,spr2
0.3,2880,total_flows,spr2
0.3,2762,successful_flows,spr2
0.3,0,dropped_flows,spr2
0.3,118,in_network_flows,spr2
0.3,1.0,perc_successful_flows,spr2
0.4,4280,total_flows,spr2
0.4,4118,successful_flows,spr2
0.4,0,dropped_flows,spr2
0.4,162,in_network_flows,spr2
0.4,1.0,perc_successful_flows,spr2
0.5,4958,total_flows,spr2
0.5,4753,successful_flows,spr2
0.5,1,dropped_flows,spr2
0.5,204,in_network_flows,spr2
0.5,0.9997896508203618,perc_successful_flows,spr2
0.1,1739,total_flows,gpasp
0.1,1643,successful_flows,gpasp
0.1,0,dropped_flows,gpasp
0.1,96,in_network_flows,gpasp
0.1,1.0,perc_successful_flows,gpasp
0.2,2041,total_flows,gpasp
0.2,1909,successful_flows,gpasp
0.2,0,dropped_flows,gpasp
0.2,132,in_network_flows,gpasp
0.2,1.0,perc_successful_flows,gpasp
0.3,3467,total_flows,gpasp
0.3,3189,successful_flows,gpasp
0.3,7,dropped_flows,gpasp
0.3,271,in_network_flows,gpasp
0.3,0.9978097622027534,perc_successful_flows,gpasp
0.4,4957,total_flows,gpasp
0.4,4201,successful_flows,gpasp
0.4,312,dropped_flows,gpasp
0.4,444,in_network_flows,gpasp
0.4,0.9308663859960116,perc_successful_flows,gpasp
0.5,6227,total_flows,gpasp
0.5,4875,successful_flows,gpasp
0.5,820,dropped_flows,gpasp
0.5,532,in_network_flows,gpasp
0.5,0.8560140474100087,perc_successful_flows,gpasp
0.1,1830,total_flows,spr2
0.1,1729,successful_flows,spr2
0.1,0,dropped_flows,spr2
0.1,101,in_network_flows,spr2
0.1,1.0,perc_successful_flows,spr2
0.2,2015,total_flows,spr2
0.2,1918,successful_flows,spr2
0.2,0,dropped_flows,spr2
0.2,97,in_network_flows,spr2
0.2,1.0,perc_successful_flows,spr2
0.3,3661,total_flows,spr2
0.3,3490,successful_flows,spr2
0.3,0,dropped_flows,spr2
0.3,171,in_network_flows,spr2
0.3,1.0,perc_successful_flows,spr2
0.4,4966,total_flows,spr2
0.4,4606,successful_flows,spr2
0.4,89,dropped_flows,spr2
0.4,271,in_network_flows,spr2
0.4,0.9810436634717785,perc_successful_flows,spr2
0.5,6343,total_flows,spr2
0.5,5440,successful_flows,spr2
0.5,488,dropped_flows,spr2
0.5,415,in_network_flows,spr2
0.5,0.9176788124156545,perc_successful_flows,spr2
0.1,1127,total_flows,gpasp
0.1,1072,successful_flows,gpasp
0.1,0,dropped_flows,gpasp
0.1,55,in_network_flows,gpasp
0.1,1.0,perc_successful_flows,gpasp
0.2,3395,total_flows,gpasp
0.2,3195,successful_flows,gpasp
0.2,0,dropped_flows,gpasp
0.2,200,in_network_flows,gpasp
0.2,1.0,perc_successful_flows,gpasp
0.3,4923,total_flows,gpasp
0.3,4648,successful_flows,gpasp
0.3,1,dropped_flows,gpasp
0.3,274,in_network_flows,gpasp
0.3,0.99978489997849,perc_successful_flows,gpasp
0.4,7099,total_flows,gpasp
0.4,6535,successful_flows,gpasp
0.4,104,dropped_flows,gpasp
0.4,460,in_network_flows,gpasp
0.4,0.9843349902093689,perc_successful_flows,gpasp
0.5,8232,total_flows,gpasp
0.5,7382,successful_flows,gpasp
0.5,319,dropped_flows,gpasp
0.5,531,in_network_flows,gpasp
0.5,0.9585768082067264,perc_successful_flows,gpasp
0.1,1100,total_flows,spr2
0.1,1064,successful_flows,spr2
0.1,0,dropped_flows,spr2
0.1,36,in_network_flows,spr2
0.1,1.0,perc_successful_flows,spr2
0.2,3286,total_flows,spr2
0.2,3147,successful_flows,spr2
0.2,4,dropped_flows,spr2
0.2,135,in_network_flows,spr2
0.2,0.998730561726436,perc_successful_flows,spr2
0.3,4926,total_flows,spr2
0.3,4688,successful_flows,spr2
0.3,55,dropped_flows,spr2
0.3,183,in_network_flows,spr2
0.3,0.988403963736032,perc_successful_flows,spr2
0.4,7188,total_flows,spr2
0.4,6517,successful_flows,spr2
0.4,369,dropped_flows,spr2
0.4,302,in_network_flows,spr2
0.4,0.9464130119082196,perc_successful_flows,spr2
0.5,8258,total_flows,spr2
0.5,7256,successful_flows,spr2
0.5,609,dropped_flows,spr2
0.5,393,in_network_flows,spr2
0.5,0.9225683407501589,perc_successful_flows,spr2
0.1,2670,total_flows,gpasp
0.1,2541,successful_flows,gpasp
0.1,2,dropped_flows,gpasp
0.1,127,in_network_flows,gpasp
0.1,0.9992135273299253,perc_successful_flows,gpasp
0.2,3463,total_flows,gpasp
0.2,3284,successful_flows,gpasp
0.2,13,dropped_flows,gpasp
0.2,166,in_network_flows,gpasp
0.2,0.9960570215347285,perc_successful_flows,gpasp
0.3,5611,total_flows,gpasp
0.3,5200,successful_flows,gpasp
0.3,94,dropped_flows,gpasp
0.3,317,in_network_flows,gpasp
0.3,0.9822440498677748,perc_successful_flows,gpasp
0.4,7205,total_flows,gpasp
0.4,6486,successful_flows,gpasp
0.4,281,dropped_flows,gpasp
0.4,438,in_network_flows,gpasp
0.4,0.9584749519728092,perc_successful_flows,gpasp
0.5,7803,total_flows,gpasp
0.5,6887,successful_flows,gpasp
0.5,423,dropped_flows,gpasp
0.5,493,in_network_flows,gpasp
0.5,0.9421340629274966,perc_successful_flows,gpasp
0.1,2662,total_flows,spr2
0.1,2568,successful_flows,spr2
0.1,0,dropped_flows,spr2
0.1,94,in_network_flows,spr2
0.1,1.0,perc_successful_flows,spr2
0.2,3502,total_flows,spr2
0.2,3369,successful_flows,spr2
0.2,1,dropped_flows,spr2
0.2,132,in_network_flows,spr2
0.2,0.9997032640949555,perc_successful_flows,spr2
0.3,5550,total_flows,spr2
0.3,5313,successful_flows,spr2
0.3,15,dropped_flows,spr2
0.3,222,in_network_flows,spr2
0.3,0.9971846846846847,perc_successful_flows,spr2
0.4,7388,total_flows,spr2
0.4,6984,successful_flows,spr2
0.4,64,dropped_flows,spr2
0.4,340,in_network_flows,spr2
0.4,0.9909194097616345,perc_successful_flows,spr2
0.5,7791,total_flows,spr2
0.5,7332,successful_flows,spr2
0.5,80,dropped_flows,spr2
0.5,379,in_network_flows,spr2
0.5,0.9892066918510524,perc_successful_flows,spr2
0.1,879,total_flows,gpasp
0.1,844,successful_flows,gpasp
0.1,0,dropped_flows,gpasp
0.1,35,in_network_flows,gpasp
0.1,1.0,perc_successful_flows,gpasp
0.2,1793,total_flows,gpasp
0.2,1720,successful_flows,gpasp
0.2,0,dropped_flows,gpasp
0.2,73,in_network_flows,gpasp
0.2,1.0,perc_successful_flows,gpasp
0.3,3359,total_flows,gpasp
0.3,3161,successful_flows,gpasp
0.3,7,dropped_flows,gpasp
0.3,191,in_network_flows,gpasp
0.3,0.9977904040404041,perc_successful_flows,gpasp
0.4,5215,total_flows,gpasp
0.4,4567,successful_flows,gpasp
0.4,274,dropped_flows,gpasp
0.4,374,in_network_flows,gpasp
0.4,0.9434001239413344,perc_successful_flows,gpasp
0.5,6873,total_flows,gpasp
0.5,5717,successful_flows,gpasp
0.5,681,dropped_flows,gpasp
0.5,475,in_network_flows,gpasp
0.5,0.8935604876523914,perc_successful_flows,gpasp
0.1,859,total_flows,spr2
0.1,828,successful_flows,spr2
0.1,0,dropped_flows,spr2
0.1,31,in_network_flows,spr2
0.1,1.0,perc_successful_flows,spr2
0.2,1760,total_flows,spr2
0.2,1704,successful_flows,spr2
0.2,0,dropped_flows,spr2
0.2,56,in_network_flows,spr2
0.2,1.0,perc_successful_flows,spr2
0.3,3353,total_flows,spr2
0.3,3231,successful_flows,spr2
0.3,0,dropped_flows,spr2
0.3,122,in_network_flows,spr2
0.3,1.0,perc_successful_flows,spr2
0.4,5103,total_flows,spr2
0.4,4858,successful_flows,spr2
0.4,14,dropped_flows,spr2
0.4,231,in_network_flows,spr2
0.4,0.9971264367816092,perc_successful_flows,spr2
0.5,6922,total_flows,spr2
0.5,6463,successful_flows,spr2
0.5,117,dropped_flows,spr2
0.5,342,in_network_flows,spr2
0.5,0.9822188449848024,perc_successful_flows,spr2
0.1,1363,total_flows,gpasp
0.1,1306,successful_flows,gpasp
0.1,0,dropped_flows,gpasp
0.1,57,in_network_flows,gpasp
0.1,1.0,perc_successful_flows,gpasp
0.2,1736,total_flows,gpasp
0.2,1651,successful_flows,gpasp
0.2,0,dropped_flows,gpasp
0.2,85,in_network_flows,gpasp
0.2,1.0,perc_successful_flows,gpasp
0.3,3489,total_flows,gpasp
0.3,3329,successful_flows,gpasp
0.3,0,dropped_flows,gpasp
0.3,160,in_network_flows,gpasp
0.3,1.0,perc_successful_flows,gpasp
0.4,4601,total_flows,gpasp
0.4,4293,successful_flows,gpasp
0.4,11,dropped_flows,gpasp
0.4,297,in_network_flows,gpasp
0.4,0.9974442379182156,perc_successful_flows,gpasp
0.5,6079,total_flows,gpasp
0.5,5316,successful_flows,gpasp
0.5,239,dropped_flows,gpasp
0.5,524,in_network_flows,gpasp
0.5,0.956975697569757,perc_successful_flows,gpasp
0.1,1309,total_flows,spr2
0.1,1262,successful_flows,spr2
0.1,0,dropped_flows,spr2
0.1,47,in_network_flows,spr2
0.1,1.0,perc_successful_flows,spr2
0.2,1754,total_flows,spr2
0.2,1687,successful_flows,spr2
0.2,0,dropped_flows,spr2
0.2,67,in_network_flows,spr2
0.2,1.0,perc_successful_flows,spr2
0.3,3457,total_flows,spr2
0.3,3324,successful_flows,spr2
0.3,0,dropped_flows,spr2
0.3,133,in_network_flows,spr2
0.3,1.0,perc_successful_flows,spr2
0.4,4610,total_flows,spr2
0.4,4377,successful_flows,spr2
0.4,33,dropped_flows,spr2
0.4,200,in_network_flows,spr2
0.4,0.992517006802721,perc_successful_flows,spr2
0.5,6092,total_flows,spr2
0.5,5420,successful_flows,spr2
0.5,254,dropped_flows,spr2
0.5,418,in_network_flows,spr2
0.5,0.9552344025378922,perc_successful_flows,spr2
0.1,1341,total_flows,gpasp
0.1,1275,successful_flows,gpasp
0.1,0,dropped_flows,gpasp
0.1,66,in_network_flows,gpasp
0.1,1.0,perc_successful_flows,gpasp
0.2,2602,total_flows,gpasp
0.2,2409,successful_flows,gpasp
0.2,1,dropped_flows,gpasp
0.2,192,in_network_flows,gpasp
0.2,0.9995850622406639,perc_successful_flows,gpasp
0.3,4245,total_flows,gpasp
0.3,3737,successful_flows,gpasp
0.3,128,dropped_flows,gpasp
0.3,380,in_network_flows,gpasp
0.3,0.9668822768434671,perc_successful_flows,gpasp
0.4,6523,total_flows,gpasp
0.4,5106,successful_flows,gpasp
0.4,852,dropped_flows,gpasp
0.4,565,in_network_flows,gpasp
0.4,0.8569989929506546,perc_successful_flows,gpasp
0.5,6951,total_flows,gpasp
0.5,5201,successful_flows,gpasp
0.5,1141,dropped_flows,gpasp
0.5,609,in_network_flows,gpasp
0.5,0.8200883002207505,perc_successful_flows,gpasp
0.1,1326,total_flows,spr2
0.1,1270,successful_flows,spr2
0.1,0,dropped_flows,spr2
0.1,56,in_network_flows,spr2
0.1,1.0,perc_successful_flows,spr2
0.2,2711,total_flows,spr2
0.2,2576,successful_flows,spr2
0.2,15,dropped_flows,spr2
0.2,120,in_network_flows,spr2
0.2,0.9942107294480895,perc_successful_flows,spr2
0.3,4268,total_flows,spr2
0.3,3917,successful_flows,spr2
0.3,127,dropped_flows,spr2
0.3,224,in_network_flows,spr2
0.3,0.968595450049456,perc_successful_flows,spr2
0.4,6470,total_flows,spr2
0.4,5342,successful_flows,spr2
0.4,758,dropped_flows,spr2
0.4,370,in_network_flows,spr2
0.4,0.8757377049180328,perc_successful_flows,spr2
0.5,6777,total_flows,spr2
0.5,5333,successful_flows,spr2
0.5,1041,dropped_flows,spr2
0.5,403,in_network_flows,spr2
0.5,0.8366802635707562,perc_successful_flows,spr2
0.1,899,total_flows,gpasp
0.1,871,successful_flows,gpasp
0.1,0,dropped_flows,gpasp
0.1,28,in_network_flows,gpasp
0.1,1.0,perc_successful_flows,gpasp
0.2,2257,total_flows,gpasp
0.2,2105,successful_flows,gpasp
0.2,3,dropped_flows,gpasp
0.2,149,in_network_flows,gpasp
0.2,0.9985768500948766,perc_successful_flows,gpasp
0.3,3233,total_flows,gpasp
0.3,2981,successful_flows,gpasp
0.3,38,dropped_flows,gpasp
0.3,214,in_network_flows,gpasp
0.3,0.9874130506790328,perc_successful_flows,gpasp
0.4,5387,total_flows,gpasp
0.4,4811,successful_flows,gpasp
0.4,162,dropped_flows,gpasp
0.4,414,in_network_flows,gpasp
0.4,0.9674240900864669,perc_successful_flows,gpasp
0.5,6979,total_flows,gpasp
0.5,5553,successful_flows,gpasp
0.5,844,dropped_flows,gpasp
0.5,582,in_network_flows,gpasp
0.5,0.8680631546037205,perc_successful_flows,gpasp
0.1,903,total_flows,spr2
0.1,867,successful_flows,spr2
0.1,0,dropped_flows,spr2
0.1,36,in_network_flows,spr2
0.1,1.0,perc_successful_flows,spr2
0.2,2312,total_flows,spr2
0.2,2226,successful_flows,spr2
0.2,0,dropped_flows,spr2
0.2,86,in_network_flows,spr2
0.2,1.0,perc_successful_flows,spr2
0.3,3160,total_flows,spr2
0.3,3048,successful_flows,spr2
0.3,0,dropped_flows,spr2
0.3,112,in_network_flows,spr2
0.3,1.0,perc_successful_flows,spr2
0.4,5382,total_flows,spr2
0.4,5106,successful_flows,spr2
0.4,9,dropped_flows,spr2
0.4,267,in_network_flows,spr2
0.4,0.9982404692082112,perc_successful_flows,spr2
0.5,7112,total_flows,spr2
0.5,6142,successful_flows,spr2
0.5,509,dropped_flows,spr2
0.5,461,in_network_flows,spr2
0.5,0.9234701548639302,perc_successful_flows,spr2
0.1,1357,total_flows,gpasp
0.1,1305,successful_flows,gpasp
0.1,0,dropped_flows,gpasp
0.1,52,in_network_flows,gpasp
0.1,1.0,perc_successful_flows,gpasp
0.2,3397,total_flows,gpasp
0.2,3235,successful_flows,gpasp
0.2,0,dropped_flows,gpasp
0.2,162,in_network_flows,gpasp
0.2,1.0,perc_successful_flows,gpasp
0.3,3871,total_flows,gpasp
0.3,3670,successful_flows,gpasp
0.3,0,dropped_flows,gpasp
0.3,201,in_network_flows,gpasp
0.3,1.0,perc_successful_flows,gpasp
0.4,5148,total_flows,gpasp
0.4,4855,successful_flows,gpasp
0.4,4,dropped_flows,gpasp
0.4,289,in_network_flows,gpasp
0.4,0.9991767853467791,perc_successful_flows,gpasp
0.5,5818,total_flows,gpasp
0.5,5488,successful_flows,gpasp
0.5,19,dropped_flows,gpasp
0.5,311,in_network_flows,gpasp
0.5,0.9965498456509897,perc_successful_flows,gpasp
0.1,1377,total_flows,spr2
0.1,1329,successful_flows,spr2
0.1,0,dropped_flows,spr2
0.1,48,in_network_flows,spr2
0.1,1.0,perc_successful_flows,spr2
0.2,3409,total_flows,spr2
0.2,3278,successful_flows,spr2
0.2,0,dropped_flows,spr2
0.2,131,in_network_flows,spr2
0.2,1.0,perc_successful_flows,spr2
0.3,3889,total_flows,spr2
0.3,3733,successful_flows,spr2
0.3,1,dropped_flows,spr2
0.3,155,in_network_flows,spr2
0.3,0.9997321906802357,perc_successful_flows,spr2
0.4,5193,total_flows,spr2
0.4,4954,successful_flows,spr2
0.4,6,dropped_flows,spr2
0.4,233,in_network_flows,spr2
0.4,0.9987903225806452,perc_successful_flows,spr2
0.5,5857,total_flows,spr2
0.5,5580,successful_flows,spr2
0.5,16,dropped_flows,spr2
0.5,261,in_network_flows,spr2
0.5,0.9971408148677627,perc_successful_flows,spr2
0.1,678,total_flows,gpasp
0.1,650,successful_flows,gpasp
0.1,0,dropped_flows,gpasp
0.1,28,in_network_flows,gpasp
0.1,1.0,perc_successful_flows,gpasp
0.2,1970,total_flows,gpasp
0.2,1896,successful_flows,gpasp
0.2,0,dropped_flows,gpasp
0.2,74,in_network_flows,gpasp
0.2,1.0,perc_successful_flows,gpasp
0.3,4184,total_flows,gpasp
0.3,4039,successful_flows,gpasp
0.3,0,dropped_flows,gpasp
0.3,145,in_network_flows,gpasp
0.3,1.0,perc_successful_flows,gpasp
0.4,5569,total_flows,gpasp
0.4,5362,successful_flows,gpasp
0.4,1,dropped_flows,gpasp
0.4,206,in_network_flows,gpasp
0.4,0.9998135371993288,perc_successful_flows,gpasp
0.5,6460,total_flows,gpasp
0.5,6187,successful_flows,gpasp
0.5,9,dropped_flows,gpasp
0.5,264,in_network_flows,gpasp
0.5,0.9985474499677212,perc_successful_flows,gpasp
0.1,689,total_flows,spr2
0.1,669,successful_flows,spr2
0.1,0,dropped_flows,spr2
0.1,20,in_network_flows,spr2
0.1,1.0,perc_successful_flows,spr2
0.2,2023,total_flows,spr2
0.2,1947,successful_flows,spr2
0.2,0,dropped_flows,spr2
0.2,76,in_network_flows,spr2
0.2,1.0,perc_successful_flows,spr2
0.3,4183,total_flows,spr2
0.3,4051,successful_flows,spr2
0.3,0,dropped_flows,spr2
0.3,132,in_network_flows,spr2
0.3,1.0,perc_successful_flows,spr2
0.4,5600,total_flows,spr2
0.4,5401,successful_flows,spr2
0.4,2,dropped_flows,spr2
0.4,197,in_network_flows,spr2
0.4,0.9996298352766981,perc_successful_flows,spr2
0.5,6467,total_flows,spr2
0.5,6199,successful_flows,spr2
0.5,3,dropped_flows,spr2
0.5,265,in_network_flows,spr2
0.5,0.9995162850693324,perc_successful_flows,spr2
0.1,1335,total_flows,gpasp
0.1,1254,successful_flows,gpasp
0.1,0,dropped_flows,gpasp
0.1,81,in_network_flows,gpasp
0.1,1.0,perc_successful_flows,gpasp
0.2,2217,total_flows,gpasp
0.2,2098,successful_flows,gpasp
0.2,0,dropped_flows,gpasp
0.2,119,in_network_flows,gpasp
0.2,1.0,perc_successful_flows,gpasp
0.3,3815,total_flows,gpasp
0.3,3524,successful_flows,gpasp
0.3,12,dropped_flows,gpasp
0.3,279,in_network_flows,gpasp
0.3,0.996606334841629,perc_successful_flows,gpasp
0.4,4833,total_flows,gpasp
0.4,4267,successful_flows,gpasp
0.4,128,dropped_flows,gpasp
0.4,438,in_network_flows,gpasp
0.4,0.9708759954493743,perc_successful_flows,gpasp
0.5,6529,total_flows,gpasp
0.5,5180,successful_flows,gpasp
0.5,798,dropped_flows,gpasp
0.5,551,in_network_flows,gpasp
0.5,0.8665105386416861,perc_successful_flows,gpasp
0.1,1274,total_flows,spr2
0.1,1216,successful_flows,spr2
0.1,0,dropped_flows,spr2
0.1,58,in_network_flows,spr2
0.1,1.0,perc_successful_flows,spr2
0.2,2196,total_flows,spr2
0.2,2113,successful_flows,spr2
0.2,0,dropped_flows,spr2
0.2,83,in_network_flows,spr2
0.2,1.0,perc_successful_flows,spr2
0.3,3800,total_flows,spr2
0.3,3600,successful_flows,spr2
0.3,14,dropped_flows,spr2
0.3,186,in_network_flows,spr2
0.3,0.9961261759822911,perc_successful_flows,spr2
0.4,4938,total_flows,spr2
0.4,4419,successful_flows,spr2
0.4,194,dropped_flows,spr2
0.4,325,in_network_flows,spr2
0.4,0.9579449382180794,perc_successful_flows,spr2
0.5,6554,total_flows,spr2
0.5,5214,successful_flows,spr2
0.5,819,dropped_flows,spr2
0.5,521,in_network_flows,spr2
0.5,0.8642466434609647,perc_successful_flows,spr2
0.1,1992,total_flows,gpasp
0.1,1901,successful_flows,gpasp
0.1,2,dropped_flows,gpasp
0.1,89,in_network_flows,gpasp
0.1,0.998949027850762,perc_successful_flows,gpasp
0.2,2624,total_flows,gpasp
0.2,2438,successful_flows,gpasp
0.2,20,dropped_flows,gpasp
0.2,166,in_network_flows,gpasp
0.2,0.9918633034987795,perc_successful_flows,gpasp
0.3,3551,total_flows,gpasp
0.3,3259,successful_flows,gpasp
0.3,39,dropped_flows,gpasp
0.3,253,in_network_flows,gpasp
0.3,0.9881746513038205,perc_successful_flows,gpasp
0.4,5235,total_flows,gpasp
0.4,4633,successful_flows,gpasp
0.4,194,dropped_flows,gpasp
0.4,408,in_network_flows,gpasp
0.4,0.9598094054278019,perc_successful_flows,gpasp
0.5,6480,total_flows,gpasp
0.5,5257,successful_flows,gpasp
0.5,665,dropped_flows,gpasp
0.5,558,in_network_flows,gpasp
0.5,0.8877068557919622,perc_successful_flows,gpasp
0.1,1951,total_flows,spr2
0.1,1878,successful_flows,spr2
0.1,0,dropped_flows,spr2
0.1,73,in_network_flows,spr2
0.1,1.0,perc_successful_flows,spr2
0.2,2630,total_flows,spr2
0.2,2505,successful_flows,spr2
0.2,6,dropped_flows,spr2
0.2,119,in_network_flows,spr2
0.2,0.997610513739546,perc_successful_flows,spr2
0.3,3559,total_flows,spr2
0.3,3384,successful_flows,spr2
0.3,7,dropped_flows,spr2
0.3,168,in_network_flows,spr2
0.3,0.9979357121792981,perc_successful_flows,spr2
0.4,5422,total_flows,spr2
0.4,4896,successful_flows,spr2
0.4,197,dropped_flows,spr2
0.4,329,in_network_flows,spr2
0.4,0.9613194580797173,perc_successful_flows,spr2
0.5,6444,total_flows,spr2
0.5,5384,successful_flows,spr2
0.5,611,dropped_flows,spr2
0.5,449,in_network_flows,spr2
0.5,0.8980817347789825,perc_successful_flows,spr2
0.1,2067,total_flows,gpasp
0.1,1954,successful_flows,gpasp
0.1,0,dropped_flows,gpasp
0.1,113,in_network_flows,gpasp
0.1,1.0,perc_successful_flows,gpasp
0.2,3316,total_flows,gpasp
0.2,3084,successful_flows,gpasp
0.2,0,dropped_flows,gpasp
0.2,232,in_network_flows,gpasp
0.2,1.0,perc_successful_flows,gpasp
0.3,4036,total_flows,gpasp
0.3,3700,successful_flows,gpasp
0.3,26,dropped_flows,gpasp
0.3,310,in_network_flows,gpasp
0.3,0.9930220075147611,perc_successful_flows,gpasp
0.4,5305,total_flows,gpasp
0.4,4623,successful_flows,gpasp
0.4,185,dropped_flows,gpasp
0.4,497,in_network_flows,gpasp
0.4,0.961522462562396,perc_successful_flows,gpasp
0.5,6212,total_flows,gpasp
0.5,5108,successful_flows,gpasp
0.5,534,dropped_flows,gpasp
0.5,570,in_network_flows,gpasp
0.5,0.9053527118043248,perc_successful_flows,gpasp
0.1,2026,total_flows,spr2
0.1,1939,successful_flows,spr2
0.1,3,dropped_flows,spr2
0.1,84,in_network_flows,spr2
0.1,0.9984552008238929,perc_successful_flows,spr2
0.2,3347,total_flows,spr2
0.2,3191,successful_flows,spr2
0.2,1,dropped_flows,spr2
0.2,155,in_network_flows,spr2
0.2,0.99968671679198,perc_successful_flows,spr2
0.3,4016,total_flows,spr2
0.3,3772,successful_flows,spr2
0.3,56,dropped_flows,spr2
0.3,188,in_network_flows,spr2
0.3,0.9853709508881923,perc_successful_flows,spr2
0.4,5293,total_flows,spr2
0.4,4772,successful_flows,spr2
0.4,273,dropped_flows,spr2
0.4,248,in_network_flows,spr2
0.4,0.9458870168483647,perc_successful_flows,spr2
0.5,6183,total_flows,spr2
0.5,5338,successful_flows,spr2
0.5,543,dropped_flows,spr2
0.5,302,in_network_flows,spr2
0.5,0.9076687638156776,perc_successful_flows,spr2
0.1,1563,total_flows,gpasp
0.1,1524,successful_flows,gpasp
0.1,0,dropped_flows,gpasp
0.1,39,in_network_flows,gpasp
0.1,1.0,perc_successful_flows,gpasp
0.2,3427,total_flows,gpasp
0.2,3275,successful_flows,gpasp
0.2,10,dropped_flows,gpasp
0.2,142,in_network_flows,gpasp
0.2,0.9969558599695586,perc_successful_flows,gpasp
0.3,4502,total_flows,gpasp
0.3,4242,successful_flows,gpasp
0.3,39,dropped_flows,gpasp
0.3,221,in_network_flows,gpasp
0.3,0.9908899789768746,perc_successful_flows,gpasp
0.4,6034,total_flows,gpasp
0.4,5544,successful_flows,gpasp
0.4,140,dropped_flows,gpasp
0.4,350,in_network_flows,gpasp
0.4,0.9753694581280788,perc_successful_flows,gpasp
0.5,6908,total_flows,gpasp
0.5,6082,successful_flows,gpasp
0.5,340,dropped_flows,gpasp
0.5,486,in_network_flows,gpasp
0.5,0.9470569915914046,perc_successful_flows,gpasp
0.1,1555,total_flows,spr2
0.1,1509,successful_flows,spr2
0.1,0,dropped_flows,spr2
0.1,46,in_network_flows,spr2
0.1,1.0,perc_successful_flows,spr2
0.2,3393,total_flows,spr2
0.2,3285,successful_flows,spr2
0.2,0,dropped_flows,spr2
0.2,108,in_network_flows,spr2
0.2,1.0,perc_successful_flows,spr2
0.3,4552,total_flows,spr2
0.3,4399,successful_flows,spr2
0.3,0,dropped_flows,spr2
0.3,153,in_network_flows,spr2
0.3,1.0,perc_successful_flows,spr2
0.4,6009,total_flows,spr2
0.4,5712,successful_flows,spr2
0.4,59,dropped_flows,spr2
0.4,238,in_network_flows,spr2
0.4,0.9897764685496447,perc_successful_flows,spr2
0.5,6892,total_flows,spr2
0.5,6424,successful_flows,spr2
0.5,188,dropped_flows,spr2
0.5,280,in_network_flows,spr2
0.5,0.9715668481548699,perc_successful_flows,spr2
0.1,2050,total_flows,gpasp
0.1,1984,successful_flows,gpasp
0.1,0,dropped_flows,gpasp
0.1,66,in_network_flows,gpasp
0.1,1.0,perc_successful_flows,gpasp
0.2,3591,total_flows,gpasp
0.2,3482,successful_flows,gpasp
0.2,0,dropped_flows,gpasp
0.2,109,in_network_flows,gpasp
0.2,1.0,perc_successful_flows,gpasp
0.3,5163,total_flows,gpasp
0.3,4995,successful_flows,gpasp
0.3,0,dropped_flows,gpasp
0.3,168,in_network_flows,gpasp
0.3,1.0,perc_successful_flows,gpasp
0.4,6226,total_flows,gpasp
0.4,6013,successful_flows,gpasp
0.4,0,dropped_flows,gpasp
0.4,213,in_network_flows,gpasp
0.4,1.0,perc_successful_flows,gpasp
0.5,6940,total_flows,gpasp
0.5,6676,successful_flows,gpasp
0.5,2,dropped_flows,gpasp
0.5,262,in_network_flows,gpasp
0.5,0.9997005091344714,perc_successful_flows,gpasp
0.1,2060,total_flows,spr2
0.1,1984,successful_flows,spr2
0.1,0,dropped_flows,spr2
0.1,76,in_network_flows,spr2
0.1,1.0,perc_successful_flows,spr2
0.2,3565,total_flows,spr2
0.2,3455,successful_flows,spr2
0.2,1,dropped_flows,spr2
0.2,109,in_network_flows,spr2
0.2,0.9997106481481481,perc_successful_flows,spr2
0.3,5030,total_flows,spr2
0.3,4874,successful_flows,spr2
0.3,0,dropped_flows,spr2
0.3,156,in_network_flows,spr2
0.3,1.0,perc_successful_flows,spr2
0.4,6263,total_flows,spr2
0.4,6022,successful_flows,spr2
0.4,27,dropped_flows,spr2
0.4,214,in_network_flows,spr2
0.4,0.9955364523061663,perc_successful_flows,spr2
0.5,6937,total_flows,spr2
0.5,6693,successful_flows,spr2
0.5,15,dropped_flows,spr2
0.5,229,in_network_flows,spr2
0.5,0.9977638640429338,perc_successful_flows,spr2
0.1,1947,total_flows,gpasp
0.1,1840,successful_flows,gpasp
0.1,0,dropped_flows,gpasp
0.1,107,in_network_flows,gpasp
0.1,1.0,perc_successful_flows,gpasp
0.2,3130,total_flows,gpasp
0.2,2903,successful_flows,gpasp
0.2,20,dropped_flows,gpasp
0.2,207,in_network_flows,gpasp
0.2,0.993157714676702,perc_successful_flows,gpasp
0.3,3958,total_flows,gpasp
0.3,3669,successful_flows,gpasp
0.3,65,dropped_flows,gpasp
0.3,224,in_network_flows,gpasp
0.3,0.9825923942153187,perc_successful_flows,gpasp
0.4,4665,total_flows,gpasp
0.4,4192,successful_flows,gpasp
0.4,204,dropped_flows,gpasp
0.4,269,in_network_flows,gpasp
0.4,0.9535941765241128,perc_successful_flows,gpasp
0.5,6323,total_flows,gpasp
0.5,5372,successful_flows,gpasp
0.5,541,dropped_flows,gpasp
0.5,410,in_network_flows,gpasp
0.5,0.9085066801961779,perc_successful_flows,gpasp
0.1,2005,total_flows,spr2
0.1,1933,successful_flows,spr2
0.1,0,dropped_flows,spr2
0.1,72,in_network_flows,spr2
0.1,1.0,perc_successful_flows,spr2
0.2,3057,total_flows,spr2
0.2,2942,successful_flows,spr2
0.2,5,dropped_flows,spr2
0.2,110,in_network_flows,spr2
0.2,0.99830335934849,perc_successful_flows,spr2
0.3,3978,total_flows,spr2
0.3,3786,successful_flows,spr2
0.3,12,dropped_flows,spr2
0.3,180,in_network_flows,spr2
0.3,0.9968404423380727,perc_successful_flows,spr2
0.4,4611,total_flows,spr2
0.4,4356,successful_flows,spr2
0.4,23,dropped_flows,spr2
0.4,232,in_network_flows,spr2
0.4,0.9947476592829413,perc_successful_flows,spr2
0.5,6357,total_flows,spr2
0.5,5624,successful_flows,spr2
0.5,360,dropped_flows,spr2
0.5,373,in_network_flows,spr2
0.5,0.9398395721925134,perc_successful_flows,spr2
0.1,664,total_flows,gpasp
0.1,645,successful_flows,gpasp
0.1,0,dropped_flows,gpasp
0.1,19,in_network_flows,gpasp
0.1,1.0,perc_successful_flows,gpasp
0.2,1331,total_flows,gpasp
0.2,1262,successful_flows,gpasp
0.2,0,dropped_flows,gpasp
0.2,69,in_network_flows,gpasp
0.2,1.0,perc_successful_flows,gpasp
0.3,1998,total_flows,gpasp
0.3,1908,successful_flows,gpasp
0.3,0,dropped_flows,gpasp
0.3,90,in_network_flows,gpasp
0.3,1.0,perc_successful_flows,gpasp
0.4,3360,total_flows,gpasp
0.4,3216,successful_flows,gpasp
0.4,2,dropped_flows,gpasp
0.4,142,in_network_flows,gpasp
0.4,0.9993784959602238,perc_successful_flows,gpasp
0.5,5365,total_flows,gpasp
0.5,4989,successful_flows,gpasp
0.5,107,dropped_flows,gpasp
0.5,269,in_network_flows,gpasp
0.5,0.9790031397174255,perc_successful_flows,gpasp
0.1,646,total_flows,spr2
0.1,620,successful_flows,spr2
0.1,0,dropped_flows,spr2
0.1,26,in_network_flows,spr2
0.1,1.0,perc_successful_flows,spr2
0.2,1268,total_flows,spr2
0.2,1216,successful_flows,spr2
0.2,0,dropped_flows,spr2
0.2,52,in_network_flows,spr2
0.2,1.0,perc_successful_flows,spr2
0.3,2009,total_flows,spr2
0.3,1932,successful_flows,spr2
0.3,0,dropped_flows,spr2
0.3,77,in_network_flows,spr2
0.3,1.0,perc_successful_flows,spr2
0.4,3276,total_flows,spr2
0.4,3162,successful_flows,spr2
0.4,0,dropped_flows,spr2
0.4,114,in_network_flows,spr2
0.4,1.0,perc_successful_flows,spr2
0.5,5409,total_flows,spr2
0.5,5207,successful_flows,spr2
0.5,6,dropped_flows,spr2
0.5,196,in_network_flows,spr2
0.5,0.9988490312679839,perc_successful_flows,spr2
0.1,1757,total_flows,gpasp
0.1,1690,successful_flows,gpasp
0.1,0,dropped_flows,gpasp
0.1,67,in_network_flows,gpasp
0.1,1.0,perc_successful_flows,gpasp
0.2,3119,total_flows,gpasp
0.2,2974,successful_flows,gpasp
0.2,5,dropped_flows,gpasp
0.2,140,in_network_flows,gpasp
0.2,0.9983215844243034,perc_successful_flows,gpasp
0.3,3750,total_flows,gpasp
0.3,3583,successful_flows,gpasp
0.3,15,dropped_flows,gpasp
0.3,152,in_network_flows,gpasp
0.3,0.9958310172317955,perc_successful_flows,gpasp
0.4,4390,total_flows,gpasp
0.4,4174,successful_flows,gpasp
0.4,21,dropped_flows,gpasp
0.4,195,in_network_flows,gpasp
0.4,0.9949940405244339,perc_successful_flows,gpasp
0.5,6494,total_flows,gpasp
0.5,6041,successful_flows,gpasp
0.5,120,dropped_flows,gpasp
0.5,333,in_network_flows,gpasp
0.5,0.9805226424281772,perc_successful_flows,gpasp
0.1,1758,total_flows,spr2
0.1,1695,successful_flows,spr2
0.1,0,dropped_flows,spr2
0.1,63,in_network_flows,spr2
0.1,1.0,perc_successful_flows,spr2
0.2,3153,total_flows,spr2
0.2,3031,successful_flows,spr2
0.2,0,dropped_flows,spr2
0.2,122,in_network_flows,spr2
0.2,1.0,perc_successful_flows,spr2
0.3,3736,total_flows,spr2
0.3,3599,successful_flows,spr2
0.3,1,dropped_flows,spr2
0.3,136,in_network_flows,spr2
0.3,0.9997222222222222,perc_successful_flows,spr2
0.4,4444,total_flows,spr2
0.4,4288,successful_flows,spr2
0.4,0,dropped_flows,spr2
0.4,156,in_network_flows,spr2
0.4,1.0,perc_successful_flows,spr2
0.5,6460,total_flows,spr2
0.5,6137,successful_flows,spr2
0.5,49,dropped_flows,spr2
0.5,274,in_network_flows,spr2
0.5,0.9920788878111866,perc_successful_flows,spr2
0.1,1112,total_flows,gpasp
0.1,1067,successful_flows,gpasp
0.1,0,dropped_flows,gpasp
0.1,45,in_network_flows,gpasp
0.1,1.0,perc_successful_flows,gpasp
0.2,3180,total_flows,gpasp
0.2,3045,successful_flows,gpasp
0.2,0,dropped_flows,gpasp
0.2,135,in_network_flows,gpasp
0.2,1.0,perc_successful_flows,gpasp
0.3,3800,total_flows,gpasp
0.3,3610,successful_flows,gpasp
0.3,2,dropped_flows,gpasp
0.3,188,in_network_flows,gpasp
0.3,0.9994462901439646,perc_successful_flows,gpasp
0.4,5337,total_flows,gpasp
0.4,5048,successful_flows,gpasp
0.4,4,dropped_flows,gpasp
0.4,285,in_network_flows,gpasp
0.4,0.9992082343626286,perc_successful_flows,gpasp
0.5,6939,total_flows,gpasp
0.5,6420,successful_flows,gpasp
0.5,83,dropped_flows,gpasp
0.5,436,in_network_flows,gpasp
0.5,0.9872366600030755,perc_successful_flows,gpasp
0.1,1073,total_flows,spr2
0.1,1034,successful_flows,spr2
0.1,0,dropped_flows,spr2
0.1,39,in_network_flows,spr2
0.1,1.0,perc_successful_flows,spr2
0.2,3082,total_flows,spr2
0.2,2958,successful_flows,spr2
0.2,0,dropped_flows,spr2
0.2,124,in_network_flows,spr2
0.2,1.0,perc_successful_flows,spr2
0.3,3854,total_flows,spr2
0.3,3709,successful_flows,spr2
0.3,0,dropped_flows,spr2
0.3,145,in_network_flows,spr2
0.3,1.0,perc_successful_flows,spr2
0.4,5346,total_flows,spr2
0.4,5137,successful_flows,spr2
0.4,3,dropped_flows,spr2
0.4,206,in_network_flows,spr2
0.4,0.9994163424124514,perc_successful_flows,spr2
0.5,7065,total_flows,spr2
0.5,6702,successful_flows,spr2
0.5,87,dropped_flows,spr2
0.5,276,in_network_flows,spr2
0.5,0.9871851524524967,perc_successful_flows,spr2
0.1,417,total_flows,gpasp
0.1,405,successful_flows,gpasp
0.1,0,dropped_flows,gpasp
0.1,12,in_network_flows,gpasp
0.1,1.0,perc_successful_flows,gpasp
0.2,1326,total_flows,gpasp
0.2,1272,successful_flows,gpasp
0.2,0,dropped_flows,gpasp
0.2,54,in_network_flows,gpasp
0.2,1.0,perc_successful_flows,gpasp
0.3,3462,total_flows,gpasp
0.3,3315,successful_flows,gpasp
0.3,6,dropped_flows,gpasp
0.3,141,in_network_flows,gpasp
0.3,0.998193315266486,perc_successful_flows,gpasp
0.4,5078,total_flows,gpasp
0.4,4766,successful_flows,gpasp
0.4,65,dropped_flows,gpasp
0.4,247,in_network_flows,gpasp
0.4,0.9865452287311116,perc_successful_flows,gpasp
0.5,6681,total_flows,gpasp
0.5,6134,successful_flows,gpasp
0.5,177,dropped_flows,gpasp
0.5,370,in_network_flows,gpasp
0.5,0.9719537315797814,perc_successful_flows,gpasp
0.1,413,total_flows,spr2
0.1,399,successful_flows,spr2
0.1,0,dropped_flows,spr2
0.1,14,in_network_flows,spr2
0.1,1.0,perc_successful_flows,spr2
0.2,1369,total_flows,spr2
0.2,1318,successful_flows,spr2
0.2,0,dropped_flows,spr2
0.2,51,in_network_flows,spr2
0.2,1.0,perc_successful_flows,spr2
0.3,3593,total_flows,spr2
0.3,3467,successful_flows,spr2
0.3,1,dropped_flows,spr2
0.3,125,in_network_flows,spr2
0.3,0.9997116493656286,perc_successful_flows,spr2
0.4,5107,total_flows,spr2
0.4,4923,successful_flows,spr2
0.4,8,dropped_flows,spr2
0.4,176,in_network_flows,spr2
0.4,0.998377611032245,perc_successful_flows,spr2
0.5,6693,total_flows,spr2
0.5,6394,successful_flows,spr2
0.5,29,dropped_flows,spr2
0.5,270,in_network_flows,spr2
0.5,0.9954849758679745,perc_successful_flows,spr2
0.1,862,total_flows,gpasp
0.1,824,successful_flows,gpasp
0.1,0,dropped_flows,gpasp
0.1,38,in_network_flows,gpasp
0.1,1.0,perc_successful_flows,gpasp
0.2,1960,total_flows,gpasp
0.2,1877,successful_flows,gpasp
0.2,0,dropped_flows,gpasp
0.2,83,in_network_flows,gpasp
0.2,1.0,perc_successful_flows,gpasp
0.3,3728,total_flows,gpasp
0.3,3538,successful_flows,gpasp
0.3,0,dropped_flows,gpasp
0.3,190,in_network_flows,gpasp
0.3,1.0,perc_successful_flows,gpasp
0.4,5080,total_flows,gpasp
0.4,4743,successful_flows,gpasp
0.4,14,dropped_flows,gpasp
0.4,323,in_network_flows,gpasp
0.4,0.9970569686777381,perc_successful_flows,gpasp
0.5,6412,total_flows,gpasp
0.5,5819,successful_flows,gpasp
0.5,127,dropped_flows,gpasp
0.5,466,in_network_flows,gpasp
0.5,0.9786411032626976,perc_successful_flows,gpasp
0.1,847,total_flows,spr2
0.1,817,successful_flows,spr2
0.1,0,dropped_flows,spr2
0.1,30,in_network_flows,spr2
0.1,1.0,perc_successful_flows,spr2
0.2,2028,total_flows,spr2
0.2,1958,successful_flows,spr2
0.2,0,dropped_flows,spr2
0.2,70,in_network_flows,spr2
0.2,1.0,perc_successful_flows,spr2
0.3,3757,total_flows,spr2
0.3,3611,successful_flows,spr2
0.3,0,dropped_flows,spr2
0.3,146,in_network_flows,spr2
0.3,1.0,perc_successful_flows,spr2
0.4,5252,total_flows,spr2
0.4,5048,successful_flows,spr2
0.4,1,dropped_flows,spr2
0.4,203,in_network_flows,spr2
0.4,0.9998019409784116,perc_successful_flows,spr2
0.5,6330,total_flows,spr2
0.5,5989,successful_flows,spr2
0.5,54,dropped_flows,spr2
0.5,287,in_network_flows,spr2
0.5,0.991064041039219,perc_successful_flows,spr2
0.1,651,total_flows,gpasp
0.1,624,successful_flows,gpasp
0.1,0,dropped_flows,gpasp
0.1,27,in_network_flows,gpasp
0.1,1.0,perc_successful_flows,gpasp
0.2,2007,total_flows,gpasp
0.2,1921,successful_flows,gpasp
0.2,0,dropped_flows,gpasp
0.2,86,in_network_flows,gpasp
0.2,1.0,perc_successful_flows,gpasp
0.3,2655,total_flows,gpasp
0.3,2524,successful_flows,gpasp
0.3,0,dropped_flows,gpasp
0.3,131,in_network_flows,gpasp
0.3,1.0,perc_successful_flows,gpasp
0.4,4222,total_flows,gpasp
0.4,3951,successful_flows,gpasp
0.4,20,dropped_flows,gpasp
0.4,251,in_network_flows,gpasp
0.4,0.9949634852681944,perc_successful_flows,gpasp
0.5,4910,total_flows,gpasp
0.5,4481,successful_flows,gpasp
0.5,92,dropped_flows,gpasp
0.5,337,in_network_flows,gpasp
0.5,0.9798819155915154,perc_successful_flows,gpasp
0.1,624,total_flows,spr2
0.1,597,successful_flows,spr2
0.1,0,dropped_flows,spr2
0.1,27,in_network_flows,spr2
0.1,1.0,perc_successful_flows,spr2
0.2,2034,total_flows,spr2
0.2,1963,successful_flows,spr2
0.2,0,dropped_flows,spr2
0.2,71,in_network_flows,spr2
0.2,1.0,perc_successful_flows,spr2
0.3,2671,total_flows,spr2
0.3,2562,successful_flows,spr2
0.3,0,dropped_flows,spr2
0.3,109,in_network_flows,spr2
0.3,1.0,perc_successful_flows,spr2
0.4,4201,total_flows,spr2
0.4,4013,successful_flows,spr2
0.4,4,dropped_flows,spr2
0.4,184,in_network_flows,spr2
0.4,0.9990042320139407,perc_successful_flows,spr2
0.5,4858,total_flows,spr2
0.5,4637,successful_flows,spr2
0.5,1,dropped_flows,spr2
0.5,220,in_network_flows,spr2
0.5,0.9997843898231996,perc_successful_flows,spr2
0.1,912,total_flows,gpasp
0.1,877,successful_flows,gpasp
0.1,0,dropped_flows,gpasp
0.1,35,in_network_flows,gpasp
0.1,1.0,perc_successful_flows,gpasp
0.2,2408,total_flows,gpasp
0.2,2296,successful_flows,gpasp
0.2,0,dropped_flows,gpasp
0.2,112,in_network_flows,gpasp
0.2,1.0,perc_successful_flows,gpasp
0.3,3944,total_flows,gpasp
0.3,3753,successful_flows,gpasp
0.3,0,dropped_flows,gpasp
0.3,191,in_network_flows,gpasp
0.3,1.0,perc_successful_flows,gpasp
0.4,5316,total_flows,gpasp
0.4,5068,successful_flows,gpasp
0.4,0,dropped_flows,gpasp
0.4,248,in_network_flows,gpasp
0.4,1.0,perc_successful_flows,gpasp
0.5,6859,total_flows,gpasp
0.5,6418,successful_flows,gpasp
0.5,21,dropped_flows,gpasp
0.5,420,in_network_flows,gpasp
0.5,0.9967386240099394,perc_successful_flows,gpasp
0.1,856,total_flows,spr2
0.1,825,successful_flows,spr2
0.1,0,dropped_flows,spr2
0.1,31,in_network_flows,spr2
0.1,1.0,perc_successful_flows,spr2
0.2,2492,total_flows,spr2
0.2,2395,successful_flows,spr2
0.2,0,dropped_flows,spr2
0.2,97,in_network_flows,spr2
0.2,1.0,perc_successful_flows,spr2
0.3,4053,total_flows,spr2
0.3,3893,successful_flows,spr2
0.3,0,dropped_flows,spr2
0.3,160,in_network_flows,spr2
0.3,1.0,perc_successful_flows,spr2
0.4,5344,total_flows,spr2
0.4,5106,successful_flows,spr2
0.4,10,dropped_flows,spr2
0.4,228,in_network_flows,spr2
0.4,0.9980453479280688,perc_successful_flows,spr2
0.5,6841,total_flows,spr2
0.5,6425,successful_flows,spr2
0.5,101,dropped_flows,spr2
0.5,315,in_network_flows,spr2
0.5,0.9845234446828073,perc_successful_flows,spr2
0.1,2219,total_flows,gpasp
0.1,2126,successful_flows,gpasp
0.1,0,dropped_flows,gpasp
0.1,93,in_network_flows,gpasp
0.1,1.0,perc_successful_flows,gpasp
0.2,3375,total_flows,gpasp
0.2,3188,successful_flows,gpasp
0.2,0,dropped_flows,gpasp
0.2,187,in_network_flows,gpasp
0.2,1.0,perc_successful_flows,gpasp
0.3,3998,total_flows,gpasp
0.3,3765,successful_flows,gpasp
0.3,6,dropped_flows,gpasp
0.3,227,in_network_flows,gpasp
0.3,0.9984089101034208,perc_successful_flows,gpasp
0.4,4472,total_flows,gpasp
0.4,4135,successful_flows,gpasp
0.4,36,dropped_flows,gpasp
0.4,301,in_network_flows,gpasp
0.4,0.9913689762646847,perc_successful_flows,gpasp
0.5,5873,total_flows,gpasp
0.5,4897,successful_flows,gpasp
0.5,480,dropped_flows,gpasp
0.5,496,in_network_flows,gpasp
0.5,0.9107308908313185,perc_successful_flows,gpasp
0.1,2257,total_flows,spr2
0.1,2174,successful_flows,spr2
0.1,0,dropped_flows,spr2
0.1,83,in_network_flows,spr2
0.1,1.0,perc_successful_flows,spr2
0.2,3359,total_flows,spr2
0.2,3243,successful_flows,spr2
0.2,0,dropped_flows,spr2
0.2,116,in_network_flows,spr2
0.2,1.0,perc_successful_flows,spr2
0.3,3968,total_flows,spr2
0.3,3820,successful_flows,spr2
0.3,4,dropped_flows,spr2
0.3,144,in_network_flows,spr2
0.3,0.9989539748953975,perc_successful_flows,spr2
0.4,4447,total_flows,spr2
0.4,4274,successful_flows,spr2
0.4,7,dropped_flows,spr2
0.4,166,in_network_flows,spr2
0.4,0.9983648680214903,perc_successful_flows,spr2
0.5,5768,total_flows,spr2
0.5,5417,successful_flows,spr2
0.5,70,dropped_flows,spr2
0.5,281,in_network_flows,spr2
0.5,0.9872425733552032,perc_successful_flows,spr2
0.1,1096,total_flows,gpasp
0.1,1035,successful_flows,gpasp
0.1,0,dropped_flows,gpasp
0.1,61,in_network_flows,gpasp
0.1,1.0,perc_successful_flows,gpasp
0.2,1773,total_flows,gpasp
0.2,1680,successful_flows,gpasp
0.2,0,dropped_flows,gpasp
0.2,93,in_network_flows,gpasp
0.2,1.0,perc_successful_flows,gpasp
0.3,2734,total_flows,gpasp
0.3,2596,successful_flows,gpasp
0.3,3,dropped_flows,gpasp
0.3,135,in_network_flows,gpasp
0.3,0.9988457098884186,perc_successful_flows,gpasp
0.4,4466,total_flows,gpasp
0.4,4083,successful_flows,gpasp
0.4,70,dropped_flows,gpasp
0.4,313,in_network_flows,gpasp
0.4,0.9831447146640983,perc_successful_flows,gpasp
0.5,6312,total_flows,gpasp
0.5,5292,successful_flows,gpasp
0.5,535,dropped_flows,gpasp
0.5,485,in_network_flows,gpasp
0.5,0.9081860305474515,perc_successful_flows,gpasp
0.1,1113,total_flows,spr2
0.1,1074,successful_flows,spr2
0.1,0,dropped_flows,spr2
0.1,39,in_network_flows,spr2
0.1,1.0,perc_successful_flows,spr2
0.2,1794,total_flows,spr2
0.2,1735,successful_flows,spr2
0.2,0,dropped_flows,spr2
0.2,59,in_network_flows,spr2
0.2,1.0,perc_successful_flows,spr2
0.3,2734,total_flows,spr2
0.3,2628,successful_flows,spr2
0.3,1,dropped_flows,spr2
0.3,105,in_network_flows,spr2
0.3,0.99961962723469,perc_successful_flows,spr2
0.4,4544,total_flows,spr2
0.4,4339,successful_flows,spr2
0.4,16,dropped_flows,spr2
0.4,189,in_network_flows,spr2
0.4,0.9963260619977038,perc_successful_flows,spr2
0.5,6196,total_flows,spr2
0.5,5818,successful_flows,spr2
0.5,92,dropped_flows,spr2
0.5,286,in_network_flows,spr2
0.5,0.9844331641285956,perc_successful_flows,spr2
0.1,1588,total_flows,gpasp
0.1,1513,successful_flows,gpasp
0.1,0,dropped_flows,gpasp
0.1,75,in_network_flows,gpasp
0.1,1.0,perc_successful_flows,gpasp
0.2,2294,total_flows,gpasp
0.2,2199,successful_flows,gpasp
0.2,0,dropped_flows,gpasp
0.2,95,in_network_flows,gpasp
0.2,1.0,perc_successful_flows,gpasp
0.3,4351,total_flows,gpasp
0.3,4056,successful_flows,gpasp
0.3,4,dropped_flows,gpasp
0.3,291,in_network_flows,gpasp
0.3,0.9990147783251232,perc_successful_flows,gpasp
0.4,5584,total_flows,gpasp
0.4,5018,successful_flows,gpasp
0.4,118,dropped_flows,gpasp
0.4,448,in_network_flows,gpasp
0.4,0.9770249221183801,perc_successful_flows,gpasp
0.5,6720,total_flows,gpasp
0.5,5596,successful_flows,gpasp
0.5,588,dropped_flows,gpasp
0.5,536,in_network_flows,gpasp
0.5,0.9049159120310478,perc_successful_flows,gpasp
0.1,1547,total_flows,spr2
0.1,1484,successful_flows,spr2
0.1,3,dropped_flows,spr2
0.1,60,in_network_flows,spr2
0.1,0.9979825151311366,perc_successful_flows,spr2
0.2,2229,total_flows,spr2
0.2,2138,successful_flows,spr2
0.2,0,dropped_flows,spr2
0.2,91,in_network_flows,spr2
0.2,1.0,perc_successful_flows,spr2
0.3,4433,total_flows,spr2
0.3,4212,successful_flows,spr2
0.3,9,dropped_flows,spr2
0.3,212,in_network_flows,spr2
0.3,0.997867803837953,perc_successful_flows,spr2
0.4,5503,total_flows,spr2
0.4,5164,successful_flows,spr2
0.4,41,dropped_flows,spr2
0.4,298,in_network_flows,spr2
0.4,0.9921229586935639,perc_successful_flows,spr2
0.5,6648,total_flows,spr2
0.5,6108,successful_flows,spr2
0.5,182,dropped_flows,spr2
0.5,358,in_network_flows,spr2
0.5,0.9710651828298887,perc_successful_flows,spr2
0.1,663,total_flows,gpasp
0.1,635,successful_flows,gpasp
0.1,0,dropped_flows,gpasp
0.1,28,in_network_flows,gpasp
0.1,1.0,perc_successful_flows,gpasp
0.2,2656,total_flows,gpasp
0.2,2455,successful_flows,gpasp
0.2,2,dropped_flows,gpasp
0.2,199,in_network_flows,gpasp
0.2,0.9991859991859992,perc_successful_flows,gpasp
0.3,3784,total_flows,gpasp
0.3,3307,successful_flows,gpasp
0.3,104,dropped_flows,gpasp
0.3,373,in_network_flows,gpasp
0.3,0.9695104075051305,perc_successful_flows,gpasp
0.4,6474,total_flows,gpasp
0.4,4620,successful_flows,gpasp
0.4,1260,dropped_flows,gpasp
0.4,594,in_network_flows,gpasp
0.4,0.7857142857142857,perc_successful_flows,gpasp
0.5,7553,total_flows,gpasp
0.5,5043,successful_flows,gpasp
0.5,1837,dropped_flows,gpasp
0.5,673,in_network_flows,gpasp
0.5,0.7329941860465117,perc_successful_flows,gpasp
0.1,653,total_flows,spr2
0.1,631,successful_flows,spr2
0.1,0,dropped_flows,spr2
0.1,22,in_network_flows,spr2
0.1,1.0,perc_successful_flows,spr2
0.2,2610,total_flows,spr2
0.2,2522,successful_flows,spr2
0.2,0,dropped_flows,spr2
0.2,88,in_network_flows,spr2
0.2,1.0,perc_successful_flows,spr2
0.3,3727,total_flows,spr2
0.3,3569,successful_flows,spr2
0.3,2,dropped_flows,spr2
0.3,156,in_network_flows,spr2
0.3,0.999439932791935,perc_successful_flows,spr2
0.4,6407,total_flows,spr2
0.4,5409,successful_flows,spr2
0.4,581,dropped_flows,spr2
0.4,417,in_network_flows,spr2
0.4,0.9030050083472454,perc_successful_flows,spr2
0.5,7611,total_flows,spr2
0.5,5772,successful_flows,spr2
0.5,1351,dropped_flows,spr2
0.5,488,in_network_flows,spr2
0.5,0.8103327249754317,perc_successful_flows,spr2
0.1,2053,total_flows,gpasp
0.1,1979,successful_flows,gpasp
0.1,0,dropped_flows,gpasp
0.1,74,in_network_flows,gpasp
0.1,1.0,perc_successful_flows,gpasp
0.2,3575,total_flows,gpasp
0.2,3466,successful_flows,gpasp
0.2,0,dropped_flows,gpasp
0.2,109,in_network_flows,gpasp
0.2,1.0,perc_successful_flows,gpasp
0.3,5520,total_flows,gpasp
0.3,5310,successful_flows,gpasp
0.3,0,dropped_flows,gpasp
0.3,210,in_network_flows,gpasp
0.3,1.0,perc_successful_flows,gpasp
0.4,6911,total_flows,gpasp
0.4,6658,successful_flows,gpasp
0.4,0,dropped_flows,gpasp
0.4,253,in_network_flows,gpasp
0.4,1.0,perc_successful_flows,gpasp
0.5,7787,total_flows,gpasp
0.5,7464,successful_flows,gpasp
0.5,4,dropped_flows,gpasp
0.5,319,in_network_flows,gpasp
0.5,0.9994643813604713,perc_successful_flows,gpasp
0.1,2009,total_flows,spr2
0.1,1942,successful_flows,spr2
0.1,0,dropped_flows,spr2
0.1,67,in_network_flows,spr2
0.1,1.0,perc_successful_flows,spr2
0.2,3594,total_flows,spr2
0.2,3490,successful_flows,spr2
0.2,0,dropped_flows,spr2
0.2,104,in_network_flows,spr2
0.2,1.0,perc_successful_flows,spr2
0.3,5534,total_flows,spr2
0.3,5333,successful_flows,spr2
0.3,1,dropped_flows,spr2
0.3,200,in_network_flows,spr2
0.3,0.9998125234345707,perc_successful_flows,spr2
0.4,6834,total_flows,spr2
0.4,6576,successful_flows,spr2
0.4,13,dropped_flows,spr2
0.4,245,in_network_flows,spr2
0.4,0.9980270147215056,perc_successful_flows,spr2
0.5,7816,total_flows,spr2
0.5,7519,successful_flows,spr2
0.5,29,dropped_flows,spr2
0.5,268,in_network_flows,spr2
0.5,0.9961579226285109,perc_successful_flows,spr2
0.1,876,total_flows,gpasp
0.1,840,successful_flows,gpasp
0.1,0,dropped_flows,gpasp
0.1,36,in_network_flows,gpasp
0.1,1.0,perc_successful_flows,gpasp
0.2,1761,total_flows,gpasp
0.2,1670,successful_flows,gpasp
0.2,0,dropped_flows,gpasp
0.2,91,in_network_flows,gpasp
0.2,1.0,perc_successful_flows,gpasp
0.3,3354,total_flows,gpasp
0.3,3172,successful_flows,gpasp
0.3,0,dropped_flows,gpasp
0.3,182,in_network_flows,gpasp
0.3,1.0,perc_successful_flows,gpasp
0.4,4494,total_flows,gpasp
0.4,4125,successful_flows,gpasp
0.4,70,dropped_flows,gpasp
0.4,299,in_network_flows,gpasp
0.4,0.9833134684147795,perc_successful_flows,gpasp
0.5,5491,total_flows,gpasp
0.5,4880,successful_flows,gpasp
0.5,242,dropped_flows,gpasp
0.5,369,in_network_flows,gpasp
0.5,0.9527528309254197,perc_successful_flows,gpasp
0.1,895,total_flows,spr2
0.1,863,successful_flows,spr2
0.1,0,dropped_flows,spr2
0.1,32,in_network_flows,spr2
0.1,1.0,perc_successful_flows,spr2
0.2,1765,total_flows,spr2
0.2,1685,successful_flows,spr2
0.2,0,dropped_flows,spr2
0.2,80,in_network_flows,spr2
0.2,1.0,perc_successful_flows,spr2
0.3,3351,total_flows,spr2
0.3,3215,successful_flows,spr2
0.3,7,dropped_flows,spr2
0.3,129,in_network_flows,spr2
0.3,0.9978274363749224,perc_successful_flows,spr2
0.4,4416,total_flows,spr2
0.4,4217,successful_flows,spr2
0.4,3,dropped_flows,spr2
0.4,196,in_network_flows,spr2
0.4,0.9992890995260664,perc_successful_flows,spr2
0.5,5581,total_flows,spr2
0.5,5297,successful_flows,spr2
0.5,34,dropped_flows,spr2
0.5,250,in_network_flows,spr2
0.5,0.9936222097167511,perc_successful_flows,spr2
0.1,1334,total_flows,gpasp
0.1,1274,successful_flows,gpasp
0.1,0,dropped_flows,gpasp
0.1,60,in_network_flows,gpasp
0.1,1.0,perc_successful_flows,gpasp
0.2,2653,total_flows,gpasp
0.2,2519,successful_flows,gpasp
0.2,2,dropped_flows,gpasp
0.2,132,in_network_flows,gpasp
0.2,0.9992066640222134,perc_successful_flows,gpasp
0.3,4239,total_flows,gpasp
0.3,3875,successful_flows,gpasp
0.3,120,dropped_flows,gpasp
0.3,244,in_network_flows,gpasp
0.3,0.9699624530663329,perc_successful_flows,gpasp
0.4,4827,total_flows,gpasp
0.4,4385,successful_flows,gpasp
0.4,176,dropped_flows,gpasp
0.4,266,in_network_flows,gpasp
0.4,0.9614119710589782,perc_successful_flows,gpasp
0.5,5718,total_flows,gpasp
0.5,5128,successful_flows,gpasp
0.5,244,dropped_flows,gpasp
0.5,346,in_network_flows,gpasp
0.5,0.9545793000744601,perc_successful_flows,gpasp
0.1,1342,total_flows,spr2
0.1,1292,successful_flows,spr2
0.1,0,dropped_flows,spr2
0.1,50,in_network_flows,spr2
0.1,1.0,perc_successful_flows,spr2
0.2,2681,total_flows,spr2
0.2,2581,successful_flows,spr2
0.2,0,dropped_flows,spr2
0.2,100,in_network_flows,spr2
0.2,1.0,perc_successful_flows,spr2
0.3,4129,total_flows,spr2
0.3,3951,successful_flows,spr2
0.3,6,dropped_flows,spr2
0.3,172,in_network_flows,spr2
0.3,0.9984836997725549,perc_successful_flows,spr2
0.4,4946,total_flows,spr2
0.4,4726,successful_flows,spr2
0.4,24,dropped_flows,spr2
0.4,196,in_network_flows,spr2
0.4,0.9949473684210526,perc_successful_flows,spr2
0.5,5733,total_flows,spr2
0.5,5414,successful_flows,spr2
0.5,71,dropped_flows,spr2
0.5,248,in_network_flows,spr2
0.5,0.9870556061987238,perc_successful_flows,spr2
0.1,1096,total_flows,gpasp
0.1,1063,successful_flows,gpasp
0.1,0,dropped_flows,gpasp
0.1,33,in_network_flows,gpasp
0.1,1.0,perc_successful_flows,gpasp
0.2,2844,total_flows,gpasp
0.2,2762,successful_flows,gpasp
0.2,0,dropped_flows,gpasp
0.2,82,in_network_flows,gpasp
0.2,1.0,perc_successful_flows,gpasp
0.3,4037,total_flows,gpasp
0.3,3885,successful_flows,gpasp
0.3,0,dropped_flows,gpasp
0.3,152,in_network_flows,gpasp
0.3,1.0,perc_successful_flows,gpasp
0.4,5996,total_flows,gpasp
0.4,5736,successful_flows,gpasp
0.4,22,dropped_flows,gpasp
0.4,238,in_network_flows,gpasp
0.4,0.9961792288989232,perc_successful_flows,gpasp
0.5,7612,total_flows,gpasp
0.5,7195,successful_flows,gpasp
0.5,111,dropped_flows,gpasp
0.5,306,in_network_flows,gpasp
0.5,0.9848070079386806,perc_successful_flows,gpasp
0.1,1113,total_flows,spr2
0.1,1084,successful_flows,spr2
0.1,0,dropped_flows,spr2
0.1,29,in_network_flows,spr2
0.1,1.0,perc_successful_flows,spr2
0.2,2908,total_flows,spr2
0.2,2804,successful_flows,spr2
0.2,0,dropped_flows,spr2
0.2,104,in_network_flows,spr2
0.2,1.0,perc_successful_flows,spr2
0.3,4024,total_flows,spr2
0.3,3887,successful_flows,spr2
0.3,0,dropped_flows,spr2
0.3,137,in_network_flows,spr2
0.3,1.0,perc_successful_flows,spr2
0.4,6033,total_flows,spr2
0.4,5800,successful_flows,spr2
0.4,0,dropped_flows,spr2
0.4,233,in_network_flows,spr2
0.4,1.0,perc_successful_flows,spr2
0.5,7614,total_flows,spr2
0.5,7293,successful_flows,spr2
0.5,25,dropped_flows,spr2
0.5,296,in_network_flows,spr2
0.5,0.9965837660562995,perc_successful_flows,spr2
0.1,1104,total_flows,gpasp
0.1,1062,successful_flows,gpasp
0.1,0,dropped_flows,gpasp
0.1,42,in_network_flows,gpasp
0.1,1.0,perc_successful_flows,gpasp
0.2,2270,total_flows,gpasp
0.2,2145,successful_flows,gpasp
0.2,0,dropped_flows,gpasp
0.2,125,in_network_flows,gpasp
0.2,1.0,perc_successful_flows,gpasp
0.3,3351,total_flows,gpasp
0.3,3097,successful_flows,gpasp
0.3,5,dropped_flows,gpasp
0.3,249,in_network_flows,gpasp
0.3,0.998388136686009,perc_successful_flows,gpasp
0.4,5314,total_flows,gpasp
0.4,4515,successful_flows,gpasp
0.4,355,dropped_flows,gpasp
0.4,444,in_network_flows,gpasp
0.4,0.9271047227926078,perc_successful_flows,gpasp
0.5,6333,total_flows,gpasp
0.5,5029,successful_flows,gpasp
0.5,799,dropped_flows,gpasp
0.5,505,in_network_flows,gpasp
0.5,0.8629032258064516,perc_successful_flows,gpasp
0.1,1138,total_flows,spr2
0.1,1094,successful_flows,spr2
0.1,0,dropped_flows,spr2
0.1,44,in_network_flows,spr2
0.1,1.0,perc_successful_flows,spr2
0.2,2274,total_flows,spr2
0.2,2190,successful_flows,spr2
0.2,0,dropped_flows,spr2
0.2,84,in_network_flows,spr2
0.2,1.0,perc_successful_flows,spr2
0.3,3424,total_flows,spr2
0.3,3238,successful_flows,spr2
0.3,7,dropped_flows,spr2
0.3,179,in_network_flows,spr2
0.3,0.9978428351309707,perc_successful_flows,spr2
0.4,5302,total_flows,spr2
0.4,4630,successful_flows,spr2
0.4,363,dropped_flows,spr2
0.4,309,in_network_flows,spr2
0.4,0.9272982175045064,perc_successful_flows,spr2
0.5,6234,total_flows,spr2
0.5,5054,successful_flows,spr2
0.5,812,dropped_flows,spr2
0.5,368,in_network_flows,spr2
0.5,0.8615751789976134,perc_successful_flows,spr2
0.1,1332,total_flows,gpasp
0.1,1294,successful_flows,gpasp
0.1,0,dropped_flows,gpasp
0.1,38,in_network_flows,gpasp
0.1,1.0,perc_successful_flows,gpasp
0.2,2730,total_flows,gpasp
0.2,2644,successful_flows,gpasp
0.2,0,dropped_flows,gpasp
0.2,86,in_network_flows,gpasp
0.2,1.0,perc_successful_flows,gpasp
0.3,3342,total_flows,gpasp
0.3,3239,successful_flows,gpasp
0.3,0,dropped_flows,gpasp
0.3,103,in_network_flows,gpasp
0.3,1.0,perc_successful_flows,gpasp
0.4,4207,total_flows,gpasp
0.4,4053,successful_flows,gpasp
0.4,0,dropped_flows,gpasp
0.4,154,in_network_flows,gpasp
0.4,1.0,perc_successful_flows,gpasp
0.5,5799,total_flows,gpasp
0.5,5559,successful_flows,gpasp
0.5,2,dropped_flows,gpasp
0.5,238,in_network_flows,gpasp
0.5,0.9996403524545945,perc_successful_flows,gpasp
0.1,1384,total_flows,spr2
0.1,1336,successful_flows,spr2
0.1,0,dropped_flows,spr2
0.1,48,in_network_flows,spr2
0.1,1.0,perc_successful_flows,spr2
0.2,2725,total_flows,spr2
0.2,2641,successful_flows,spr2
0.2,0,dropped_flows,spr2
0.2,84,in_network_flows,spr2
0.2,1.0,perc_successful_flows,spr2
0.3,3274,total_flows,spr2
0.3,3164,successful_flows,spr2
0.3,0,dropped_flows,spr2
0.3,110,in_network_flows,spr2
0.3,1.0,perc_successful_flows,spr2
0.4,4191,total_flows,spr2
0.4,4059,successful_flows,spr2
0.4,0,dropped_flows,spr2
0.4,132,in_network_flows,spr2
0.4,1.0,perc_successful_flows,spr2
0.5,5738,total_flows,spr2
0.5,5531,successful_flows,spr2
0.5,1,dropped_flows,spr2
0.5,206,in_network_flows,spr2
0.5,0.999819233550253,perc_successful_flows,spr2
0.1,1729,total_flows,gpasp
0.1,1674,successful_flows,gpasp
0.1,0,dropped_flows,gpasp
0.1,55,in_network_flows,gpasp
0.1,1.0,perc_successful_flows,gpasp
0.2,3126,total_flows,gpasp
0.2,3008,successful_flows,gpasp
0.2,0,dropped_flows,gpasp
0.2,118,in_network_flows,gpasp
0.2,1.0,perc_successful_flows,gpasp
0.3,4183,total_flows,gpasp
0.3,3986,successful_flows,gpasp
0.3,0,dropped_flows,gpasp
0.3,197,in_network_flows,gpasp
0.3,1.0,perc_successful_flows,gpasp
0.4,4660,total_flows,gpasp
0.4,4460,successful_flows,gpasp
0.4,1,dropped_flows,gpasp
0.4,199,in_network_flows,gpasp
0.4,0.9997758350145707,perc_successful_flows,gpasp
0.5,5980,total_flows,gpasp
0.5,5603,successful_flows,gpasp
0.5,41,dropped_flows,gpasp
0.5,336,in_network_flows,gpasp
0.5,0.992735648476258,perc_successful_flows,gpasp
0.1,1766,total_flows,spr2
0.1,1702,successful_flows,spr2
0.1,0,dropped_flows,spr2
0.1,64,in_network_flows,spr2
0.1,1.0,perc_successful_flows,spr2
0.2,3170,total_flows,spr2
0.2,3056,successful_flows,spr2
0.2,0,dropped_flows,spr2
0.2,114,in_network_flows,spr2
0.2,1.0,perc_successful_flows,spr2
0.3,4280,total_flows,spr2
0.3,4118,successful_flows,spr2
0.3,0,dropped_flows,spr2
0.3,162,in_network_flows,spr2
0.3,1.0,perc_successful_flows,spr2
0.4,4726,total_flows,spr2
0.4,4537,successful_flows,spr2
0.4,6,dropped_flows,spr2
0.4,183,in_network_flows,spr2
0.4,0.99867928681488,perc_successful_flows,spr2
0.5,6019,total_flows,spr2
0.5,5777,successful_flows,spr2
0.5,11,dropped_flows,spr2
0.5,231,in_network_flows,spr2
0.5,0.9980995162404975,perc_successful_flows,spr2
0.1,1317,total_flows,gpasp
0.1,1239,successful_flows,gpasp
0.1,0,dropped_flows,gpasp
0.1,78,in_network_flows,gpasp
0.1,1.0,perc_successful_flows,gpasp
0.2,3329,total_flows,gpasp
0.2,3104,successful_flows,gpasp
0.2,15,dropped_flows,gpasp
0.2,210,in_network_flows,gpasp
0.2,0.9951907662712408,perc_successful_flows,gpasp
0.3,4383,total_flows,gpasp
0.3,3947,successful_flows,gpasp
0.3,96,dropped_flows,gpasp
0.3,340,in_network_flows,gpasp
0.3,0.9762552559980213,perc_successful_flows,gpasp
0.4,6230,total_flows,gpasp
0.4,5308,successful_flows,gpasp
0.4,468,dropped_flows,gpasp
0.4,454,in_network_flows,gpasp
0.4,0.9189750692520776,perc_successful_flows,gpasp
0.5,7589,total_flows,gpasp
0.5,6177,successful_flows,gpasp
0.5,828,dropped_flows,gpasp
0.5,584,in_network_flows,gpasp
0.5,0.8817987152034261,perc_successful_flows,gpasp
0.1,1331,total_flows,spr2
0.1,1279,successful_flows,spr2
0.1,0,dropped_flows,spr2
0.1,52,in_network_flows,spr2
0.1,1.0,perc_successful_flows,spr2
0.2,3381,total_flows,spr2
0.2,3253,successful_flows,spr2
0.2,0,dropped_flows,spr2
0.2,128,in_network_flows,spr2
0.2,1.0,perc_successful_flows,spr2
0.3,4423,total_flows,spr2
0.3,4265,successful_flows,spr2
0.3,0,dropped_flows,spr2
0.3,158,in_network_flows,spr2
0.3,1.0,perc_successful_flows,spr2
0.4,6154,total_flows,spr2
0.4,5803,successful_flows,spr2
0.4,32,dropped_flows,spr2
0.4,319,in_network_flows,spr2
0.4,0.994515852613539,perc_successful_flows,spr2
0.5,7487,total_flows,spr2
0.5,6818,successful_flows,spr2
0.5,287,dropped_flows,spr2
0.5,382,in_network_flows,spr2
0.5,0.9596059113300492,perc_successful_flows,spr2
0.1,1362,total_flows,gpasp
0.1,1311,successful_flows,gpasp
0.1,0,dropped_flows,gpasp
0.1,51,in_network_flows,gpasp
0.1,1.0,perc_successful_flows,gpasp
0.2,2508,total_flows,gpasp
0.2,2405,successful_flows,gpasp
0.2,0,dropped_flows,gpasp
0.2,103,in_network_flows,gpasp
0.2,1.0,perc_successful_flows,gpasp
0.3,4001,total_flows,gpasp
0.3,3828,successful_flows,gpasp
0.3,0,dropped_flows,gpasp
0.3,173,in_network_flows,gpasp
0.3,1.0,perc_successful_flows,gpasp
0.4,5347,total_flows,gpasp
0.4,5086,successful_flows,gpasp
0.4,0,dropped_flows,gpasp
0.4,261,in_network_flows,gpasp
0.4,1.0,perc_successful_flows,gpasp
0.5,6978,total_flows,gpasp
0.5,6328,successful_flows,gpasp
0.5,164,dropped_flows,gpasp
0.5,486,in_network_flows,gpasp
0.5,0.9747381392483057,perc_successful_flows,gpasp
0.1,1302,total_flows,spr2
0.1,1261,successful_flows,spr2
0.1,0,dropped_flows,spr2
0.1,41,in_network_flows,spr2
0.1,1.0,perc_successful_flows,spr2
0.2,2409,total_flows,spr2
0.2,2311,successful_flows,spr2
0.2,0,dropped_flows,spr2
0.2,98,in_network_flows,spr2
0.2,1.0,perc_successful_flows,spr2
0.3,3932,total_flows,spr2
0.3,3801,successful_flows,spr2
0.3,0,dropped_flows,spr2
0.3,131,in_network_flows,spr2
0.3,1.0,perc_successful_flows,spr2
0.4,5309,total_flows,spr2
0.4,5104,successful_flows,spr2
0.4,12,dropped_flows,spr2
0.4,193,in_network_flows,spr2
0.4,0.9976544175136826,perc_successful_flows,spr2
0.5,6859,total_flows,spr2
0.5,6455,successful_flows,spr2
0.5,65,dropped_flows,spr2
0.5,339,in_network_flows,spr2
0.5,0.9900306748466258,perc_successful_flows,spr2
0.1,1119,total_flows,gpasp
0.1,1073,successful_flows,gpasp
0.1,0,dropped_flows,gpasp
0.1,46,in_network_flows,gpasp
0.1,1.0,perc_successful_flows,gpasp
0.2,2210,total_flows,gpasp
0.2,2099,successful_flows,gpasp
0.2,0,dropped_flows,gpasp
0.2,111,in_network_flows,gpasp
0.2,1.0,perc_successful_flows,gpasp
0.3,3329,total_flows,gpasp
0.3,3104,successful_flows,gpasp
0.3,1,dropped_flows,gpasp
0.3,224,in_network_flows,gpasp
0.3,0.9996779388083736,perc_successful_flows,gpasp
0.4,4945,total_flows,gpasp
0.4,4385,successful_flows,gpasp
0.4,174,dropped_flows,gpasp
0.4,386,in_network_flows,gpasp
0.4,0.9618337354683044,perc_successful_flows,gpasp
0.5,6030,total_flows,gpasp
0.5,5075,successful_flows,gpasp
0.5,444,dropped_flows,gpasp
0.5,511,in_network_flows,gpasp
0.5,0.9195506432324696,perc_successful_flows,gpasp
0.1,1072,total_flows,spr2
0.1,1037,successful_flows,spr2
0.1,0,dropped_flows,spr2
0.1,35,in_network_flows,spr2
0.1,1.0,perc_successful_flows,spr2
0.2,2284,total_flows,spr2
0.2,2209,successful_flows,spr2
0.2,0,dropped_flows,spr2
0.2,75,in_network_flows,spr2
0.2,1.0,perc_successful_flows,spr2
0.3,3451,total_flows,spr2
0.3,3313,successful_flows,spr2
0.3,1,dropped_flows,spr2
0.3,137,in_network_flows,spr2
0.3,0.9996982498491249,perc_successful_flows,spr2
0.4,4959,total_flows,spr2
0.4,4714,successful_flows,spr2
0.4,28,dropped_flows,spr2
0.4,217,in_network_flows,spr2
0.4,0.9940953184310417,perc_successful_flows,spr2
0.5,6066,total_flows,spr2
0.5,5658,successful_flows,spr2
0.5,147,dropped_flows,spr2
0.5,261,in_network_flows,spr2
0.5,0.9746770025839794,perc_successful_flows,spr2
0.1,658,total_flows,gpasp
0.1,624,successful_flows,gpasp
0.1,0,dropped_flows,gpasp
0.1,34,in_network_flows,gpasp
0.1,1.0,perc_successful_flows,gpasp
0.2,3198,total_flows,gpasp
0.2,2987,successful_flows,gpasp
0.2,18,dropped_flows,gpasp
0.2,193,in_network_flows,gpasp
0.2,0.9940099833610649,perc_successful_flows,gpasp
0.3,4220,total_flows,gpasp
0.3,3857,successful_flows,gpasp
0.3,69,dropped_flows,gpasp
0.3,294,in_network_flows,gpasp
0.3,0.9824248599083036,perc_successful_flows,gpasp
0.4,5000,total_flows,gpasp
0.4,4529,successful_flows,gpasp
0.4,131,dropped_flows,gpasp
0.4,340,in_network_flows,gpasp
0.4,0.9718884120171674,perc_successful_flows,gpasp
0.5,5892,total_flows,gpasp
0.5,5395,successful_flows,gpasp
0.5,151,dropped_flows,gpasp
0.5,346,in_network_flows,gpasp
0.5,0.9727731698521457,perc_successful_flows,gpasp
0.1,633,total_flows,spr2
0.1,600,successful_flows,spr2
0.1,0,dropped_flows,spr2
0.1,33,in_network_flows,spr2
0.1,1.0,perc_successful_flows,spr2
0.2,3094,total_flows,spr2
0.2,2983,successful_flows,spr2
0.2,0,dropped_flows,spr2
0.2,111,in_network_flows,spr2
0.2,1.0,perc_successful_flows,spr2
0.3,4246,total_flows,spr2
0.3,4081,successful_flows,spr2
0.3,0,dropped_flows,spr2
0.3,165,in_network_flows,spr2
0.3,1.0,perc_successful_flows,spr2
0.4,4914,total_flows,spr2
0.4,4723,successful_flows,spr2
0.4,1,dropped_flows,spr2
0.4,190,in_network_flows,spr2
0.4,0.9997883149872989,perc_successful_flows,spr2
0.5,5824,total_flows,spr2
0.5,5561,successful_flows,spr2
0.5,10,dropped_flows,spr2
0.5,253,in_network_flows,spr2
0.5,0.9982049901274457,perc_successful_flows,spr2
0.1,1101,total_flows,gpasp
0.1,1033,successful_flows,gpasp
0.1,0,dropped_flows,gpasp
0.1,68,in_network_flows,gpasp
0.1,1.0,perc_successful_flows,gpasp
0.2,2247,total_flows,gpasp
0.2,2107,successful_flows,gpasp
0.2,0,dropped_flows,gpasp
0.2,140,in_network_flows,gpasp
0.2,1.0,perc_successful_flows,gpasp
0.3,3784,total_flows,gpasp
0.3,3429,successful_flows,gpasp
0.3,62,dropped_flows,gpasp
0.3,293,in_network_flows,gpasp
0.3,0.9822400458321398,perc_successful_flows,gpasp
0.4,4663,total_flows,gpasp
0.4,4119,successful_flows,gpasp
0.4,179,dropped_flows,gpasp
0.4,365,in_network_flows,gpasp
0.4,0.9583527221963704,perc_successful_flows,gpasp
0.5,5952,total_flows,gpasp
0.5,5012,successful_flows,gpasp
0.5,435,dropped_flows,gpasp
0.5,505,in_network_flows,gpasp
0.5,0.9201395263447769,perc_successful_flows,gpasp
0.1,1115,total_flows,spr2
0.1,1071,successful_flows,spr2
0.1,0,dropped_flows,spr2
0.1,44,in_network_flows,spr2
0.1,1.0,perc_successful_flows,spr2
0.2,2264,total_flows,spr2
0.2,2179,successful_flows,spr2
0.2,0,dropped_flows,spr2
0.2,85,in_network_flows,spr2
0.2,1.0,perc_successful_flows,spr2
0.3,3837,total_flows,spr2
0.3,3670,successful_flows,spr2
0.3,4,dropped_flows,spr2
0.3,163,in_network_flows,spr2
0.3,0.9989112683723462,perc_successful_flows,spr2
0.4,4666,total_flows,spr2
0.4,4437,successful_flows,spr2
0.4,28,dropped_flows,spr2
0.4,201,in_network_flows,spr2
0.4,0.9937290033594625,perc_successful_flows,spr2
0.5,5990,total_flows,spr2
0.5,5537,successful_flows,spr2
0.5,181,dropped_flows,spr2
0.5,272,in_network_flows,spr2
0.5,0.9683455753760056,perc_successful_flows,spr2
0.1,1632,total_flows,gpasp
0.1,1559,successful_flows,gpasp
0.1,0,dropped_flows,gpasp
0.1,73,in_network_flows,gpasp
0.1,1.0,perc_successful_flows,gpasp
0.2,2899,total_flows,gpasp
0.2,2758,successful_flows,gpasp
0.2,4,dropped_flows,gpasp
0.2,137,in_network_flows,gpasp
0.2,0.998551774076756,perc_successful_flows,gpasp
0.3,4046,total_flows,gpasp
0.3,3843,successful_flows,gpasp
0.3,5,dropped_flows,gpasp
0.3,198,in_network_flows,gpasp
0.3,0.9987006237006237,perc_successful_flows,gpasp
0.4,4046,total_flows,gpasp
0.4,3843,successful_flows,gpasp
0.4,5,dropped_flows,gpasp
0.4,198,in_network_flows,gpasp
0.4,0.9987006237006237,perc_successful_flows,gpasp
0.5,5347,total_flows,gpasp
0.5,5014,successful_flows,gpasp
0.5,59,dropped_flows,gpasp
0.5,274,in_network_flows,gpasp
0.5,0.9883698009067613,perc_successful_flows,gpasp
0.1,1553,total_flows,spr2
0.1,1508,successful_flows,spr2
0.1,0,dropped_flows,spr2
0.1,45,in_network_flows,spr2
0.1,1.0,perc_successful_flows,spr2
0.2,2980,total_flows,spr2
0.2,2879,successful_flows,spr2
0.2,0,dropped_flows,spr2
0.2,101,in_network_flows,spr2
0.2,1.0,perc_successful_flows,spr2
0.3,4060,total_flows,spr2
0.3,3919,successful_flows,spr2
0.3,1,dropped_flows,spr2
0.3,140,in_network_flows,spr2
0.3,0.9997448979591836,perc_successful_flows,spr2
0.4,4060,total_flows,spr2
0.4,3919,successful_flows,spr2
0.4,1,dropped_flows,spr2
0.4,140,in_network_flows,spr2
0.4,0.9997448979591836,perc_successful_flows,spr2
0.5,5285,total_flows,spr2
0.5,5109,successful_flows,spr2
0.5,5,dropped_flows,spr2
0.5,171,in_network_flows,spr2
0.5,0.9990222917481424,perc_successful_flows,spr2
