0.1,42.60941579534619,avg_end2end_delay_of_processed_flows,bjointsp
0.2,42.018078758793564,avg_end2end_delay_of_processed_flows,bjointsp
0.3,42.87547213150855,avg_end2end_delay_of_processed_flows,bjointsp
0.4,40.720069657088246,avg_end2end_delay_of_processed_flows,bjointsp
0.5,40.88184834687048,avg_end2end_delay_of_processed_flows,bjointsp
0.1,44.413123795139,avg_end2end_delay_of_processed_flows,bjointsp_recalc
0.2,45.242683140636814,avg_end2end_delay_of_processed_flows,bjointsp_recalc
0.3,45.35705270588949,avg_end2end_delay_of_processed_flows,bjointsp_recalc
0.4,45.02590731251421,avg_end2end_delay_of_processed_flows,bjointsp_recalc
0.5,47.76480878754677,avg_end2end_delay_of_processed_flows,bjointsp_recalc
0.1,40.2524669610949,avg_end2end_delay_of_processed_flows,bjointsp
0.2,39.17704003009866,avg_end2end_delay_of_processed_flows,bjointsp
0.3,39.79519094135884,avg_end2end_delay_of_processed_flows,bjointsp
0.4,39.73579129190482,avg_end2end_delay_of_processed_flows,bjointsp
0.5,42.529442686759126,avg_end2end_delay_of_processed_flows,bjointsp
0.1,40.960919961697186,avg_end2end_delay_of_processed_flows,bjointsp_recalc
0.2,41.12440430620204,avg_end2end_delay_of_processed_flows,bjointsp_recalc
0.3,42.84418673071385,avg_end2end_delay_of_processed_flows,bjointsp_recalc
0.4,41.78008262330649,avg_end2end_delay_of_processed_flows,bjointsp_recalc
0.5,43.459932954084735,avg_end2end_delay_of_processed_flows,bjointsp_recalc
0.1,38.27631296087005,avg_end2end_delay_of_processed_flows,bjointsp
0.2,41.784527185798986,avg_end2end_delay_of_processed_flows,bjointsp
0.3,43.39961254393929,avg_end2end_delay_of_processed_flows,bjointsp
0.4,42.70649098095053,avg_end2end_delay_of_processed_flows,bjointsp
0.5,42.54509292315371,avg_end2end_delay_of_processed_flows,bjointsp
0.1,43.18345159230004,avg_end2end_delay_of_processed_flows,bjointsp_recalc
0.2,48.530382087111484,avg_end2end_delay_of_processed_flows,bjointsp_recalc
0.3,53.945860781651774,avg_end2end_delay_of_processed_flows,bjointsp_recalc
0.1,42.69526652839912,avg_end2end_delay_of_processed_flows,bjointsp
0.2,40.26054066262274,avg_end2end_delay_of_processed_flows,bjointsp
0.3,39.97955884256867,avg_end2end_delay_of_processed_flows,bjointsp
0.4,40.6245449194023,avg_end2end_delay_of_processed_flows,bjointsp
0.5,41.73084995496764,avg_end2end_delay_of_processed_flows,bjointsp
0.1,44.775912173964244,avg_end2end_delay_of_processed_flows,bjointsp_recalc
0.2,47.020384881406216,avg_end2end_delay_of_processed_flows,bjointsp_recalc
0.3,49.01664930398265,avg_end2end_delay_of_processed_flows,bjointsp_recalc
0.4,53.97848764076126,avg_end2end_delay_of_processed_flows,bjointsp_recalc
0.5,56.46647221230426,avg_end2end_delay_of_processed_flows,bjointsp_recalc
0.1,39.72281701800067,avg_end2end_delay_of_processed_flows,bjointsp
0.2,40.70177776961733,avg_end2end_delay_of_processed_flows,bjointsp
0.3,40.99045903175178,avg_end2end_delay_of_processed_flows,bjointsp
0.4,39.9413139795629,avg_end2end_delay_of_processed_flows,bjointsp
0.5,40.52841078772416,avg_end2end_delay_of_processed_flows,bjointsp
0.1,42.994425640204476,avg_end2end_delay_of_processed_flows,bjointsp_recalc
0.3,53.22733844390501,avg_end2end_delay_of_processed_flows,bjointsp_recalc
0.4,53.69392023328225,avg_end2end_delay_of_processed_flows,bjointsp_recalc
0.1,51.90633701433119,avg_end2end_delay_of_processed_flows,bjointsp
0.2,46.04376439282967,avg_end2end_delay_of_processed_flows,bjointsp
0.3,45.6843403475564,avg_end2end_delay_of_processed_flows,bjointsp
0.4,48.7609963875486,avg_end2end_delay_of_processed_flows,bjointsp
0.5,49.11244637322364,avg_end2end_delay_of_processed_flows,bjointsp
0.1,61.182065394684884,avg_end2end_delay_of_processed_flows,bjointsp_recalc
0.2,50.220739178246056,avg_end2end_delay_of_processed_flows,bjointsp_recalc
0.3,56.45666954437661,avg_end2end_delay_of_processed_flows,bjointsp_recalc
0.4,67.1401652161436,avg_end2end_delay_of_processed_flows,bjointsp_recalc
0.1,38.99481260935229,avg_end2end_delay_of_processed_flows,bjointsp
0.2,40.07608546788852,avg_end2end_delay_of_processed_flows,bjointsp
0.3,38.770885866773035,avg_end2end_delay_of_processed_flows,bjointsp
0.4,40.53360497032008,avg_end2end_delay_of_processed_flows,bjointsp
0.5,39.135200840562824,avg_end2end_delay_of_processed_flows,bjointsp
0.1,42.199524118622705,avg_end2end_delay_of_processed_flows,bjointsp_recalc
0.2,44.286404147060885,avg_end2end_delay_of_processed_flows,bjointsp_recalc
0.3,45.85111700680815,avg_end2end_delay_of_processed_flows,bjointsp_recalc
0.4,49.15422463825696,avg_end2end_delay_of_processed_flows,bjointsp_recalc
0.5,52.37670792730259,avg_end2end_delay_of_processed_flows,bjointsp_recalc
0.1,36.50564892286333,avg_end2end_delay_of_processed_flows,bjointsp
0.2,41.225856576855044,avg_end2end_delay_of_processed_flows,bjointsp
0.3,41.682783132126325,avg_end2end_delay_of_processed_flows,bjointsp
0.4,41.3579047931346,avg_end2end_delay_of_processed_flows,bjointsp
0.5,42.20286283738117,avg_end2end_delay_of_processed_flows,bjointsp
0.1,37.462323388545876,avg_end2end_delay_of_processed_flows,bjointsp_recalc
0.2,42.57700711350602,avg_end2end_delay_of_processed_flows,bjointsp_recalc
0.3,46.679458420493816,avg_end2end_delay_of_processed_flows,bjointsp_recalc
0.4,48.64998546477077,avg_end2end_delay_of_processed_flows,bjointsp_recalc
0.5,51.887962051745156,avg_end2end_delay_of_processed_flows,bjointsp_recalc
0.1,43.84440199778636,avg_end2end_delay_of_processed_flows,bjointsp
0.2,44.90024973011275,avg_end2end_delay_of_processed_flows,bjointsp
0.3,45.900521936297146,avg_end2end_delay_of_processed_flows,bjointsp
0.4,45.78850149467185,avg_end2end_delay_of_processed_flows,bjointsp
0.5,46.15450235756468,avg_end2end_delay_of_processed_flows,bjointsp
0.1,48.903348779541275,avg_end2end_delay_of_processed_flows,bjointsp_recalc
0.2,50.06096495051325,avg_end2end_delay_of_processed_flows,bjointsp_recalc
0.3,54.258391170832375,avg_end2end_delay_of_processed_flows,bjointsp_recalc
0.4,55.11081085439271,avg_end2end_delay_of_processed_flows,bjointsp_recalc
0.1,42.22339275311217,avg_end2end_delay_of_processed_flows,bjointsp
0.2,41.11024976511888,avg_end2end_delay_of_processed_flows,bjointsp
0.3,41.72837027292102,avg_end2end_delay_of_processed_flows,bjointsp
0.4,40.70907194069032,avg_end2end_delay_of_processed_flows,bjointsp
0.5,41.14385264432299,avg_end2end_delay_of_processed_flows,bjointsp
0.1,42.86821242631492,avg_end2end_delay_of_processed_flows,bjointsp_recalc
0.2,45.208782236836406,avg_end2end_delay_of_processed_flows,bjointsp_recalc
0.3,45.51793657297645,avg_end2end_delay_of_processed_flows,bjointsp_recalc
0.4,46.16292991689774,avg_end2end_delay_of_processed_flows,bjointsp_recalc
0.5,49.60559245135946,avg_end2end_delay_of_processed_flows,bjointsp_recalc
0.1,41.30187297273914,avg_end2end_delay_of_processed_flows,bjointsp
0.2,39.534382832186246,avg_end2end_delay_of_processed_flows,bjointsp
0.3,39.984111503518015,avg_end2end_delay_of_processed_flows,bjointsp
0.4,42.33390109598545,avg_end2end_delay_of_processed_flows,bjointsp
0.5,41.924281991962,avg_end2end_delay_of_processed_flows,bjointsp
0.1,42.05047448727542,avg_end2end_delay_of_processed_flows,bjointsp_recalc
0.2,42.32884636505882,avg_end2end_delay_of_processed_flows,bjointsp_recalc
0.3,44.41283529213614,avg_end2end_delay_of_processed_flows,bjointsp_recalc
0.4,49.75352992383192,avg_end2end_delay_of_processed_flows,bjointsp_recalc
0.5,50.90375688247896,avg_end2end_delay_of_processed_flows,bjointsp_recalc
0.1,36.4881912406179,avg_end2end_delay_of_processed_flows,bjointsp
0.2,36.793268266821414,avg_end2end_delay_of_processed_flows,bjointsp
0.3,37.69465197613244,avg_end2end_delay_of_processed_flows,bjointsp
0.4,38.222001592516676,avg_end2end_delay_of_processed_flows,bjointsp
0.5,38.06969864885648,avg_end2end_delay_of_processed_flows,bjointsp
0.1,38.82429114652719,avg_end2end_delay_of_processed_flows,bjointsp_recalc
0.2,39.52659430507524,avg_end2end_delay_of_processed_flows,bjointsp_recalc
0.3,41.63230743076025,avg_end2end_delay_of_processed_flows,bjointsp_recalc
0.4,42.4570274980557,avg_end2end_delay_of_processed_flows,bjointsp_recalc
0.5,43.24053314622746,avg_end2end_delay_of_processed_flows,bjointsp_recalc
0.1,38.53120096323516,avg_end2end_delay_of_processed_flows,bjointsp
0.2,38.51768692194334,avg_end2end_delay_of_processed_flows,bjointsp
0.3,39.22767295424105,avg_end2end_delay_of_processed_flows,bjointsp
0.4,40.56843813874404,avg_end2end_delay_of_processed_flows,bjointsp
0.5,40.92067127301279,avg_end2end_delay_of_processed_flows,bjointsp
0.1,40.76234154859412,avg_end2end_delay_of_processed_flows,bjointsp_recalc
0.2,43.32514533487468,avg_end2end_delay_of_processed_flows,bjointsp_recalc
0.3,47.07535664567782,avg_end2end_delay_of_processed_flows,bjointsp_recalc
0.4,51.8767392088682,avg_end2end_delay_of_processed_flows,bjointsp_recalc
0.1,43.25231989231554,avg_end2end_delay_of_processed_flows,bjointsp
0.2,41.004521667500825,avg_end2end_delay_of_processed_flows,bjointsp
0.3,40.21883857897193,avg_end2end_delay_of_processed_flows,bjointsp
0.4,41.01580927419477,avg_end2end_delay_of_processed_flows,bjointsp
0.5,40.45696994907739,avg_end2end_delay_of_processed_flows,bjointsp
0.1,44.01315292298562,avg_end2end_delay_of_processed_flows,bjointsp_recalc
0.2,42.25817235052423,avg_end2end_delay_of_processed_flows,bjointsp_recalc
0.3,44.51103078286669,avg_end2end_delay_of_processed_flows,bjointsp_recalc
0.4,46.00718785295988,avg_end2end_delay_of_processed_flows,bjointsp_recalc
0.5,50.25320127453452,avg_end2end_delay_of_processed_flows,bjointsp_recalc
0.1,42.21736167281468,avg_end2end_delay_of_processed_flows,bjointsp
0.2,41.60088184584521,avg_end2end_delay_of_processed_flows,bjointsp
0.3,41.76253072127695,avg_end2end_delay_of_processed_flows,bjointsp
0.4,42.45097029767977,avg_end2end_delay_of_processed_flows,bjointsp
0.5,42.63777859854509,avg_end2end_delay_of_processed_flows,bjointsp
0.1,45.679838084008274,avg_end2end_delay_of_processed_flows,bjointsp_recalc
0.2,44.269840142345195,avg_end2end_delay_of_processed_flows,bjointsp_recalc
0.3,47.08936921145651,avg_end2end_delay_of_processed_flows,bjointsp_recalc
0.4,51.61818021657363,avg_end2end_delay_of_processed_flows,bjointsp_recalc
0.5,57.95614245550328,avg_end2end_delay_of_processed_flows,bjointsp_recalc
0.1,34.88294983042219,avg_end2end_delay_of_processed_flows,bjointsp
0.2,37.68107005471636,avg_end2end_delay_of_processed_flows,bjointsp
0.3,36.36659318731825,avg_end2end_delay_of_processed_flows,bjointsp
0.4,38.01884489182574,avg_end2end_delay_of_processed_flows,bjointsp
0.5,37.47873114845345,avg_end2end_delay_of_processed_flows,bjointsp
0.1,34.88294983042219,avg_end2end_delay_of_processed_flows,bjointsp_recalc
0.2,39.024287366793224,avg_end2end_delay_of_processed_flows,bjointsp_recalc
0.3,38.55337403733589,avg_end2end_delay_of_processed_flows,bjointsp_recalc
0.4,40.15297695557773,avg_end2end_delay_of_processed_flows,bjointsp_recalc
0.5,42.904494494830736,avg_end2end_delay_of_processed_flows,bjointsp_recalc
0.1,44.47870772217878,avg_end2end_delay_of_processed_flows,bjointsp
0.2,40.38937822820041,avg_end2end_delay_of_processed_flows,bjointsp
0.3,40.15866853894674,avg_end2end_delay_of_processed_flows,bjointsp
0.4,39.28726813474796,avg_end2end_delay_of_processed_flows,bjointsp
0.5,41.019382196341766,avg_end2end_delay_of_processed_flows,bjointsp
0.1,46.72266322899519,avg_end2end_delay_of_processed_flows,bjointsp_recalc
0.2,42.42740829840423,avg_end2end_delay_of_processed_flows,bjointsp_recalc
0.3,46.29068420598312,avg_end2end_delay_of_processed_flows,bjointsp_recalc
0.4,47.85283383057554,avg_end2end_delay_of_processed_flows,bjointsp_recalc
0.5,54.07326075274232,avg_end2end_delay_of_processed_flows,bjointsp_recalc
0.1,44.65875288425992,avg_end2end_delay_of_processed_flows,bjointsp
0.2,42.8416514943823,avg_end2end_delay_of_processed_flows,bjointsp
0.3,44.59478917425912,avg_end2end_delay_of_processed_flows,bjointsp
0.4,43.38279945961566,avg_end2end_delay_of_processed_flows,bjointsp
0.5,44.49081178442921,avg_end2end_delay_of_processed_flows,bjointsp
0.1,46.094722739321924,avg_end2end_delay_of_processed_flows,bjointsp_recalc
0.2,48.06452524262533,avg_end2end_delay_of_processed_flows,bjointsp_recalc
0.3,52.390722765060744,avg_end2end_delay_of_processed_flows,bjointsp_recalc
0.4,56.423935523507915,avg_end2end_delay_of_processed_flows,bjointsp_recalc
0.1,46.06901077814494,avg_end2end_delay_of_processed_flows,bjointsp
0.2,46.77004293686549,avg_end2end_delay_of_processed_flows,bjointsp
0.3,44.87120532995595,avg_end2end_delay_of_processed_flows,bjointsp
0.4,44.64575547591759,avg_end2end_delay_of_processed_flows,bjointsp
0.5,45.184646979356806,avg_end2end_delay_of_processed_flows,bjointsp
0.1,48.60785755349445,avg_end2end_delay_of_processed_flows,bjointsp_recalc
0.2,50.576528491424895,avg_end2end_delay_of_processed_flows,bjointsp_recalc
0.3,50.96726802245889,avg_end2end_delay_of_processed_flows,bjointsp_recalc
0.4,50.748061271356,avg_end2end_delay_of_processed_flows,bjointsp_recalc
0.5,53.86393120498505,avg_end2end_delay_of_processed_flows,bjointsp_recalc
0.1,40.16291601449995,avg_end2end_delay_of_processed_flows,bjointsp
0.2,42.50340320833508,avg_end2end_delay_of_processed_flows,bjointsp
0.3,41.104443071342686,avg_end2end_delay_of_processed_flows,bjointsp
0.4,42.104475765370836,avg_end2end_delay_of_processed_flows,bjointsp
0.5,41.510296237123136,avg_end2end_delay_of_processed_flows,bjointsp
0.1,40.09109159531895,avg_end2end_delay_of_processed_flows,bjointsp_recalc
0.2,43.795871632789776,avg_end2end_delay_of_processed_flows,bjointsp_recalc
0.3,43.35744265097387,avg_end2end_delay_of_processed_flows,bjointsp_recalc
0.4,47.91485163677236,avg_end2end_delay_of_processed_flows,bjointsp_recalc
0.5,49.295914841558975,avg_end2end_delay_of_processed_flows,bjointsp_recalc
0.1,35.50343021539707,avg_end2end_delay_of_processed_flows,bjointsp
0.2,35.52417230100719,avg_end2end_delay_of_processed_flows,bjointsp
0.3,36.59400518956621,avg_end2end_delay_of_processed_flows,bjointsp
0.4,36.16718875321184,avg_end2end_delay_of_processed_flows,bjointsp
0.5,36.306635933804856,avg_end2end_delay_of_processed_flows,bjointsp
0.1,35.50343021539707,avg_end2end_delay_of_processed_flows,bjointsp_recalc
0.2,38.14104717773741,avg_end2end_delay_of_processed_flows,bjointsp_recalc
0.3,40.12922113213555,avg_end2end_delay_of_processed_flows,bjointsp_recalc
0.4,41.71844306750866,avg_end2end_delay_of_processed_flows,bjointsp_recalc
0.5,40.90565096881913,avg_end2end_delay_of_processed_flows,bjointsp_recalc
0.1,43.94584041031879,avg_end2end_delay_of_processed_flows,bjointsp
0.2,45.663927867267475,avg_end2end_delay_of_processed_flows,bjointsp
0.3,44.84611754207921,avg_end2end_delay_of_processed_flows,bjointsp
0.4,45.584028088241354,avg_end2end_delay_of_processed_flows,bjointsp
0.5,47.19166409190585,avg_end2end_delay_of_processed_flows,bjointsp
0.1,46.342227877511355,avg_end2end_delay_of_processed_flows,bjointsp_recalc
0.2,50.031454334983316,avg_end2end_delay_of_processed_flows,bjointsp_recalc
0.3,50.781331802969305,avg_end2end_delay_of_processed_flows,bjointsp_recalc
0.4,52.25289351691326,avg_end2end_delay_of_processed_flows,bjointsp_recalc
0.1,31.59738199286222,avg_end2end_delay_of_processed_flows,bjointsp
0.2,30.70369536817299,avg_end2end_delay_of_processed_flows,bjointsp
0.3,32.0113185196308,avg_end2end_delay_of_processed_flows,bjointsp
0.4,33.337933545746054,avg_end2end_delay_of_processed_flows,bjointsp
0.5,33.510135720863936,avg_end2end_delay_of_processed_flows,bjointsp
0.1,32.122325348734556,avg_end2end_delay_of_processed_flows,bjointsp_recalc
0.2,31.78405666477531,avg_end2end_delay_of_processed_flows,bjointsp_recalc
0.3,35.00529300603631,avg_end2end_delay_of_processed_flows,bjointsp_recalc
0.4,39.118839294833826,avg_end2end_delay_of_processed_flows,bjointsp_recalc
0.5,43.56005970210756,avg_end2end_delay_of_processed_flows,bjointsp_recalc
0.1,35.64010603091352,avg_end2end_delay_of_processed_flows,bjointsp
0.2,35.832496458347,avg_end2end_delay_of_processed_flows,bjointsp
0.3,35.92275096585659,avg_end2end_delay_of_processed_flows,bjointsp
0.4,36.744102919298705,avg_end2end_delay_of_processed_flows,bjointsp
0.5,37.759503309425654,avg_end2end_delay_of_processed_flows,bjointsp
0.1,37.017887686461485,avg_end2end_delay_of_processed_flows,bjointsp_recalc
0.2,36.93522530861958,avg_end2end_delay_of_processed_flows,bjointsp_recalc
0.3,39.03624223657723,avg_end2end_delay_of_processed_flows,bjointsp_recalc
0.4,40.103009244445374,avg_end2end_delay_of_processed_flows,bjointsp_recalc
0.5,43.021687164143486,avg_end2end_delay_of_processed_flows,bjointsp_recalc
0.1,39.33883245913139,avg_end2end_delay_of_processed_flows,bjointsp
0.2,42.02951206749137,avg_end2end_delay_of_processed_flows,bjointsp
0.3,40.87871116863497,avg_end2end_delay_of_processed_flows,bjointsp
0.4,43.05020071865652,avg_end2end_delay_of_processed_flows,bjointsp
0.5,43.44108973092426,avg_end2end_delay_of_processed_flows,bjointsp
0.1,44.30539077971862,avg_end2end_delay_of_processed_flows,bjointsp_recalc
0.2,48.35649956000064,avg_end2end_delay_of_processed_flows,bjointsp_recalc
0.3,49.46758958191973,avg_end2end_delay_of_processed_flows,bjointsp_recalc
0.4,52.46890016159716,avg_end2end_delay_of_processed_flows,bjointsp_recalc
0.5,53.927621136713775,avg_end2end_delay_of_processed_flows,bjointsp_recalc
0.1,34.915311449481926,avg_end2end_delay_of_processed_flows,bjointsp
0.2,36.766236772137994,avg_end2end_delay_of_processed_flows,bjointsp
0.3,39.70249335051121,avg_end2end_delay_of_processed_flows,bjointsp
0.4,40.26105634828662,avg_end2end_delay_of_processed_flows,bjointsp
0.5,40.96956798238597,avg_end2end_delay_of_processed_flows,bjointsp
0.1,37.1122866694864,avg_end2end_delay_of_processed_flows,bjointsp_recalc
0.2,42.80518497965982,avg_end2end_delay_of_processed_flows,bjointsp_recalc
0.3,51.06574305856977,avg_end2end_delay_of_processed_flows,bjointsp_recalc
0.4,54.00726170504888,avg_end2end_delay_of_processed_flows,bjointsp_recalc
0.5,57.168859182115426,avg_end2end_delay_of_processed_flows,bjointsp_recalc
0.1,48.32046109519778,avg_end2end_delay_of_processed_flows,bjointsp
0.2,44.513624580008994,avg_end2end_delay_of_processed_flows,bjointsp
0.3,45.119225908679184,avg_end2end_delay_of_processed_flows,bjointsp
0.4,45.769786571457445,avg_end2end_delay_of_processed_flows,bjointsp
0.5,44.74031765288409,avg_end2end_delay_of_processed_flows,bjointsp
0.1,51.17198859572404,avg_end2end_delay_of_processed_flows,bjointsp_recalc
0.2,49.53402197264559,avg_end2end_delay_of_processed_flows,bjointsp_recalc
0.3,51.68687089159839,avg_end2end_delay_of_processed_flows,bjointsp_recalc
0.4,54.06553844788888,avg_end2end_delay_of_processed_flows,bjointsp_recalc
0.1,38.11617488264065,avg_end2end_delay_of_processed_flows,bjointsp
0.2,40.69321256347135,avg_end2end_delay_of_processed_flows,bjointsp
0.3,41.74993460609982,avg_end2end_delay_of_processed_flows,bjointsp
0.4,41.27089788295937,avg_end2end_delay_of_processed_flows,bjointsp
0.5,41.17799873782436,avg_end2end_delay_of_processed_flows,bjointsp
0.1,40.076075039927346,avg_end2end_delay_of_processed_flows,bjointsp_recalc
0.2,42.523229172008485,avg_end2end_delay_of_processed_flows,bjointsp_recalc
0.3,46.2372094826863,avg_end2end_delay_of_processed_flows,bjointsp_recalc
0.4,47.67134445893513,avg_end2end_delay_of_processed_flows,bjointsp_recalc
0.5,48.53510083251546,avg_end2end_delay_of_processed_flows,bjointsp_recalc
0.1,35.64639858412535,avg_end2end_delay_of_processed_flows,bjointsp
0.2,35.03066497922506,avg_end2end_delay_of_processed_flows,bjointsp
0.3,35.65194170648741,avg_end2end_delay_of_processed_flows,bjointsp
0.4,37.0251533561514,avg_end2end_delay_of_processed_flows,bjointsp
0.5,37.266088520266194,avg_end2end_delay_of_processed_flows,bjointsp
0.1,35.70001043894746,avg_end2end_delay_of_processed_flows,bjointsp_recalc
0.2,36.70276087001466,avg_end2end_delay_of_processed_flows,bjointsp_recalc
0.3,38.34189943850535,avg_end2end_delay_of_processed_flows,bjointsp_recalc
0.4,43.41808413938734,avg_end2end_delay_of_processed_flows,bjointsp_recalc
0.5,45.63821310955129,avg_end2end_delay_of_processed_flows,bjointsp_recalc
0.1,34.80575939735323,avg_end2end_delay_of_processed_flows,bjointsp
0.2,36.120484279326874,avg_end2end_delay_of_processed_flows,bjointsp
0.3,36.234180901971534,avg_end2end_delay_of_processed_flows,bjointsp
0.4,37.59640904427612,avg_end2end_delay_of_processed_flows,bjointsp
0.5,37.377036367123985,avg_end2end_delay_of_processed_flows,bjointsp
0.1,36.653195229836925,avg_end2end_delay_of_processed_flows,bjointsp_recalc
0.2,38.18477978253975,avg_end2end_delay_of_processed_flows,bjointsp_recalc
0.3,40.69785463440358,avg_end2end_delay_of_processed_flows,bjointsp_recalc
0.4,42.585987837209046,avg_end2end_delay_of_processed_flows,bjointsp_recalc
0.5,44.66305156086844,avg_end2end_delay_of_processed_flows,bjointsp_recalc
0.1,42.75207454986458,avg_end2end_delay_of_processed_flows,bjointsp
0.2,45.16282185565817,avg_end2end_delay_of_processed_flows,bjointsp
0.3,44.6847420194389,avg_end2end_delay_of_processed_flows,bjointsp
0.4,46.222583305514384,avg_end2end_delay_of_processed_flows,bjointsp
0.5,46.58136904443207,avg_end2end_delay_of_processed_flows,bjointsp
0.1,44.47451445197267,avg_end2end_delay_of_processed_flows,bjointsp_recalc
0.2,48.82467306049879,avg_end2end_delay_of_processed_flows,bjointsp_recalc
0.3,50.09706483683461,avg_end2end_delay_of_processed_flows,bjointsp_recalc
0.4,52.12272557689292,avg_end2end_delay_of_processed_flows,bjointsp_recalc
0.1,40.248663927049364,avg_end2end_delay_of_processed_flows,bjointsp
0.2,42.37023097725748,avg_end2end_delay_of_processed_flows,bjointsp
0.3,40.89556805771374,avg_end2end_delay_of_processed_flows,bjointsp
0.4,39.677916030470726,avg_end2end_delay_of_processed_flows,bjointsp
0.5,40.252664569795414,avg_end2end_delay_of_processed_flows,bjointsp
0.1,45.503093083197285,avg_end2end_delay_of_processed_flows,bjointsp_recalc
0.2,48.72134849107709,avg_end2end_delay_of_processed_flows,bjointsp_recalc
0.3,49.720007488627566,avg_end2end_delay_of_processed_flows,bjointsp_recalc
0.4,48.82495854517472,avg_end2end_delay_of_processed_flows,bjointsp_recalc
0.5,52.97416796078149,avg_end2end_delay_of_processed_flows,bjointsp_recalc
0.1,45.495535728217014,avg_end2end_delay_of_processed_flows,bjointsp
0.2,43.4899961311691,avg_end2end_delay_of_processed_flows,bjointsp
0.3,43.214998730992534,avg_end2end_delay_of_processed_flows,bjointsp
0.4,43.74653577444213,avg_end2end_delay_of_processed_flows,bjointsp
0.5,43.26052537050054,avg_end2end_delay_of_processed_flows,bjointsp
0.1,47.379525891334566,avg_end2end_delay_of_processed_flows,bjointsp_recalc
0.2,46.69233215222173,avg_end2end_delay_of_processed_flows,bjointsp_recalc
0.3,50.398889768644665,avg_end2end_delay_of_processed_flows,bjointsp_recalc
0.4,52.1591601334199,avg_end2end_delay_of_processed_flows,bjointsp_recalc
0.5,53.066294607698396,avg_end2end_delay_of_processed_flows,bjointsp_recalc
0.1,37.79068313555522,avg_end2end_delay_of_processed_flows,bjointsp
0.2,37.04504896352152,avg_end2end_delay_of_processed_flows,bjointsp
0.3,35.80628328392247,avg_end2end_delay_of_processed_flows,bjointsp
0.4,36.851059964502696,avg_end2end_delay_of_processed_flows,bjointsp
0.5,36.969009034112936,avg_end2end_delay_of_processed_flows,bjointsp
0.1,39.39651175475141,avg_end2end_delay_of_processed_flows,bjointsp_recalc
0.2,37.782217185150664,avg_end2end_delay_of_processed_flows,bjointsp_recalc
0.3,38.50728491056539,avg_end2end_delay_of_processed_flows,bjointsp_recalc
0.4,42.87038088207526,avg_end2end_delay_of_processed_flows,bjointsp_recalc
0.5,44.42637582674958,avg_end2end_delay_of_processed_flows,bjointsp_recalc
0.1,36.099506986239476,avg_end2end_delay_of_processed_flows,bjointsp
0.2,40.572761291779145,avg_end2end_delay_of_processed_flows,bjointsp
0.3,41.194181497041484,avg_end2end_delay_of_processed_flows,bjointsp
0.4,41.091600467080006,avg_end2end_delay_of_processed_flows,bjointsp
0.5,40.50567936763754,avg_end2end_delay_of_processed_flows,bjointsp
0.1,40.77165463663367,avg_end2end_delay_of_processed_flows,bjointsp_recalc
0.2,48.10255217211069,avg_end2end_delay_of_processed_flows,bjointsp_recalc
0.3,48.1807783237679,avg_end2end_delay_of_processed_flows,bjointsp_recalc
0.4,50.37776137976967,avg_end2end_delay_of_processed_flows,bjointsp_recalc
0.1,38.20180306374495,avg_end2end_delay_of_processed_flows,bjointsp
0.2,44.82534840392835,avg_end2end_delay_of_processed_flows,bjointsp
0.3,44.02764206148477,avg_end2end_delay_of_processed_flows,bjointsp
0.4,43.31749897652027,avg_end2end_delay_of_processed_flows,bjointsp
0.5,44.08920515998795,avg_end2end_delay_of_processed_flows,bjointsp
0.1,38.94928494517915,avg_end2end_delay_of_processed_flows,bjointsp_recalc
0.2,47.84638698154772,avg_end2end_delay_of_processed_flows,bjointsp_recalc
0.3,49.65949032158966,avg_end2end_delay_of_processed_flows,bjointsp_recalc
0.4,49.340399439419485,avg_end2end_delay_of_processed_flows,bjointsp_recalc
0.5,52.17337649341597,avg_end2end_delay_of_processed_flows,bjointsp_recalc
0.1,33.37600499838424,avg_end2end_delay_of_processed_flows,bjointsp
0.2,34.46957624042762,avg_end2end_delay_of_processed_flows,bjointsp
0.3,35.19921041998152,avg_end2end_delay_of_processed_flows,bjointsp
0.4,35.92398024003993,avg_end2end_delay_of_processed_flows,bjointsp
0.5,36.2877395898944,avg_end2end_delay_of_processed_flows,bjointsp
0.1,34.403950326108756,avg_end2end_delay_of_processed_flows,bjointsp_recalc
0.2,34.763986883411356,avg_end2end_delay_of_processed_flows,bjointsp_recalc
0.3,36.092109174919855,avg_end2end_delay_of_processed_flows,bjointsp_recalc
0.4,39.73430307134965,avg_end2end_delay_of_processed_flows,bjointsp_recalc
0.5,39.99589881751865,avg_end2end_delay_of_processed_flows,bjointsp_recalc
0.1,43.0187810039963,avg_end2end_delay_of_processed_flows,bjointsp
0.2,44.69056707161389,avg_end2end_delay_of_processed_flows,bjointsp
0.3,44.726096268880255,avg_end2end_delay_of_processed_flows,bjointsp
0.4,45.347980759210806,avg_end2end_delay_of_processed_flows,bjointsp
0.5,45.75096906004403,avg_end2end_delay_of_processed_flows,bjointsp
0.1,48.639217704605855,avg_end2end_delay_of_processed_flows,bjointsp_recalc
0.2,51.6969663898315,avg_end2end_delay_of_processed_flows,bjointsp_recalc
0.3,54.86076502007147,avg_end2end_delay_of_processed_flows,bjointsp_recalc
0.1,37.53494514203803,avg_end2end_delay_of_processed_flows,bjointsp
0.2,36.28797897782676,avg_end2end_delay_of_processed_flows,bjointsp
0.3,37.199025450399695,avg_end2end_delay_of_processed_flows,bjointsp
0.4,37.28656404758758,avg_end2end_delay_of_processed_flows,bjointsp
0.5,37.63705439626074,avg_end2end_delay_of_processed_flows,bjointsp
0.1,37.404354371703825,avg_end2end_delay_of_processed_flows,bjointsp_recalc
0.2,38.48343788284019,avg_end2end_delay_of_processed_flows,bjointsp_recalc
0.3,39.960917483228116,avg_end2end_delay_of_processed_flows,bjointsp_recalc
0.4,40.75971605979814,avg_end2end_delay_of_processed_flows,bjointsp_recalc
0.5,44.421617367602096,avg_end2end_delay_of_processed_flows,bjointsp_recalc
0.1,41.0262824709598,avg_end2end_delay_of_processed_flows,bjointsp
0.2,39.562034755794215,avg_end2end_delay_of_processed_flows,bjointsp
0.3,39.737871764297374,avg_end2end_delay_of_processed_flows,bjointsp
0.4,40.29013167949357,avg_end2end_delay_of_processed_flows,bjointsp
0.5,40.03566584880922,avg_end2end_delay_of_processed_flows,bjointsp
0.1,43.2380096299623,avg_end2end_delay_of_processed_flows,bjointsp_recalc
0.2,43.188026014070374,avg_end2end_delay_of_processed_flows,bjointsp_recalc
0.3,43.141286343736326,avg_end2end_delay_of_processed_flows,bjointsp_recalc
0.4,44.224889654545144,avg_end2end_delay_of_processed_flows,bjointsp_recalc
0.1,41.12163430496347,avg_end2end_delay_of_processed_flows,bjointsp
0.2,41.02233659970228,avg_end2end_delay_of_processed_flows,bjointsp
0.3,41.14582794274533,avg_end2end_delay_of_processed_flows,bjointsp
0.4,40.172590223427946,avg_end2end_delay_of_processed_flows,bjointsp
0.5,40.47162838041017,avg_end2end_delay_of_processed_flows,bjointsp
0.1,43.11785125261535,avg_end2end_delay_of_processed_flows,bjointsp_recalc
0.2,43.53490789488178,avg_end2end_delay_of_processed_flows,bjointsp_recalc
0.3,44.604113809183985,avg_end2end_delay_of_processed_flows,bjointsp_recalc
0.4,43.7969149989704,avg_end2end_delay_of_processed_flows,bjointsp_recalc
0.5,46.70696631355902,avg_end2end_delay_of_processed_flows,bjointsp_recalc
0.1,35.78600544069574,avg_end2end_delay_of_processed_flows,bjointsp
0.2,36.388593646483585,avg_end2end_delay_of_processed_flows,bjointsp
0.3,37.50666805233498,avg_end2end_delay_of_processed_flows,bjointsp
0.4,37.54969089286707,avg_end2end_delay_of_processed_flows,bjointsp
0.5,37.32836932330583,avg_end2end_delay_of_processed_flows,bjointsp
0.1,37.98582251279193,avg_end2end_delay_of_processed_flows,bjointsp_recalc
0.2,39.28536177449461,avg_end2end_delay_of_processed_flows,bjointsp_recalc
0.3,40.376418144088944,avg_end2end_delay_of_processed_flows,bjointsp_recalc
0.4,42.492293139050176,avg_end2end_delay_of_processed_flows,bjointsp_recalc
0.5,43.85790953719916,avg_end2end_delay_of_processed_flows,bjointsp_recalc
0.1,42.85508513997239,avg_end2end_delay_of_processed_flows,bjointsp
0.2,44.435826529042636,avg_end2end_delay_of_processed_flows,bjointsp
0.3,44.18961138811747,avg_end2end_delay_of_processed_flows,bjointsp
0.4,44.55093489289001,avg_end2end_delay_of_processed_flows,bjointsp
0.5,44.19581480980874,avg_end2end_delay_of_processed_flows,bjointsp
0.1,45.10049864191991,avg_end2end_delay_of_processed_flows,bjointsp_recalc
0.2,48.71872211386105,avg_end2end_delay_of_processed_flows,bjointsp_recalc
0.3,49.44978437801903,avg_end2end_delay_of_processed_flows,bjointsp_recalc
0.4,52.36325372849244,avg_end2end_delay_of_processed_flows,bjointsp_recalc
0.1,39.22863795174284,avg_end2end_delay_of_processed_flows,bjointsp
0.2,38.545037937748766,avg_end2end_delay_of_processed_flows,bjointsp
0.3,39.502182018851485,avg_end2end_delay_of_processed_flows,bjointsp
0.4,40.418429327283455,avg_end2end_delay_of_processed_flows,bjointsp
0.5,39.852372902490686,avg_end2end_delay_of_processed_flows,bjointsp
0.1,42.0846285821582,avg_end2end_delay_of_processed_flows,bjointsp_recalc
0.2,44.02608814788899,avg_end2end_delay_of_processed_flows,bjointsp_recalc
0.3,45.31300156102532,avg_end2end_delay_of_processed_flows,bjointsp_recalc
0.4,46.92341947599908,avg_end2end_delay_of_processed_flows,bjointsp_recalc
0.1,44.84050075726507,avg_end2end_delay_of_processed_flows,bjointsp
0.2,46.30144407645165,avg_end2end_delay_of_processed_flows,bjointsp
0.3,47.86111335953873,avg_end2end_delay_of_processed_flows,bjointsp
0.4,48.908687393133505,avg_end2end_delay_of_processed_flows,bjointsp
0.5,48.10130055051622,avg_end2end_delay_of_processed_flows,bjointsp
0.1,48.37823151251753,avg_end2end_delay_of_processed_flows,bjointsp_recalc
0.2,52.069343593751185,avg_end2end_delay_of_processed_flows,bjointsp_recalc
0.3,58.485177026768255,avg_end2end_delay_of_processed_flows,bjointsp_recalc
0.4,59.87814158730493,avg_end2end_delay_of_processed_flows,bjointsp_recalc
0.1,39.36917299344796,avg_end2end_delay_of_processed_flows,bjointsp
0.2,39.030442414096896,avg_end2end_delay_of_processed_flows,bjointsp
0.3,39.73953808245373,avg_end2end_delay_of_processed_flows,bjointsp
0.4,39.682478161698825,avg_end2end_delay_of_processed_flows,bjointsp
0.5,39.95096662319266,avg_end2end_delay_of_processed_flows,bjointsp
0.1,41.943438378576566,avg_end2end_delay_of_processed_flows,bjointsp_recalc
0.2,41.18818695824601,avg_end2end_delay_of_processed_flows,bjointsp_recalc
0.4,44.46977974693845,avg_end2end_delay_of_processed_flows,bjointsp_recalc
0.5,45.93781210947452,avg_end2end_delay_of_processed_flows,bjointsp_recalc
0.1,30.158006532282677,avg_end2end_delay_of_processed_flows,bjointsp
0.2,33.612026936844074,avg_end2end_delay_of_processed_flows,bjointsp
0.3,36.42598645709675,avg_end2end_delay_of_processed_flows,bjointsp
0.4,37.01407536101259,avg_end2end_delay_of_processed_flows,bjointsp
0.5,37.62471004936422,avg_end2end_delay_of_processed_flows,bjointsp
0.1,33.45763528302207,avg_end2end_delay_of_processed_flows,bjointsp_recalc
0.2,37.08226597543863,avg_end2end_delay_of_processed_flows,bjointsp_recalc
0.3,39.439567799506335,avg_end2end_delay_of_processed_flows,bjointsp_recalc
0.4,41.94592857059414,avg_end2end_delay_of_processed_flows,bjointsp_recalc
0.5,45.76967264643585,avg_end2end_delay_of_processed_flows,bjointsp_recalc
0.1,41.53986380965276,avg_end2end_delay_of_processed_flows,bjointsp
0.2,42.02987818970139,avg_end2end_delay_of_processed_flows,bjointsp
0.3,42.96614433707318,avg_end2end_delay_of_processed_flows,bjointsp
0.4,43.087952859467215,avg_end2end_delay_of_processed_flows,bjointsp
0.5,42.81850705877074,avg_end2end_delay_of_processed_flows,bjointsp
0.1,46.4724506113117,avg_end2end_delay_of_processed_flows,bjointsp_recalc
0.2,45.41916899366865,avg_end2end_delay_of_processed_flows,bjointsp_recalc
0.3,49.47178330503872,avg_end2end_delay_of_processed_flows,bjointsp_recalc
0.4,53.47484929790962,avg_end2end_delay_of_processed_flows,bjointsp_recalc
0.1,35.11916370192243,avg_end2end_delay_of_processed_flows,bjointsp
0.2,35.46448919425765,avg_end2end_delay_of_processed_flows,bjointsp
0.3,36.51918542635846,avg_end2end_delay_of_processed_flows,bjointsp
0.4,36.3477507360749,avg_end2end_delay_of_processed_flows,bjointsp
0.5,35.33610951456313,avg_end2end_delay_of_processed_flows,bjointsp
0.1,35.64739988536831,avg_end2end_delay_of_processed_flows,bjointsp_recalc
0.2,38.72531743802499,avg_end2end_delay_of_processed_flows,bjointsp_recalc
0.3,43.90517870739664,avg_end2end_delay_of_processed_flows,bjointsp_recalc
0.1,38.37758015787808,avg_end2end_delay_of_processed_flows,bjointsp
0.2,38.60637559702362,avg_end2end_delay_of_processed_flows,bjointsp
0.3,38.023393641430815,avg_end2end_delay_of_processed_flows,bjointsp
0.4,38.00118663898971,avg_end2end_delay_of_processed_flows,bjointsp
0.5,38.795370284411405,avg_end2end_delay_of_processed_flows,bjointsp
0.1,40.46916345655341,avg_end2end_delay_of_processed_flows,bjointsp_recalc
0.2,39.443570252631645,avg_end2end_delay_of_processed_flows,bjointsp_recalc
0.3,39.877468183752285,avg_end2end_delay_of_processed_flows,bjointsp_recalc
0.4,39.53118866036095,avg_end2end_delay_of_processed_flows,bjointsp_recalc
0.5,46.1972340501995,avg_end2end_delay_of_processed_flows,bjointsp_recalc
