0.1,862,total_flows,bjointsp
0.1,658,successful_flows,bjointsp
0.1,169,dropped_flows,bjointsp
0.1,35,in_network_flows,bjointsp
0.1,0.7956469165659008,perc_successful_flows,bjointsp
0.2,1528,total_flows,bjointsp
0.2,1125,successful_flows,bjointsp
0.2,355,dropped_flows,bjointsp
0.2,48,in_network_flows,bjointsp
0.2,0.7601351351351351,perc_successful_flows,bjointsp
0.3,2239,total_flows,bjointsp
0.3,1536,successful_flows,bjointsp
0.3,637,dropped_flows,bjointsp
0.3,66,in_network_flows,bjointsp
0.3,0.7068568798895536,perc_successful_flows,bjointsp
0.4,3228,total_flows,bjointsp
0.4,2039,successful_flows,bjointsp
0.4,1100,dropped_flows,bjointsp
0.4,89,in_network_flows,bjointsp
0.4,0.6495699267282574,perc_successful_flows,bjointsp
0.5,3995,total_flows,bjointsp
0.5,2602,successful_flows,bjointsp
0.5,1266,dropped_flows,bjointsp
0.5,127,in_network_flows,bjointsp
0.5,0.672699069286453,perc_successful_flows,bjointsp
0.1,879,total_flows,bjointsp_recalc
0.1,824,successful_flows,bjointsp_recalc
0.1,0,dropped_flows,bjointsp_recalc
0.1,55,in_network_flows,bjointsp_recalc
0.1,1.0,perc_successful_flows,bjointsp_recalc
0.2,1602,total_flows,bjointsp_recalc
0.2,1501,successful_flows,bjointsp_recalc
0.2,0,dropped_flows,bjointsp_recalc
0.2,101,in_network_flows,bjointsp_recalc
0.2,1.0,perc_successful_flows,bjointsp_recalc
0.3,2252,total_flows,bjointsp_recalc
0.3,2095,successful_flows,bjointsp_recalc
0.3,0,dropped_flows,bjointsp_recalc
0.3,157,in_network_flows,bjointsp_recalc
0.3,1.0,perc_successful_flows,bjointsp_recalc
0.4,3086,total_flows,bjointsp_recalc
0.4,2877,successful_flows,bjointsp_recalc
0.4,0,dropped_flows,bjointsp_recalc
0.4,209,in_network_flows,bjointsp_recalc
0.4,1.0,perc_successful_flows,bjointsp_recalc
0.5,4099,total_flows,bjointsp_recalc
0.5,3774,successful_flows,bjointsp_recalc
0.5,4,dropped_flows,bjointsp_recalc
0.5,321,in_network_flows,bjointsp_recalc
0.5,0.9989412387506618,perc_successful_flows,bjointsp_recalc
0.1,1749,total_flows,bjointsp
0.1,1358,successful_flows,bjointsp
0.1,331,dropped_flows,bjointsp
0.1,60,in_network_flows,bjointsp
0.1,0.8040260509177027,perc_successful_flows,bjointsp
0.2,2866,total_flows,bjointsp
0.2,2008,successful_flows,bjointsp
0.2,765,dropped_flows,bjointsp
0.2,93,in_network_flows,bjointsp
0.2,0.7241254958528669,perc_successful_flows,bjointsp
0.3,4711,total_flows,bjointsp
0.3,3133,successful_flows,bjointsp
0.3,1422,dropped_flows,bjointsp
0.3,156,in_network_flows,bjointsp
0.3,0.6878155872667399,perc_successful_flows,bjointsp
0.4,6003,total_flows,bjointsp
0.4,3747,successful_flows,bjointsp
0.4,2072,dropped_flows,bjointsp
0.4,184,in_network_flows,bjointsp
0.4,0.6439250730366042,perc_successful_flows,bjointsp
0.5,6803,total_flows,bjointsp
0.5,4182,successful_flows,bjointsp
0.5,2424,dropped_flows,bjointsp
0.5,197,in_network_flows,bjointsp
0.5,0.6330608537693007,perc_successful_flows,bjointsp
0.1,1783,total_flows,bjointsp_recalc
0.1,1705,successful_flows,bjointsp_recalc
0.1,0,dropped_flows,bjointsp_recalc
0.1,78,in_network_flows,bjointsp_recalc
0.1,1.0,perc_successful_flows,bjointsp_recalc
0.2,2884,total_flows,bjointsp_recalc
0.2,2713,successful_flows,bjointsp_recalc
0.2,0,dropped_flows,bjointsp_recalc
0.2,171,in_network_flows,bjointsp_recalc
0.2,1.0,perc_successful_flows,bjointsp_recalc
0.3,4710,total_flows,bjointsp_recalc
0.3,4313,successful_flows,bjointsp_recalc
0.3,31,dropped_flows,bjointsp_recalc
0.3,366,in_network_flows,bjointsp_recalc
0.3,0.9928637200736649,perc_successful_flows,bjointsp_recalc
0.4,6047,total_flows,bjointsp_recalc
0.4,5168,successful_flows,bjointsp_recalc
0.4,313,dropped_flows,bjointsp_recalc
0.4,566,in_network_flows,bjointsp_recalc
0.4,0.942893632548805,perc_successful_flows,bjointsp_recalc
0.5,6980,total_flows,bjointsp_recalc
0.5,5659,successful_flows,bjointsp_recalc
0.5,710,dropped_flows,bjointsp_recalc
0.5,611,in_network_flows,bjointsp_recalc
0.5,0.8885225310095777,perc_successful_flows,bjointsp_recalc
0.1,1577,total_flows,bjointsp
0.1,1159,successful_flows,bjointsp
0.1,365,dropped_flows,bjointsp
0.1,53,in_network_flows,bjointsp
0.1,0.760498687664042,perc_successful_flows,bjointsp
0.2,2650,total_flows,bjointsp
0.2,1959,successful_flows,bjointsp
0.2,615,dropped_flows,bjointsp
0.2,76,in_network_flows,bjointsp
0.2,0.7610722610722611,perc_successful_flows,bjointsp
0.3,5139,total_flows,bjointsp
0.3,3327,successful_flows,bjointsp
0.3,1660,dropped_flows,bjointsp
0.3,152,in_network_flows,bjointsp
0.3,0.6671345498295569,perc_successful_flows,bjointsp
0.4,6759,total_flows,bjointsp
0.4,4104,successful_flows,bjointsp
0.4,2468,dropped_flows,bjointsp
0.4,187,in_network_flows,bjointsp
0.4,0.6244674376141205,perc_successful_flows,bjointsp
0.5,8120,total_flows,bjointsp
0.5,4603,successful_flows,bjointsp
0.5,3289,dropped_flows,bjointsp
0.5,228,in_network_flows,bjointsp
0.5,0.583248859604663,perc_successful_flows,bjointsp
0.1,1601,total_flows,bjointsp_recalc
0.1,1527,successful_flows,bjointsp_recalc
0.1,0,dropped_flows,bjointsp_recalc
0.1,74,in_network_flows,bjointsp_recalc
0.1,1.0,perc_successful_flows,bjointsp_recalc
0.2,2674,total_flows,bjointsp_recalc
0.2,2529,successful_flows,bjointsp_recalc
0.2,0,dropped_flows,bjointsp_recalc
0.2,145,in_network_flows,bjointsp_recalc
0.2,1.0,perc_successful_flows,bjointsp_recalc
0.3,5096,total_flows,bjointsp_recalc
0.3,4666,successful_flows,bjointsp_recalc
0.3,28,dropped_flows,bjointsp_recalc
0.3,402,in_network_flows,bjointsp_recalc
0.3,0.994034938219003,perc_successful_flows,bjointsp_recalc
0.4,6731,total_flows,bjointsp_recalc
0.4,5677,successful_flows,bjointsp_recalc
0.4,457,dropped_flows,bjointsp_recalc
0.4,597,in_network_flows,bjointsp_recalc
0.4,0.9254972285621128,perc_successful_flows,bjointsp_recalc
0.1,1125,total_flows,bjointsp
0.1,858,successful_flows,bjointsp
0.1,224,dropped_flows,bjointsp
0.1,43,in_network_flows,bjointsp
0.1,0.7929759704251387,perc_successful_flows,bjointsp
0.2,2443,total_flows,bjointsp
0.2,1705,successful_flows,bjointsp
0.2,653,dropped_flows,bjointsp
0.2,85,in_network_flows,bjointsp
0.2,0.7230703986429178,perc_successful_flows,bjointsp
0.3,3338,total_flows,bjointsp
0.3,2290,successful_flows,bjointsp
0.3,941,dropped_flows,bjointsp
0.3,107,in_network_flows,bjointsp
0.3,0.70875889817394,perc_successful_flows,bjointsp
0.4,5132,total_flows,bjointsp
0.4,3253,successful_flows,bjointsp
0.4,1715,dropped_flows,bjointsp
0.4,164,in_network_flows,bjointsp
0.4,0.6547906602254429,perc_successful_flows,bjointsp
0.5,6151,total_flows,bjointsp
0.5,3815,successful_flows,bjointsp
0.5,2158,dropped_flows,bjointsp
0.5,178,in_network_flows,bjointsp
0.5,0.6387075171605558,perc_successful_flows,bjointsp
0.1,1125,total_flows,bjointsp_recalc
0.1,1050,successful_flows,bjointsp_recalc
0.1,0,dropped_flows,bjointsp_recalc
0.1,75,in_network_flows,bjointsp_recalc
0.1,1.0,perc_successful_flows,bjointsp_recalc
0.2,2414,total_flows,bjointsp_recalc
0.2,2258,successful_flows,bjointsp_recalc
0.2,0,dropped_flows,bjointsp_recalc
0.2,156,in_network_flows,bjointsp_recalc
0.2,1.0,perc_successful_flows,bjointsp_recalc
0.3,3288,total_flows,bjointsp_recalc
0.3,3050,successful_flows,bjointsp_recalc
0.3,0,dropped_flows,bjointsp_recalc
0.3,238,in_network_flows,bjointsp_recalc
0.3,1.0,perc_successful_flows,bjointsp_recalc
0.4,5156,total_flows,bjointsp_recalc
0.4,4579,successful_flows,bjointsp_recalc
0.4,92,dropped_flows,bjointsp_recalc
0.4,485,in_network_flows,bjointsp_recalc
0.4,0.9803040034253907,perc_successful_flows,bjointsp_recalc
0.5,6289,total_flows,bjointsp_recalc
0.5,5291,successful_flows,bjointsp_recalc
0.5,417,dropped_flows,bjointsp_recalc
0.5,581,in_network_flows,bjointsp_recalc
0.5,0.9269446391030133,perc_successful_flows,bjointsp_recalc
0.1,2290,total_flows,bjointsp
0.1,1653,successful_flows,bjointsp
0.1,564,dropped_flows,bjointsp
0.1,73,in_network_flows,bjointsp
0.1,0.7456021650879567,perc_successful_flows,bjointsp
0.2,3632,total_flows,bjointsp
0.2,2484,successful_flows,bjointsp
0.2,1040,dropped_flows,bjointsp
0.2,108,in_network_flows,bjointsp
0.2,0.7048808172531215,perc_successful_flows,bjointsp
0.3,4543,total_flows,bjointsp
0.3,3068,successful_flows,bjointsp
0.3,1332,dropped_flows,bjointsp
0.3,143,in_network_flows,bjointsp
0.3,0.6972727272727273,perc_successful_flows,bjointsp
0.4,5629,total_flows,bjointsp
0.4,3621,successful_flows,bjointsp
0.4,1834,dropped_flows,bjointsp
0.4,174,in_network_flows,bjointsp
0.4,0.663794683776352,perc_successful_flows,bjointsp
0.5,7877,total_flows,bjointsp
0.5,4777,successful_flows,bjointsp
0.5,2882,dropped_flows,bjointsp
0.5,218,in_network_flows,bjointsp
0.5,0.6237106671889281,perc_successful_flows,bjointsp
0.1,2253,total_flows,bjointsp_recalc
0.1,2136,successful_flows,bjointsp_recalc
0.1,0,dropped_flows,bjointsp_recalc
0.1,117,in_network_flows,bjointsp_recalc
0.1,1.0,perc_successful_flows,bjointsp_recalc
0.2,3589,total_flows,bjointsp_recalc
0.2,3334,successful_flows,bjointsp_recalc
0.2,1,dropped_flows,bjointsp_recalc
0.2,254,in_network_flows,bjointsp_recalc
0.2,0.9997001499250375,perc_successful_flows,bjointsp_recalc
0.3,4533,total_flows,bjointsp_recalc
0.3,4161,successful_flows,bjointsp_recalc
0.3,12,dropped_flows,bjointsp_recalc
0.3,360,in_network_flows,bjointsp_recalc
0.3,0.9971243709561467,perc_successful_flows,bjointsp_recalc
0.4,5638,total_flows,bjointsp_recalc
0.4,5045,successful_flows,bjointsp_recalc
0.4,93,dropped_flows,bjointsp_recalc
0.4,500,in_network_flows,bjointsp_recalc
0.4,0.9818995718178279,perc_successful_flows,bjointsp_recalc
0.1,455,total_flows,bjointsp
0.1,363,successful_flows,bjointsp
0.1,76,dropped_flows,bjointsp
0.1,16,in_network_flows,bjointsp
0.1,0.826879271070615,perc_successful_flows,bjointsp
0.2,1765,total_flows,bjointsp
0.2,1279,successful_flows,bjointsp
0.2,425,dropped_flows,bjointsp
0.2,61,in_network_flows,bjointsp
0.2,0.7505868544600939,perc_successful_flows,bjointsp
0.3,2746,total_flows,bjointsp
0.3,1815,successful_flows,bjointsp
0.3,847,dropped_flows,bjointsp
0.3,84,in_network_flows,bjointsp
0.3,0.6818181818181818,perc_successful_flows,bjointsp
0.4,4539,total_flows,bjointsp
0.4,2897,successful_flows,bjointsp
0.4,1512,dropped_flows,bjointsp
0.4,130,in_network_flows,bjointsp
0.4,0.6570650941256521,perc_successful_flows,bjointsp
0.5,5064,total_flows,bjointsp
0.5,3241,successful_flows,bjointsp
0.5,1659,dropped_flows,bjointsp
0.5,164,in_network_flows,bjointsp
0.5,0.6614285714285715,perc_successful_flows,bjointsp
0.1,431,total_flows,bjointsp_recalc
0.1,416,successful_flows,bjointsp_recalc
0.1,0,dropped_flows,bjointsp_recalc
0.1,15,in_network_flows,bjointsp_recalc
0.1,1.0,perc_successful_flows,bjointsp_recalc
0.2,1836,total_flows,bjointsp_recalc
0.2,1728,successful_flows,bjointsp_recalc
0.2,0,dropped_flows,bjointsp_recalc
0.2,108,in_network_flows,bjointsp_recalc
0.2,1.0,perc_successful_flows,bjointsp_recalc
0.3,2703,total_flows,bjointsp_recalc
0.3,2549,successful_flows,bjointsp_recalc
0.3,0,dropped_flows,bjointsp_recalc
0.3,154,in_network_flows,bjointsp_recalc
0.3,1.0,perc_successful_flows,bjointsp_recalc
0.4,4484,total_flows,bjointsp_recalc
0.4,4128,successful_flows,bjointsp_recalc
0.4,11,dropped_flows,bjointsp_recalc
0.4,345,in_network_flows,bjointsp_recalc
0.4,0.9973423532254168,perc_successful_flows,bjointsp_recalc
0.5,5126,total_flows,bjointsp_recalc
0.5,4604,successful_flows,bjointsp_recalc
0.5,60,dropped_flows,bjointsp_recalc
0.5,462,in_network_flows,bjointsp_recalc
0.5,0.9871355060034306,perc_successful_flows,bjointsp_recalc
0.1,1980,total_flows,bjointsp
0.1,1404,successful_flows,bjointsp
0.1,520,dropped_flows,bjointsp
0.1,56,in_network_flows,bjointsp
0.1,0.7297297297297297,perc_successful_flows,bjointsp
0.2,2960,total_flows,bjointsp
0.2,1978,successful_flows,bjointsp
0.2,897,dropped_flows,bjointsp
0.2,85,in_network_flows,bjointsp
0.2,0.688,perc_successful_flows,bjointsp
0.3,4475,total_flows,bjointsp
0.3,3026,successful_flows,bjointsp
0.3,1313,dropped_flows,bjointsp
0.3,136,in_network_flows,bjointsp
0.3,0.6973957132979949,perc_successful_flows,bjointsp
0.4,5860,total_flows,bjointsp
0.4,3700,successful_flows,bjointsp
0.4,2005,dropped_flows,bjointsp
0.4,155,in_network_flows,bjointsp
0.4,0.6485539000876425,perc_successful_flows,bjointsp
0.5,7240,total_flows,bjointsp
0.5,4315,successful_flows,bjointsp
0.5,2732,dropped_flows,bjointsp
0.5,193,in_network_flows,bjointsp
0.5,0.612317298141053,perc_successful_flows,bjointsp
0.1,2044,total_flows,bjointsp_recalc
0.1,1920,successful_flows,bjointsp_recalc
0.1,0,dropped_flows,bjointsp_recalc
0.1,124,in_network_flows,bjointsp_recalc
0.1,1.0,perc_successful_flows,bjointsp_recalc
0.3,4452,total_flows,bjointsp_recalc
0.3,4092,successful_flows,bjointsp_recalc
0.3,6,dropped_flows,bjointsp_recalc
0.3,354,in_network_flows,bjointsp_recalc
0.3,0.9985358711566618,perc_successful_flows,bjointsp_recalc
0.4,5736,total_flows,bjointsp_recalc
0.4,5116,successful_flows,bjointsp_recalc
0.4,107,dropped_flows,bjointsp_recalc
0.4,513,in_network_flows,bjointsp_recalc
0.4,0.9795136894505073,perc_successful_flows,bjointsp_recalc
0.5,7135,total_flows,bjointsp_recalc
0.5,5942,successful_flows,bjointsp_recalc
0.5,617,dropped_flows,bjointsp_recalc
0.5,576,in_network_flows,bjointsp_recalc
0.5,0.9059307821314224,perc_successful_flows,bjointsp_recalc
0.1,689,total_flows,bjointsp
0.1,548,successful_flows,bjointsp
0.1,117,dropped_flows,bjointsp
0.1,24,in_network_flows,bjointsp
0.1,0.8240601503759398,perc_successful_flows,bjointsp
0.2,2041,total_flows,bjointsp
0.2,1529,successful_flows,bjointsp
0.2,440,dropped_flows,bjointsp
0.2,72,in_network_flows,bjointsp
0.2,0.776536312849162,perc_successful_flows,bjointsp
0.3,4073,total_flows,bjointsp
0.3,2766,successful_flows,bjointsp
0.3,1175,dropped_flows,bjointsp
0.3,132,in_network_flows,bjointsp
0.3,0.7018523217457499,perc_successful_flows,bjointsp
0.4,4757,total_flows,bjointsp
0.4,3090,successful_flows,bjointsp
0.4,1519,dropped_flows,bjointsp
0.4,148,in_network_flows,bjointsp
0.4,0.6704274246040356,perc_successful_flows,bjointsp
0.5,6291,total_flows,bjointsp
0.5,3954,successful_flows,bjointsp
0.5,2146,dropped_flows,bjointsp
0.5,191,in_network_flows,bjointsp
0.5,0.6481967213114754,perc_successful_flows,bjointsp
0.1,738,total_flows,bjointsp_recalc
0.1,703,successful_flows,bjointsp_recalc
0.1,0,dropped_flows,bjointsp_recalc
0.1,35,in_network_flows,bjointsp_recalc
0.1,1.0,perc_successful_flows,bjointsp_recalc
0.2,2054,total_flows,bjointsp_recalc
0.2,1954,successful_flows,bjointsp_recalc
0.2,0,dropped_flows,bjointsp_recalc
0.2,100,in_network_flows,bjointsp_recalc
0.2,1.0,perc_successful_flows,bjointsp_recalc
0.3,3998,total_flows,bjointsp_recalc
0.3,3693,successful_flows,bjointsp_recalc
0.3,1,dropped_flows,bjointsp_recalc
0.3,304,in_network_flows,bjointsp_recalc
0.3,0.9997292907417433,perc_successful_flows,bjointsp_recalc
0.4,4651,total_flows,bjointsp_recalc
0.4,4247,successful_flows,bjointsp_recalc
0.4,33,dropped_flows,bjointsp_recalc
0.4,371,in_network_flows,bjointsp_recalc
0.4,0.9922897196261682,perc_successful_flows,bjointsp_recalc
0.5,6254,total_flows,bjointsp_recalc
0.5,5353,successful_flows,bjointsp_recalc
0.5,329,dropped_flows,bjointsp_recalc
0.5,572,in_network_flows,bjointsp_recalc
0.5,0.9420978528687082,perc_successful_flows,bjointsp_recalc
0.1,1086,total_flows,bjointsp
0.1,833,successful_flows,bjointsp
0.1,209,dropped_flows,bjointsp
0.1,44,in_network_flows,bjointsp
0.1,0.7994241842610365,perc_successful_flows,bjointsp
0.2,2423,total_flows,bjointsp
0.2,1716,successful_flows,bjointsp
0.2,617,dropped_flows,bjointsp
0.2,90,in_network_flows,bjointsp
0.2,0.735533647663952,perc_successful_flows,bjointsp
0.3,4225,total_flows,bjointsp
0.3,2931,successful_flows,bjointsp
0.3,1159,dropped_flows,bjointsp
0.3,135,in_network_flows,bjointsp
0.3,0.7166259168704157,perc_successful_flows,bjointsp
0.4,4816,total_flows,bjointsp
0.4,3153,successful_flows,bjointsp
0.4,1491,dropped_flows,bjointsp
0.4,172,in_network_flows,bjointsp
0.4,0.6789405684754521,perc_successful_flows,bjointsp
0.5,6206,total_flows,bjointsp
0.5,3802,successful_flows,bjointsp
0.5,2216,dropped_flows,bjointsp
0.5,188,in_network_flows,bjointsp
0.5,0.6317713526088401,perc_successful_flows,bjointsp
0.1,1098,total_flows,bjointsp_recalc
0.1,1039,successful_flows,bjointsp_recalc
0.1,0,dropped_flows,bjointsp_recalc
0.1,59,in_network_flows,bjointsp_recalc
0.1,1.0,perc_successful_flows,bjointsp_recalc
0.2,2481,total_flows,bjointsp_recalc
0.2,2327,successful_flows,bjointsp_recalc
0.2,0,dropped_flows,bjointsp_recalc
0.2,154,in_network_flows,bjointsp_recalc
0.2,1.0,perc_successful_flows,bjointsp_recalc
0.3,4238,total_flows,bjointsp_recalc
0.3,3902,successful_flows,bjointsp_recalc
0.3,8,dropped_flows,bjointsp_recalc
0.3,328,in_network_flows,bjointsp_recalc
0.3,0.9979539641943734,perc_successful_flows,bjointsp_recalc
0.4,4836,total_flows,bjointsp_recalc
0.4,4436,successful_flows,bjointsp_recalc
0.4,23,dropped_flows,bjointsp_recalc
0.4,377,in_network_flows,bjointsp_recalc
0.4,0.9948418928010765,perc_successful_flows,bjointsp_recalc
0.5,6225,total_flows,bjointsp_recalc
0.5,5386,successful_flows,bjointsp_recalc
0.5,285,dropped_flows,bjointsp_recalc
0.5,554,in_network_flows,bjointsp_recalc
0.5,0.94974431317228,perc_successful_flows,bjointsp_recalc
0.1,428,total_flows,bjointsp
0.1,346,successful_flows,bjointsp
0.1,69,dropped_flows,bjointsp
0.1,13,in_network_flows,bjointsp
0.1,0.8337349397590361,perc_successful_flows,bjointsp
0.2,2875,total_flows,bjointsp
0.2,2093,successful_flows,bjointsp
0.2,683,dropped_flows,bjointsp
0.2,99,in_network_flows,bjointsp
0.2,0.7539625360230547,perc_successful_flows,bjointsp
0.3,3737,total_flows,bjointsp
0.3,2606,successful_flows,bjointsp
0.3,1011,dropped_flows,bjointsp
0.3,120,in_network_flows,bjointsp
0.3,0.7204865910975947,perc_successful_flows,bjointsp
0.4,5109,total_flows,bjointsp
0.4,3325,successful_flows,bjointsp
0.4,1620,dropped_flows,bjointsp
0.4,164,in_network_flows,bjointsp
0.4,0.6723963599595552,perc_successful_flows,bjointsp
0.5,6384,total_flows,bjointsp
0.5,3914,successful_flows,bjointsp
0.5,2272,dropped_flows,bjointsp
0.5,198,in_network_flows,bjointsp
0.5,0.6327190430003233,perc_successful_flows,bjointsp
0.1,472,total_flows,bjointsp_recalc
0.1,447,successful_flows,bjointsp_recalc
0.1,0,dropped_flows,bjointsp_recalc
0.1,25,in_network_flows,bjointsp_recalc
0.1,1.0,perc_successful_flows,bjointsp_recalc
0.2,2843,total_flows,bjointsp_recalc
0.2,2666,successful_flows,bjointsp_recalc
0.2,0,dropped_flows,bjointsp_recalc
0.2,177,in_network_flows,bjointsp_recalc
0.2,1.0,perc_successful_flows,bjointsp_recalc
0.3,3773,total_flows,bjointsp_recalc
0.3,3505,successful_flows,bjointsp_recalc
0.3,0,dropped_flows,bjointsp_recalc
0.3,268,in_network_flows,bjointsp_recalc
0.3,1.0,perc_successful_flows,bjointsp_recalc
0.4,4991,total_flows,bjointsp_recalc
0.4,4494,successful_flows,bjointsp_recalc
0.4,51,dropped_flows,bjointsp_recalc
0.4,446,in_network_flows,bjointsp_recalc
0.4,0.9887788778877887,perc_successful_flows,bjointsp_recalc
0.5,6403,total_flows,bjointsp_recalc
0.5,5494,successful_flows,bjointsp_recalc
0.5,347,dropped_flows,bjointsp_recalc
0.5,562,in_network_flows,bjointsp_recalc
0.5,0.9405923643211779,perc_successful_flows,bjointsp_recalc
0.1,1105,total_flows,bjointsp
0.1,793,successful_flows,bjointsp
0.1,277,dropped_flows,bjointsp
0.1,35,in_network_flows,bjointsp
0.1,0.7411214953271028,perc_successful_flows,bjointsp
0.2,2515,total_flows,bjointsp
0.2,1810,successful_flows,bjointsp
0.2,632,dropped_flows,bjointsp
0.2,73,in_network_flows,bjointsp
0.2,0.7411957411957412,perc_successful_flows,bjointsp
0.3,3095,total_flows,bjointsp
0.3,2133,successful_flows,bjointsp
0.3,878,dropped_flows,bjointsp
0.3,84,in_network_flows,bjointsp
0.3,0.7084025240783792,perc_successful_flows,bjointsp
0.4,5368,total_flows,bjointsp
0.4,3415,successful_flows,bjointsp
0.4,1787,dropped_flows,bjointsp
0.4,166,in_network_flows,bjointsp
0.4,0.656478277585544,perc_successful_flows,bjointsp
0.5,6381,total_flows,bjointsp
0.5,3990,successful_flows,bjointsp
0.5,2203,dropped_flows,bjointsp
0.5,188,in_network_flows,bjointsp
0.5,0.6442757952527046,perc_successful_flows,bjointsp
0.1,1091,total_flows,bjointsp_recalc
0.1,1041,successful_flows,bjointsp_recalc
0.1,0,dropped_flows,bjointsp_recalc
0.1,50,in_network_flows,bjointsp_recalc
0.1,1.0,perc_successful_flows,bjointsp_recalc
0.2,2429,total_flows,bjointsp_recalc
0.2,2304,successful_flows,bjointsp_recalc
0.2,0,dropped_flows,bjointsp_recalc
0.2,125,in_network_flows,bjointsp_recalc
0.2,1.0,perc_successful_flows,bjointsp_recalc
0.3,3101,total_flows,bjointsp_recalc
0.3,2920,successful_flows,bjointsp_recalc
0.3,0,dropped_flows,bjointsp_recalc
0.3,181,in_network_flows,bjointsp_recalc
0.3,1.0,perc_successful_flows,bjointsp_recalc
0.4,5368,total_flows,bjointsp_recalc
0.4,4832,successful_flows,bjointsp_recalc
0.4,69,dropped_flows,bjointsp_recalc
0.4,467,in_network_flows,bjointsp_recalc
0.4,0.9859212405631503,perc_successful_flows,bjointsp_recalc
0.5,6399,total_flows,bjointsp_recalc
0.5,5459,successful_flows,bjointsp_recalc
0.5,364,dropped_flows,bjointsp_recalc
0.5,576,in_network_flows,bjointsp_recalc
0.5,0.9374892667010132,perc_successful_flows,bjointsp_recalc
0.1,1573,total_flows,bjointsp
0.1,1174,successful_flows,bjointsp
0.1,350,dropped_flows,bjointsp
0.1,49,in_network_flows,bjointsp
0.1,0.7703412073490814,perc_successful_flows,bjointsp
0.2,2672,total_flows,bjointsp
0.2,1913,successful_flows,bjointsp
0.2,685,dropped_flows,bjointsp
0.2,74,in_network_flows,bjointsp
0.2,0.7363356428021555,perc_successful_flows,bjointsp
0.3,4405,total_flows,bjointsp
0.3,2968,successful_flows,bjointsp
0.3,1313,dropped_flows,bjointsp
0.3,124,in_network_flows,bjointsp
0.3,0.6932959588881102,perc_successful_flows,bjointsp
0.4,5095,total_flows,bjointsp
0.4,3330,successful_flows,bjointsp
0.4,1644,dropped_flows,bjointsp
0.4,121,in_network_flows,bjointsp
0.4,0.669481302774427,perc_successful_flows,bjointsp
0.5,5762,total_flows,bjointsp
0.5,3652,successful_flows,bjointsp
0.5,1960,dropped_flows,bjointsp
0.5,150,in_network_flows,bjointsp
0.5,0.6507483962936564,perc_successful_flows,bjointsp
0.1,1554,total_flows,bjointsp_recalc
0.1,1479,successful_flows,bjointsp_recalc
0.1,0,dropped_flows,bjointsp_recalc
0.1,75,in_network_flows,bjointsp_recalc
0.1,1.0,perc_successful_flows,bjointsp_recalc
0.2,2716,total_flows,bjointsp_recalc
0.2,2576,successful_flows,bjointsp_recalc
0.2,0,dropped_flows,bjointsp_recalc
0.2,140,in_network_flows,bjointsp_recalc
0.2,1.0,perc_successful_flows,bjointsp_recalc
0.3,4384,total_flows,bjointsp_recalc
0.3,4042,successful_flows,bjointsp_recalc
0.3,3,dropped_flows,bjointsp_recalc
0.3,339,in_network_flows,bjointsp_recalc
0.3,0.9992583436341161,perc_successful_flows,bjointsp_recalc
0.4,5074,total_flows,bjointsp_recalc
0.4,4575,successful_flows,bjointsp_recalc
0.4,66,dropped_flows,bjointsp_recalc
0.4,433,in_network_flows,bjointsp_recalc
0.4,0.9857789269553976,perc_successful_flows,bjointsp_recalc
0.5,5916,total_flows,bjointsp_recalc
0.5,5131,successful_flows,bjointsp_recalc
0.5,255,dropped_flows,bjointsp_recalc
0.5,530,in_network_flows,bjointsp_recalc
0.5,0.9526550315633123,perc_successful_flows,bjointsp_recalc
0.1,1579,total_flows,bjointsp
0.1,1181,successful_flows,bjointsp
0.1,353,dropped_flows,bjointsp
0.1,45,in_network_flows,bjointsp
0.1,0.7698826597131682,perc_successful_flows,bjointsp
0.2,2199,total_flows,bjointsp
0.2,1586,successful_flows,bjointsp
0.2,547,dropped_flows,bjointsp
0.2,66,in_network_flows,bjointsp
0.2,0.743553680262541,perc_successful_flows,bjointsp
0.3,3302,total_flows,bjointsp
0.3,2383,successful_flows,bjointsp
0.3,824,dropped_flows,bjointsp
0.3,95,in_network_flows,bjointsp
0.3,0.7430620517617711,perc_successful_flows,bjointsp
0.4,5086,total_flows,bjointsp
0.4,3273,successful_flows,bjointsp
0.4,1663,dropped_flows,bjointsp
0.4,150,in_network_flows,bjointsp
0.4,0.6630875202593193,perc_successful_flows,bjointsp
0.5,5999,total_flows,bjointsp
0.5,3752,successful_flows,bjointsp
0.5,2075,dropped_flows,bjointsp
0.5,172,in_network_flows,bjointsp
0.5,0.6438990904410503,perc_successful_flows,bjointsp
0.1,1547,total_flows,bjointsp_recalc
0.1,1473,successful_flows,bjointsp_recalc
0.1,0,dropped_flows,bjointsp_recalc
0.1,74,in_network_flows,bjointsp_recalc
0.1,1.0,perc_successful_flows,bjointsp_recalc
0.2,2242,total_flows,bjointsp_recalc
0.2,2122,successful_flows,bjointsp_recalc
0.2,0,dropped_flows,bjointsp_recalc
0.2,120,in_network_flows,bjointsp_recalc
0.2,1.0,perc_successful_flows,bjointsp_recalc
0.3,3292,total_flows,bjointsp_recalc
0.3,3068,successful_flows,bjointsp_recalc
0.3,3,dropped_flows,bjointsp_recalc
0.3,221,in_network_flows,bjointsp_recalc
0.3,0.9990231195050472,perc_successful_flows,bjointsp_recalc
0.4,5095,total_flows,bjointsp_recalc
0.4,4591,successful_flows,bjointsp_recalc
0.4,55,dropped_flows,bjointsp_recalc
0.4,449,in_network_flows,bjointsp_recalc
0.4,0.9881618596642273,perc_successful_flows,bjointsp_recalc
0.5,6087,total_flows,bjointsp_recalc
0.5,5213,successful_flows,bjointsp_recalc
0.5,312,dropped_flows,bjointsp_recalc
0.5,562,in_network_flows,bjointsp_recalc
0.5,0.9435294117647058,perc_successful_flows,bjointsp_recalc
0.1,1179,total_flows,bjointsp
0.1,890,successful_flows,bjointsp
0.1,245,dropped_flows,bjointsp
0.1,44,in_network_flows,bjointsp
0.1,0.7841409691629956,perc_successful_flows,bjointsp
0.2,2022,total_flows,bjointsp
0.2,1490,successful_flows,bjointsp
0.2,460,dropped_flows,bjointsp
0.2,72,in_network_flows,bjointsp
0.2,0.764102564102564,perc_successful_flows,bjointsp
0.3,4254,total_flows,bjointsp
0.3,2858,successful_flows,bjointsp
0.3,1267,dropped_flows,bjointsp
0.3,129,in_network_flows,bjointsp
0.3,0.6928484848484848,perc_successful_flows,bjointsp
0.4,6504,total_flows,bjointsp
0.4,3937,successful_flows,bjointsp
0.4,2377,dropped_flows,bjointsp
0.4,190,in_network_flows,bjointsp
0.4,0.6235350015837821,perc_successful_flows,bjointsp
0.5,7324,total_flows,bjointsp
0.5,4363,successful_flows,bjointsp
0.5,2767,dropped_flows,bjointsp
0.5,194,in_network_flows,bjointsp
0.5,0.6119214586255259,perc_successful_flows,bjointsp
0.1,1155,total_flows,bjointsp_recalc
0.1,1091,successful_flows,bjointsp_recalc
0.1,0,dropped_flows,bjointsp_recalc
0.1,64,in_network_flows,bjointsp_recalc
0.1,1.0,perc_successful_flows,bjointsp_recalc
0.2,2014,total_flows,bjointsp_recalc
0.2,1916,successful_flows,bjointsp_recalc
0.2,0,dropped_flows,bjointsp_recalc
0.2,98,in_network_flows,bjointsp_recalc
0.2,1.0,perc_successful_flows,bjointsp_recalc
0.3,4310,total_flows,bjointsp_recalc
0.3,4008,successful_flows,bjointsp_recalc
0.3,2,dropped_flows,bjointsp_recalc
0.3,300,in_network_flows,bjointsp_recalc
0.3,0.9995012468827931,perc_successful_flows,bjointsp_recalc
0.4,6508,total_flows,bjointsp_recalc
0.4,5513,successful_flows,bjointsp_recalc
0.4,441,dropped_flows,bjointsp_recalc
0.4,554,in_network_flows,bjointsp_recalc
0.4,0.925932146456164,perc_successful_flows,bjointsp_recalc
0.5,7435,total_flows,bjointsp_recalc
0.5,5962,successful_flows,bjointsp_recalc
0.5,852,dropped_flows,bjointsp_recalc
0.5,621,in_network_flows,bjointsp_recalc
0.5,0.8749633108306428,perc_successful_flows,bjointsp_recalc
0.1,1078,total_flows,bjointsp
0.1,809,successful_flows,bjointsp
0.1,231,dropped_flows,bjointsp
0.1,38,in_network_flows,bjointsp
0.1,0.7778846153846154,perc_successful_flows,bjointsp
0.2,1749,total_flows,bjointsp
0.2,1304,successful_flows,bjointsp
0.2,395,dropped_flows,bjointsp
0.2,50,in_network_flows,bjointsp
0.2,0.7675103001765744,perc_successful_flows,bjointsp
0.3,2942,total_flows,bjointsp
0.3,2064,successful_flows,bjointsp
0.3,776,dropped_flows,bjointsp
0.3,102,in_network_flows,bjointsp
0.3,0.7267605633802817,perc_successful_flows,bjointsp
0.4,4313,total_flows,bjointsp
0.4,2873,successful_flows,bjointsp
0.4,1308,dropped_flows,bjointsp
0.4,132,in_network_flows,bjointsp
0.4,0.687156182731404,perc_successful_flows,bjointsp
0.5,5938,total_flows,bjointsp
0.5,3694,successful_flows,bjointsp
0.5,2066,dropped_flows,bjointsp
0.5,178,in_network_flows,bjointsp
0.5,0.6413194444444444,perc_successful_flows,bjointsp
0.1,1127,total_flows,bjointsp_recalc
0.1,1069,successful_flows,bjointsp_recalc
0.1,0,dropped_flows,bjointsp_recalc
0.1,58,in_network_flows,bjointsp_recalc
0.1,1.0,perc_successful_flows,bjointsp_recalc
0.2,1781,total_flows,bjointsp_recalc
0.2,1683,successful_flows,bjointsp_recalc
0.2,0,dropped_flows,bjointsp_recalc
0.2,98,in_network_flows,bjointsp_recalc
0.2,1.0,perc_successful_flows,bjointsp_recalc
0.3,2897,total_flows,bjointsp_recalc
0.3,2730,successful_flows,bjointsp_recalc
0.3,0,dropped_flows,bjointsp_recalc
0.3,167,in_network_flows,bjointsp_recalc
0.3,1.0,perc_successful_flows,bjointsp_recalc
0.4,4206,total_flows,bjointsp_recalc
0.4,3868,successful_flows,bjointsp_recalc
0.4,2,dropped_flows,bjointsp_recalc
0.4,336,in_network_flows,bjointsp_recalc
0.4,0.999483204134367,perc_successful_flows,bjointsp_recalc
0.5,5733,total_flows,bjointsp_recalc
0.5,5097,successful_flows,bjointsp_recalc
0.5,132,dropped_flows,bjointsp_recalc
0.5,504,in_network_flows,bjointsp_recalc
0.5,0.9747561675272519,perc_successful_flows,bjointsp_recalc
0.1,1093,total_flows,bjointsp
0.1,786,successful_flows,bjointsp
0.1,278,dropped_flows,bjointsp
0.1,29,in_network_flows,bjointsp
0.1,0.7387218045112782,perc_successful_flows,bjointsp
0.2,2202,total_flows,bjointsp
0.2,1530,successful_flows,bjointsp
0.2,610,dropped_flows,bjointsp
0.2,62,in_network_flows,bjointsp
0.2,0.7149532710280374,perc_successful_flows,bjointsp
0.3,3098,total_flows,bjointsp
0.3,2127,successful_flows,bjointsp
0.3,894,dropped_flows,bjointsp
0.3,77,in_network_flows,bjointsp
0.3,0.7040714995034757,perc_successful_flows,bjointsp
0.4,4478,total_flows,bjointsp
0.4,3025,successful_flows,bjointsp
0.4,1324,dropped_flows,bjointsp
0.4,129,in_network_flows,bjointsp
0.4,0.6955621982064842,perc_successful_flows,bjointsp
0.5,5919,total_flows,bjointsp
0.5,3788,successful_flows,bjointsp
0.5,1959,dropped_flows,bjointsp
0.5,172,in_network_flows,bjointsp
0.5,0.6591265007830173,perc_successful_flows,bjointsp
0.1,1158,total_flows,bjointsp_recalc
0.1,1101,successful_flows,bjointsp_recalc
0.1,0,dropped_flows,bjointsp_recalc
0.1,57,in_network_flows,bjointsp_recalc
0.1,1.0,perc_successful_flows,bjointsp_recalc
0.2,2234,total_flows,bjointsp_recalc
0.2,2105,successful_flows,bjointsp_recalc
0.2,0,dropped_flows,bjointsp_recalc
0.2,129,in_network_flows,bjointsp_recalc
0.2,1.0,perc_successful_flows,bjointsp_recalc
0.3,3160,total_flows,bjointsp_recalc
0.3,2956,successful_flows,bjointsp_recalc
0.3,0,dropped_flows,bjointsp_recalc
0.3,204,in_network_flows,bjointsp_recalc
0.3,1.0,perc_successful_flows,bjointsp_recalc
0.4,4459,total_flows,bjointsp_recalc
0.4,4146,successful_flows,bjointsp_recalc
0.4,3,dropped_flows,bjointsp_recalc
0.4,310,in_network_flows,bjointsp_recalc
0.4,0.9992769342010123,perc_successful_flows,bjointsp_recalc
0.5,5969,total_flows,bjointsp_recalc
0.5,5214,successful_flows,bjointsp_recalc
0.5,216,dropped_flows,bjointsp_recalc
0.5,539,in_network_flows,bjointsp_recalc
0.5,0.9602209944751381,perc_successful_flows,bjointsp_recalc
0.1,1102,total_flows,bjointsp
0.1,842,successful_flows,bjointsp
0.1,220,dropped_flows,bjointsp
0.1,40,in_network_flows,bjointsp
0.1,0.7928436911487758,perc_successful_flows,bjointsp
0.2,1764,total_flows,bjointsp
0.2,1332,successful_flows,bjointsp
0.2,377,dropped_flows,bjointsp
0.2,55,in_network_flows,bjointsp
0.2,0.7794031597425395,perc_successful_flows,bjointsp
0.3,2655,total_flows,bjointsp
0.3,1916,successful_flows,bjointsp
0.3,660,dropped_flows,bjointsp
0.3,79,in_network_flows,bjointsp
0.3,0.7437888198757764,perc_successful_flows,bjointsp
0.4,3978,total_flows,bjointsp
0.4,2785,successful_flows,bjointsp
0.4,1086,dropped_flows,bjointsp
0.4,107,in_network_flows,bjointsp
0.4,0.7194523378971842,perc_successful_flows,bjointsp
0.5,5365,total_flows,bjointsp
0.5,3522,successful_flows,bjointsp
0.5,1693,dropped_flows,bjointsp
0.5,150,in_network_flows,bjointsp
0.5,0.67535953978907,perc_successful_flows,bjointsp
0.1,1121,total_flows,bjointsp_recalc
0.1,1063,successful_flows,bjointsp_recalc
0.1,0,dropped_flows,bjointsp_recalc
0.1,58,in_network_flows,bjointsp_recalc
0.1,1.0,perc_successful_flows,bjointsp_recalc
0.2,1800,total_flows,bjointsp_recalc
0.2,1707,successful_flows,bjointsp_recalc
0.2,0,dropped_flows,bjointsp_recalc
0.2,93,in_network_flows,bjointsp_recalc
0.2,1.0,perc_successful_flows,bjointsp_recalc
0.3,2669,total_flows,bjointsp_recalc
0.3,2516,successful_flows,bjointsp_recalc
0.3,0,dropped_flows,bjointsp_recalc
0.3,153,in_network_flows,bjointsp_recalc
0.3,1.0,perc_successful_flows,bjointsp_recalc
0.4,4046,total_flows,bjointsp_recalc
0.4,3739,successful_flows,bjointsp_recalc
0.4,2,dropped_flows,bjointsp_recalc
0.4,305,in_network_flows,bjointsp_recalc
0.4,0.9994653835872761,perc_successful_flows,bjointsp_recalc
0.5,5343,total_flows,bjointsp_recalc
0.5,4776,successful_flows,bjointsp_recalc
0.5,86,dropped_flows,bjointsp_recalc
0.5,481,in_network_flows,bjointsp_recalc
0.5,0.9823118058412176,perc_successful_flows,bjointsp_recalc
0.1,891,total_flows,bjointsp
0.1,675,successful_flows,bjointsp
0.1,169,dropped_flows,bjointsp
0.1,47,in_network_flows,bjointsp
0.1,0.7997630331753555,perc_successful_flows,bjointsp
0.2,2867,total_flows,bjointsp
0.2,2125,successful_flows,bjointsp
0.2,637,dropped_flows,bjointsp
0.2,105,in_network_flows,bjointsp
0.2,0.7693700217233889,perc_successful_flows,bjointsp
0.3,4017,total_flows,bjointsp
0.3,2728,successful_flows,bjointsp
0.3,1166,dropped_flows,bjointsp
0.3,123,in_network_flows,bjointsp
0.3,0.7005649717514124,perc_successful_flows,bjointsp
0.4,5285,total_flows,bjointsp
0.4,3433,successful_flows,bjointsp
0.4,1695,dropped_flows,bjointsp
0.4,157,in_network_flows,bjointsp
0.4,0.6694617784711389,perc_successful_flows,bjointsp
0.5,6640,total_flows,bjointsp
0.5,4116,successful_flows,bjointsp
0.5,2329,dropped_flows,bjointsp
0.5,195,in_network_flows,bjointsp
0.5,0.6386346004654772,perc_successful_flows,bjointsp
0.1,884,total_flows,bjointsp_recalc
0.1,842,successful_flows,bjointsp_recalc
0.1,0,dropped_flows,bjointsp_recalc
0.1,42,in_network_flows,bjointsp_recalc
0.1,1.0,perc_successful_flows,bjointsp_recalc
0.2,2915,total_flows,bjointsp_recalc
0.2,2735,successful_flows,bjointsp_recalc
0.2,0,dropped_flows,bjointsp_recalc
0.2,180,in_network_flows,bjointsp_recalc
0.2,1.0,perc_successful_flows,bjointsp_recalc
0.3,3981,total_flows,bjointsp_recalc
0.3,3712,successful_flows,bjointsp_recalc
0.3,2,dropped_flows,bjointsp_recalc
0.3,267,in_network_flows,bjointsp_recalc
0.3,0.9994614970382337,perc_successful_flows,bjointsp_recalc
0.4,5287,total_flows,bjointsp_recalc
0.4,4769,successful_flows,bjointsp_recalc
0.4,52,dropped_flows,bjointsp_recalc
0.4,466,in_network_flows,bjointsp_recalc
0.4,0.9892138560464634,perc_successful_flows,bjointsp_recalc
0.5,6676,total_flows,bjointsp_recalc
0.5,5536,successful_flows,bjointsp_recalc
0.5,525,dropped_flows,bjointsp_recalc
0.5,615,in_network_flows,bjointsp_recalc
0.5,0.9133806302590332,perc_successful_flows,bjointsp_recalc
0.1,1591,total_flows,bjointsp
0.1,1218,successful_flows,bjointsp
0.1,319,dropped_flows,bjointsp
0.1,54,in_network_flows,bjointsp
0.1,0.7924528301886793,perc_successful_flows,bjointsp
0.2,2952,total_flows,bjointsp
0.2,2099,successful_flows,bjointsp
0.2,753,dropped_flows,bjointsp
0.2,100,in_network_flows,bjointsp
0.2,0.7359747545582047,perc_successful_flows,bjointsp
0.3,4021,total_flows,bjointsp
0.3,2742,successful_flows,bjointsp
0.3,1141,dropped_flows,bjointsp
0.3,138,in_network_flows,bjointsp
0.3,0.7061550347669328,perc_successful_flows,bjointsp
0.4,4948,total_flows,bjointsp
0.4,3265,successful_flows,bjointsp
0.4,1530,dropped_flows,bjointsp
0.4,153,in_network_flows,bjointsp
0.4,0.6809176225234619,perc_successful_flows,bjointsp
0.5,5647,total_flows,bjointsp
0.5,3504,successful_flows,bjointsp
0.5,1969,dropped_flows,bjointsp
0.5,174,in_network_flows,bjointsp
0.5,0.6402338753882697,perc_successful_flows,bjointsp
0.1,1575,total_flows,bjointsp_recalc
0.1,1494,successful_flows,bjointsp_recalc
0.1,0,dropped_flows,bjointsp_recalc
0.1,81,in_network_flows,bjointsp_recalc
0.1,1.0,perc_successful_flows,bjointsp_recalc
0.2,2845,total_flows,bjointsp_recalc
0.2,2668,successful_flows,bjointsp_recalc
0.2,0,dropped_flows,bjointsp_recalc
0.2,177,in_network_flows,bjointsp_recalc
0.2,1.0,perc_successful_flows,bjointsp_recalc
0.3,4075,total_flows,bjointsp_recalc
0.3,3770,successful_flows,bjointsp_recalc
0.3,3,dropped_flows,bjointsp_recalc
0.3,302,in_network_flows,bjointsp_recalc
0.3,0.9992048767558972,perc_successful_flows,bjointsp_recalc
0.4,4852,total_flows,bjointsp_recalc
0.4,4435,successful_flows,bjointsp_recalc
0.4,29,dropped_flows,bjointsp_recalc
0.4,388,in_network_flows,bjointsp_recalc
0.4,0.9935035842293907,perc_successful_flows,bjointsp_recalc
0.5,5512,total_flows,bjointsp_recalc
0.5,4903,successful_flows,bjointsp_recalc
0.5,120,dropped_flows,bjointsp_recalc
0.5,489,in_network_flows,bjointsp_recalc
0.5,0.9761098944853673,perc_successful_flows,bjointsp_recalc
0.1,1145,total_flows,bjointsp
0.1,909,successful_flows,bjointsp
0.1,201,dropped_flows,bjointsp
0.1,35,in_network_flows,bjointsp
0.1,0.8189189189189189,perc_successful_flows,bjointsp
0.2,2247,total_flows,bjointsp
0.2,1663,successful_flows,bjointsp
0.2,502,dropped_flows,bjointsp
0.2,82,in_network_flows,bjointsp
0.2,0.7681293302540416,perc_successful_flows,bjointsp
0.3,3739,total_flows,bjointsp
0.3,2600,successful_flows,bjointsp
0.3,1012,dropped_flows,bjointsp
0.3,127,in_network_flows,bjointsp
0.3,0.7198228128460686,perc_successful_flows,bjointsp
0.4,5400,total_flows,bjointsp
0.4,3504,successful_flows,bjointsp
0.4,1709,dropped_flows,bjointsp
0.4,187,in_network_flows,bjointsp
0.4,0.6721657394974103,perc_successful_flows,bjointsp
0.5,6954,total_flows,bjointsp
0.5,4162,successful_flows,bjointsp
0.5,2596,dropped_flows,bjointsp
0.5,196,in_network_flows,bjointsp
0.5,0.6158626812666469,perc_successful_flows,bjointsp
0.1,1152,total_flows,bjointsp_recalc
0.1,1093,successful_flows,bjointsp_recalc
0.1,0,dropped_flows,bjointsp_recalc
0.1,59,in_network_flows,bjointsp_recalc
0.1,1.0,perc_successful_flows,bjointsp_recalc
0.2,2218,total_flows,bjointsp_recalc
0.2,2095,successful_flows,bjointsp_recalc
0.2,0,dropped_flows,bjointsp_recalc
0.2,123,in_network_flows,bjointsp_recalc
0.2,1.0,perc_successful_flows,bjointsp_recalc
0.3,3777,total_flows,bjointsp_recalc
0.3,3511,successful_flows,bjointsp_recalc
0.3,0,dropped_flows,bjointsp_recalc
0.3,266,in_network_flows,bjointsp_recalc
0.3,1.0,perc_successful_flows,bjointsp_recalc
0.4,5353,total_flows,bjointsp_recalc
0.4,4779,successful_flows,bjointsp_recalc
0.4,92,dropped_flows,bjointsp_recalc
0.4,482,in_network_flows,bjointsp_recalc
0.4,0.9811127078628619,perc_successful_flows,bjointsp_recalc
0.1,908,total_flows,bjointsp
0.1,722,successful_flows,bjointsp
0.1,163,dropped_flows,bjointsp
0.1,23,in_network_flows,bjointsp
0.1,0.8158192090395481,perc_successful_flows,bjointsp
0.2,2848,total_flows,bjointsp
0.2,2105,successful_flows,bjointsp
0.2,641,dropped_flows,bjointsp
0.2,102,in_network_flows,bjointsp
0.2,0.7665695557174071,perc_successful_flows,bjointsp
0.3,4400,total_flows,bjointsp
0.3,2949,successful_flows,bjointsp
0.3,1323,dropped_flows,bjointsp
0.3,128,in_network_flows,bjointsp
0.3,0.6903089887640449,perc_successful_flows,bjointsp
0.4,5446,total_flows,bjointsp
0.4,3621,successful_flows,bjointsp
0.4,1675,dropped_flows,bjointsp
0.4,150,in_network_flows,bjointsp
0.4,0.6837235649546828,perc_successful_flows,bjointsp
0.5,5701,total_flows,bjointsp
0.5,3682,successful_flows,bjointsp
0.5,1867,dropped_flows,bjointsp
0.5,152,in_network_flows,bjointsp
0.5,0.6635429807172464,perc_successful_flows,bjointsp
0.1,926,total_flows,bjointsp_recalc
0.1,881,successful_flows,bjointsp_recalc
0.1,0,dropped_flows,bjointsp_recalc
0.1,45,in_network_flows,bjointsp_recalc
0.1,1.0,perc_successful_flows,bjointsp_recalc
0.2,2837,total_flows,bjointsp_recalc
0.2,2640,successful_flows,bjointsp_recalc
0.2,0,dropped_flows,bjointsp_recalc
0.2,197,in_network_flows,bjointsp_recalc
0.2,1.0,perc_successful_flows,bjointsp_recalc
0.3,4328,total_flows,bjointsp_recalc
0.3,3987,successful_flows,bjointsp_recalc
0.3,6,dropped_flows,bjointsp_recalc
0.3,335,in_network_flows,bjointsp_recalc
0.3,0.9984973703981969,perc_successful_flows,bjointsp_recalc
0.4,5554,total_flows,bjointsp_recalc
0.4,4914,successful_flows,bjointsp_recalc
0.4,154,dropped_flows,bjointsp_recalc
0.4,486,in_network_flows,bjointsp_recalc
0.4,0.9696132596685083,perc_successful_flows,bjointsp_recalc
0.5,5738,total_flows,bjointsp_recalc
0.5,5028,successful_flows,bjointsp_recalc
0.5,178,dropped_flows,bjointsp_recalc
0.5,532,in_network_flows,bjointsp_recalc
0.5,0.9658086822896658,perc_successful_flows,bjointsp_recalc
0.1,2442,total_flows,bjointsp
0.1,1712,successful_flows,bjointsp
0.1,641,dropped_flows,bjointsp
0.1,89,in_network_flows,bjointsp
0.1,0.7275818104547387,perc_successful_flows,bjointsp
0.2,3527,total_flows,bjointsp
0.2,2341,successful_flows,bjointsp
0.2,1069,dropped_flows,bjointsp
0.2,117,in_network_flows,bjointsp
0.2,0.6865102639296188,perc_successful_flows,bjointsp
0.3,4605,total_flows,bjointsp
0.3,3005,successful_flows,bjointsp
0.3,1434,dropped_flows,bjointsp
0.3,166,in_network_flows,bjointsp
0.3,0.6769542689794998,perc_successful_flows,bjointsp
0.4,5322,total_flows,bjointsp
0.4,3316,successful_flows,bjointsp
0.4,1822,dropped_flows,bjointsp
0.4,184,in_network_flows,bjointsp
0.4,0.6453873102374464,perc_successful_flows,bjointsp
0.5,7354,total_flows,bjointsp
0.5,4316,successful_flows,bjointsp
0.5,2801,dropped_flows,bjointsp
0.5,237,in_network_flows,bjointsp
0.5,0.6064352957706899,perc_successful_flows,bjointsp
0.1,2501,total_flows,bjointsp_recalc
0.1,2346,successful_flows,bjointsp_recalc
0.1,0,dropped_flows,bjointsp_recalc
0.1,155,in_network_flows,bjointsp_recalc
0.1,1.0,perc_successful_flows,bjointsp_recalc
0.2,3633,total_flows,bjointsp_recalc
0.2,3345,successful_flows,bjointsp_recalc
0.2,7,dropped_flows,bjointsp_recalc
0.2,281,in_network_flows,bjointsp_recalc
0.2,0.9979116945107399,perc_successful_flows,bjointsp_recalc
0.3,4668,total_flows,bjointsp_recalc
0.3,4236,successful_flows,bjointsp_recalc
0.3,32,dropped_flows,bjointsp_recalc
0.3,400,in_network_flows,bjointsp_recalc
0.3,0.9925023430178069,perc_successful_flows,bjointsp_recalc
0.4,5376,total_flows,bjointsp_recalc
0.4,4772,successful_flows,bjointsp_recalc
0.4,129,dropped_flows,bjointsp_recalc
0.4,475,in_network_flows,bjointsp_recalc
0.4,0.9736788410528464,perc_successful_flows,bjointsp_recalc
0.5,7390,total_flows,bjointsp_recalc
0.5,5797,successful_flows,bjointsp_recalc
0.5,965,dropped_flows,bjointsp_recalc
0.5,628,in_network_flows,bjointsp_recalc
0.5,0.8572907423839101,perc_successful_flows,bjointsp_recalc
0.1,1086,total_flows,bjointsp
0.1,859,successful_flows,bjointsp
0.1,195,dropped_flows,bjointsp
0.1,32,in_network_flows,bjointsp
0.1,0.8149905123339658,perc_successful_flows,bjointsp
0.2,1802,total_flows,bjointsp
0.2,1355,successful_flows,bjointsp
0.2,401,dropped_flows,bjointsp
0.2,46,in_network_flows,bjointsp
0.2,0.7716400911161732,perc_successful_flows,bjointsp
0.3,3055,total_flows,bjointsp
0.3,2124,successful_flows,bjointsp
0.3,854,dropped_flows,bjointsp
0.3,77,in_network_flows,bjointsp
0.3,0.7132303559435863,perc_successful_flows,bjointsp
0.4,4658,total_flows,bjointsp
0.4,2982,successful_flows,bjointsp
0.4,1574,dropped_flows,bjointsp
0.4,102,in_network_flows,bjointsp
0.4,0.654521510096576,perc_successful_flows,bjointsp
0.5,6469,total_flows,bjointsp
0.5,3878,successful_flows,bjointsp
0.5,2423,dropped_flows,bjointsp
0.5,168,in_network_flows,bjointsp
0.5,0.6154578638311379,perc_successful_flows,bjointsp
0.1,1125,total_flows,bjointsp_recalc
0.1,1074,successful_flows,bjointsp_recalc
0.1,0,dropped_flows,bjointsp_recalc
0.1,51,in_network_flows,bjointsp_recalc
0.1,1.0,perc_successful_flows,bjointsp_recalc
0.2,1780,total_flows,bjointsp_recalc
0.2,1692,successful_flows,bjointsp_recalc
0.2,0,dropped_flows,bjointsp_recalc
0.2,88,in_network_flows,bjointsp_recalc
0.2,1.0,perc_successful_flows,bjointsp_recalc
0.3,3059,total_flows,bjointsp_recalc
0.3,2867,successful_flows,bjointsp_recalc
0.3,0,dropped_flows,bjointsp_recalc
0.3,192,in_network_flows,bjointsp_recalc
0.3,1.0,perc_successful_flows,bjointsp_recalc
0.4,4620,total_flows,bjointsp_recalc
0.4,4253,successful_flows,bjointsp_recalc
0.4,9,dropped_flows,bjointsp_recalc
0.4,358,in_network_flows,bjointsp_recalc
0.4,0.9978883153449085,perc_successful_flows,bjointsp_recalc
0.5,6481,total_flows,bjointsp_recalc
0.5,5529,successful_flows,bjointsp_recalc
0.5,407,dropped_flows,bjointsp_recalc
0.5,545,in_network_flows,bjointsp_recalc
0.5,0.9314353099730458,perc_successful_flows,bjointsp_recalc
0.1,1543,total_flows,bjointsp
0.1,1084,successful_flows,bjointsp
0.1,407,dropped_flows,bjointsp
0.1,52,in_network_flows,bjointsp
0.1,0.7270288397048961,perc_successful_flows,bjointsp
0.2,2739,total_flows,bjointsp
0.2,1993,successful_flows,bjointsp
0.2,666,dropped_flows,bjointsp
0.2,80,in_network_flows,bjointsp
0.2,0.749529898458067,perc_successful_flows,bjointsp
0.3,3358,total_flows,bjointsp
0.3,2328,successful_flows,bjointsp
0.3,921,dropped_flows,bjointsp
0.3,109,in_network_flows,bjointsp
0.3,0.716528162511542,perc_successful_flows,bjointsp
0.4,3891,total_flows,bjointsp
0.4,2614,successful_flows,bjointsp
0.4,1176,dropped_flows,bjointsp
0.4,101,in_network_flows,bjointsp
0.4,0.6897097625329816,perc_successful_flows,bjointsp
0.5,5467,total_flows,bjointsp
0.5,3462,successful_flows,bjointsp
0.5,1836,dropped_flows,bjointsp
0.5,169,in_network_flows,bjointsp
0.5,0.6534541336353341,perc_successful_flows,bjointsp
0.1,1575,total_flows,bjointsp_recalc
0.1,1502,successful_flows,bjointsp_recalc
0.1,0,dropped_flows,bjointsp_recalc
0.1,73,in_network_flows,bjointsp_recalc
0.1,1.0,perc_successful_flows,bjointsp_recalc
0.2,2667,total_flows,bjointsp_recalc
0.2,2514,successful_flows,bjointsp_recalc
0.2,0,dropped_flows,bjointsp_recalc
0.2,153,in_network_flows,bjointsp_recalc
0.2,1.0,perc_successful_flows,bjointsp_recalc
0.3,3366,total_flows,bjointsp_recalc
0.3,3161,successful_flows,bjointsp_recalc
0.3,0,dropped_flows,bjointsp_recalc
0.3,205,in_network_flows,bjointsp_recalc
0.3,1.0,perc_successful_flows,bjointsp_recalc
0.4,3864,total_flows,bjointsp_recalc
0.4,3621,successful_flows,bjointsp_recalc
0.4,0,dropped_flows,bjointsp_recalc
0.4,243,in_network_flows,bjointsp_recalc
0.4,1.0,perc_successful_flows,bjointsp_recalc
0.5,5389,total_flows,bjointsp_recalc
0.5,4894,successful_flows,bjointsp_recalc
0.5,53,dropped_flows,bjointsp_recalc
0.5,442,in_network_flows,bjointsp_recalc
0.5,0.9892864362239742,perc_successful_flows,bjointsp_recalc
0.1,888,total_flows,bjointsp
0.1,685,successful_flows,bjointsp
0.1,178,dropped_flows,bjointsp
0.1,25,in_network_flows,bjointsp
0.1,0.7937427578215527,perc_successful_flows,bjointsp
0.2,4015,total_flows,bjointsp
0.2,2740,successful_flows,bjointsp
0.2,1158,dropped_flows,bjointsp
0.2,117,in_network_flows,bjointsp
0.2,0.7029245767060031,perc_successful_flows,bjointsp
0.3,5441,total_flows,bjointsp
0.3,3470,successful_flows,bjointsp
0.3,1814,dropped_flows,bjointsp
0.3,157,in_network_flows,bjointsp
0.3,0.6566994700984103,perc_successful_flows,bjointsp
0.4,6212,total_flows,bjointsp
0.4,3866,successful_flows,bjointsp
0.4,2166,dropped_flows,bjointsp
0.4,180,in_network_flows,bjointsp
0.4,0.6409151193633952,perc_successful_flows,bjointsp
0.5,6872,total_flows,bjointsp
0.5,4219,successful_flows,bjointsp
0.5,2458,dropped_flows,bjointsp
0.5,195,in_network_flows,bjointsp
0.5,0.6318706005691178,perc_successful_flows,bjointsp
0.1,930,total_flows,bjointsp_recalc
0.1,891,successful_flows,bjointsp_recalc
0.1,0,dropped_flows,bjointsp_recalc
0.1,39,in_network_flows,bjointsp_recalc
0.1,1.0,perc_successful_flows,bjointsp_recalc
0.2,4089,total_flows,bjointsp_recalc
0.2,3808,successful_flows,bjointsp_recalc
0.2,0,dropped_flows,bjointsp_recalc
0.2,281,in_network_flows,bjointsp_recalc
0.2,1.0,perc_successful_flows,bjointsp_recalc
0.3,5422,total_flows,bjointsp_recalc
0.3,4823,successful_flows,bjointsp_recalc
0.3,115,dropped_flows,bjointsp_recalc
0.3,484,in_network_flows,bjointsp_recalc
0.3,0.9767112191170514,perc_successful_flows,bjointsp_recalc
0.4,6319,total_flows,bjointsp_recalc
0.4,5463,successful_flows,bjointsp_recalc
0.4,292,dropped_flows,bjointsp_recalc
0.4,564,in_network_flows,bjointsp_recalc
0.4,0.9492615117289314,perc_successful_flows,bjointsp_recalc
0.5,6990,total_flows,bjointsp_recalc
0.5,5754,successful_flows,bjointsp_recalc
0.5,620,dropped_flows,bjointsp_recalc
0.5,616,in_network_flows,bjointsp_recalc
0.5,0.902729839974898,perc_successful_flows,bjointsp_recalc
0.1,1808,total_flows,bjointsp
0.1,1367,successful_flows,bjointsp
0.1,385,dropped_flows,bjointsp
0.1,56,in_network_flows,bjointsp
0.1,0.7802511415525114,perc_successful_flows,bjointsp
0.2,3112,total_flows,bjointsp
0.2,2197,successful_flows,bjointsp
0.2,831,dropped_flows,bjointsp
0.2,84,in_network_flows,bjointsp
0.2,0.72556142668428,perc_successful_flows,bjointsp
0.3,5886,total_flows,bjointsp
0.3,3739,successful_flows,bjointsp
0.3,1973,dropped_flows,bjointsp
0.3,174,in_network_flows,bjointsp
0.3,0.6545868347338936,perc_successful_flows,bjointsp
0.4,6937,total_flows,bjointsp
0.4,4272,successful_flows,bjointsp
0.4,2461,dropped_flows,bjointsp
0.4,204,in_network_flows,bjointsp
0.4,0.6344868557849398,perc_successful_flows,bjointsp
0.5,7818,total_flows,bjointsp
0.5,4606,successful_flows,bjointsp
0.5,2974,dropped_flows,bjointsp
0.5,238,in_network_flows,bjointsp
0.5,0.6076517150395778,perc_successful_flows,bjointsp
0.1,1787,total_flows,bjointsp_recalc
0.1,1709,successful_flows,bjointsp_recalc
0.1,0,dropped_flows,bjointsp_recalc
0.1,78,in_network_flows,bjointsp_recalc
0.1,1.0,perc_successful_flows,bjointsp_recalc
0.2,3163,total_flows,bjointsp_recalc
0.2,2979,successful_flows,bjointsp_recalc
0.2,0,dropped_flows,bjointsp_recalc
0.2,184,in_network_flows,bjointsp_recalc
0.2,1.0,perc_successful_flows,bjointsp_recalc
0.3,5936,total_flows,bjointsp_recalc
0.3,5211,successful_flows,bjointsp_recalc
0.3,217,dropped_flows,bjointsp_recalc
0.3,508,in_network_flows,bjointsp_recalc
0.3,0.9600221075902726,perc_successful_flows,bjointsp_recalc
0.4,6947,total_flows,bjointsp_recalc
0.4,5643,successful_flows,bjointsp_recalc
0.4,679,dropped_flows,bjointsp_recalc
0.4,625,in_network_flows,bjointsp_recalc
0.4,0.8925972793419804,perc_successful_flows,bjointsp_recalc
0.5,7773,total_flows,bjointsp_recalc
0.5,6087,successful_flows,bjointsp_recalc
0.5,1013,dropped_flows,bjointsp_recalc
0.5,673,in_network_flows,bjointsp_recalc
0.5,0.8573239436619718,perc_successful_flows,bjointsp_recalc
0.1,1763,total_flows,bjointsp
0.1,1316,successful_flows,bjointsp
0.1,388,dropped_flows,bjointsp
0.1,59,in_network_flows,bjointsp
0.1,0.7723004694835681,perc_successful_flows,bjointsp
0.2,2718,total_flows,bjointsp
0.2,1921,successful_flows,bjointsp
0.2,708,dropped_flows,bjointsp
0.2,89,in_network_flows,bjointsp
0.2,0.7306960821605173,perc_successful_flows,bjointsp
0.3,3974,total_flows,bjointsp
0.3,2658,successful_flows,bjointsp
0.3,1187,dropped_flows,bjointsp
0.3,129,in_network_flows,bjointsp
0.3,0.6912873862158647,perc_successful_flows,bjointsp
0.4,5837,total_flows,bjointsp
0.4,3655,successful_flows,bjointsp
0.4,1985,dropped_flows,bjointsp
0.4,197,in_network_flows,bjointsp
0.4,0.6480496453900709,perc_successful_flows,bjointsp
0.5,6944,total_flows,bjointsp
0.5,4165,successful_flows,bjointsp
0.5,2567,dropped_flows,bjointsp
0.5,212,in_network_flows,bjointsp
0.5,0.6186868686868687,perc_successful_flows,bjointsp
0.1,1776,total_flows,bjointsp_recalc
0.1,1682,successful_flows,bjointsp_recalc
0.1,0,dropped_flows,bjointsp_recalc
0.1,94,in_network_flows,bjointsp_recalc
0.1,1.0,perc_successful_flows,bjointsp_recalc
0.2,2758,total_flows,bjointsp_recalc
0.2,2580,successful_flows,bjointsp_recalc
0.2,1,dropped_flows,bjointsp_recalc
0.2,177,in_network_flows,bjointsp_recalc
0.2,0.9996125532739248,perc_successful_flows,bjointsp_recalc
0.3,4041,total_flows,bjointsp_recalc
0.3,3757,successful_flows,bjointsp_recalc
0.3,9,dropped_flows,bjointsp_recalc
0.3,275,in_network_flows,bjointsp_recalc
0.3,0.9976101964949549,perc_successful_flows,bjointsp_recalc
0.4,5826,total_flows,bjointsp_recalc
0.4,5139,successful_flows,bjointsp_recalc
0.4,144,dropped_flows,bjointsp_recalc
0.4,543,in_network_flows,bjointsp_recalc
0.4,0.9727427597955707,perc_successful_flows,bjointsp_recalc
0.1,938,total_flows,bjointsp
0.1,745,successful_flows,bjointsp
0.1,164,dropped_flows,bjointsp
0.1,29,in_network_flows,bjointsp
0.1,0.8195819581958196,perc_successful_flows,bjointsp
0.2,1802,total_flows,bjointsp
0.2,1384,successful_flows,bjointsp
0.2,351,dropped_flows,bjointsp
0.2,67,in_network_flows,bjointsp
0.2,0.7976945244956772,perc_successful_flows,bjointsp
0.3,3544,total_flows,bjointsp
0.3,2485,successful_flows,bjointsp
0.3,943,dropped_flows,bjointsp
0.3,116,in_network_flows,bjointsp
0.3,0.7249124854142357,perc_successful_flows,bjointsp
0.4,5358,total_flows,bjointsp
0.4,3472,successful_flows,bjointsp
0.4,1721,dropped_flows,bjointsp
0.4,165,in_network_flows,bjointsp
0.4,0.6685923358367033,perc_successful_flows,bjointsp
0.5,5988,total_flows,bjointsp
0.5,3841,successful_flows,bjointsp
0.5,1980,dropped_flows,bjointsp
0.5,167,in_network_flows,bjointsp
0.5,0.6598522590620168,perc_successful_flows,bjointsp
0.1,910,total_flows,bjointsp_recalc
0.1,875,successful_flows,bjointsp_recalc
0.1,0,dropped_flows,bjointsp_recalc
0.1,35,in_network_flows,bjointsp_recalc
0.1,1.0,perc_successful_flows,bjointsp_recalc
0.2,1817,total_flows,bjointsp_recalc
0.2,1724,successful_flows,bjointsp_recalc
0.2,0,dropped_flows,bjointsp_recalc
0.2,93,in_network_flows,bjointsp_recalc
0.2,1.0,perc_successful_flows,bjointsp_recalc
0.3,3612,total_flows,bjointsp_recalc
0.3,3370,successful_flows,bjointsp_recalc
0.3,3,dropped_flows,bjointsp_recalc
0.3,239,in_network_flows,bjointsp_recalc
0.3,0.9991105840498073,perc_successful_flows,bjointsp_recalc
0.5,5950,total_flows,bjointsp_recalc
0.5,5127,successful_flows,bjointsp_recalc
0.5,277,dropped_flows,bjointsp_recalc
0.5,546,in_network_flows,bjointsp_recalc
0.5,0.948741672834937,perc_successful_flows,bjointsp_recalc
0.1,892,total_flows,bjointsp
0.1,690,successful_flows,bjointsp
0.1,177,dropped_flows,bjointsp
0.1,25,in_network_flows,bjointsp
0.1,0.7958477508650519,perc_successful_flows,bjointsp
0.2,1834,total_flows,bjointsp
0.2,1360,successful_flows,bjointsp
0.2,424,dropped_flows,bjointsp
0.2,50,in_network_flows,bjointsp
0.2,0.7623318385650224,perc_successful_flows,bjointsp
0.3,3146,total_flows,bjointsp
0.3,2235,successful_flows,bjointsp
0.3,824,dropped_flows,bjointsp
0.3,87,in_network_flows,bjointsp
0.3,0.7306309251389342,perc_successful_flows,bjointsp
0.4,5048,total_flows,bjointsp
0.4,3419,successful_flows,bjointsp
0.4,1481,dropped_flows,bjointsp
0.4,148,in_network_flows,bjointsp
0.4,0.6977551020408164,perc_successful_flows,bjointsp
0.5,6460,total_flows,bjointsp
0.5,3960,successful_flows,bjointsp
0.5,2342,dropped_flows,bjointsp
0.5,158,in_network_flows,bjointsp
0.5,0.6283719454141542,perc_successful_flows,bjointsp
0.1,915,total_flows,bjointsp_recalc
0.1,877,successful_flows,bjointsp_recalc
0.1,0,dropped_flows,bjointsp_recalc
0.1,38,in_network_flows,bjointsp_recalc
0.1,1.0,perc_successful_flows,bjointsp_recalc
0.2,1764,total_flows,bjointsp_recalc
0.2,1681,successful_flows,bjointsp_recalc
0.2,0,dropped_flows,bjointsp_recalc
0.2,83,in_network_flows,bjointsp_recalc
0.2,1.0,perc_successful_flows,bjointsp_recalc
0.3,3129,total_flows,bjointsp_recalc
0.3,2974,successful_flows,bjointsp_recalc
0.3,0,dropped_flows,bjointsp_recalc
0.3,155,in_network_flows,bjointsp_recalc
0.3,1.0,perc_successful_flows,bjointsp_recalc
0.4,5057,total_flows,bjointsp_recalc
0.4,4629,successful_flows,bjointsp_recalc
0.4,18,dropped_flows,bjointsp_recalc
0.4,410,in_network_flows,bjointsp_recalc
0.4,0.9961265332472563,perc_successful_flows,bjointsp_recalc
0.5,6523,total_flows,bjointsp_recalc
0.5,5568,successful_flows,bjointsp_recalc
0.5,412,dropped_flows,bjointsp_recalc
0.5,543,in_network_flows,bjointsp_recalc
0.5,0.9311036789297659,perc_successful_flows,bjointsp_recalc
0.1,1351,total_flows,bjointsp
0.1,1057,successful_flows,bjointsp
0.1,258,dropped_flows,bjointsp
0.1,36,in_network_flows,bjointsp
0.1,0.8038022813688213,perc_successful_flows,bjointsp
0.2,3115,total_flows,bjointsp
0.2,2148,successful_flows,bjointsp
0.2,870,dropped_flows,bjointsp
0.2,97,in_network_flows,bjointsp
0.2,0.7117296222664016,perc_successful_flows,bjointsp
0.3,4081,total_flows,bjointsp
0.3,2703,successful_flows,bjointsp
0.3,1270,dropped_flows,bjointsp
0.3,108,in_network_flows,bjointsp
0.3,0.6803423105965265,perc_successful_flows,bjointsp
0.4,5151,total_flows,bjointsp
0.4,3398,successful_flows,bjointsp
0.4,1597,dropped_flows,bjointsp
0.4,156,in_network_flows,bjointsp
0.4,0.6802802802802803,perc_successful_flows,bjointsp
0.5,6646,total_flows,bjointsp
0.5,4031,successful_flows,bjointsp
0.5,2419,dropped_flows,bjointsp
0.5,196,in_network_flows,bjointsp
0.5,0.6249612403100775,perc_successful_flows,bjointsp
0.1,1289,total_flows,bjointsp_recalc
0.1,1227,successful_flows,bjointsp_recalc
0.1,0,dropped_flows,bjointsp_recalc
0.1,62,in_network_flows,bjointsp_recalc
0.1,1.0,perc_successful_flows,bjointsp_recalc
0.2,3119,total_flows,bjointsp_recalc
0.2,2932,successful_flows,bjointsp_recalc
0.2,0,dropped_flows,bjointsp_recalc
0.2,187,in_network_flows,bjointsp_recalc
0.2,1.0,perc_successful_flows,bjointsp_recalc
0.3,3954,total_flows,bjointsp_recalc
0.3,3667,successful_flows,bjointsp_recalc
0.3,2,dropped_flows,bjointsp_recalc
0.3,285,in_network_flows,bjointsp_recalc
0.3,0.9994548923412374,perc_successful_flows,bjointsp_recalc
0.4,5187,total_flows,bjointsp_recalc
0.4,4639,successful_flows,bjointsp_recalc
0.4,74,dropped_flows,bjointsp_recalc
0.4,474,in_network_flows,bjointsp_recalc
0.4,0.9842987481434331,perc_successful_flows,bjointsp_recalc
0.5,6636,total_flows,bjointsp_recalc
0.5,5515,successful_flows,bjointsp_recalc
0.5,515,dropped_flows,bjointsp_recalc
0.5,606,in_network_flows,bjointsp_recalc
0.5,0.9145936981757877,perc_successful_flows,bjointsp_recalc
0.1,1573,total_flows,bjointsp
0.1,1171,successful_flows,bjointsp
0.1,348,dropped_flows,bjointsp
0.1,54,in_network_flows,bjointsp
0.1,0.7709019091507571,perc_successful_flows,bjointsp
0.2,2466,total_flows,bjointsp
0.2,1723,successful_flows,bjointsp
0.2,663,dropped_flows,bjointsp
0.2,80,in_network_flows,bjointsp
0.2,0.7221290863369656,perc_successful_flows,bjointsp
0.3,3566,total_flows,bjointsp
0.3,2442,successful_flows,bjointsp
0.3,997,dropped_flows,bjointsp
0.3,127,in_network_flows,bjointsp
0.3,0.7100901424832801,perc_successful_flows,bjointsp
0.4,4175,total_flows,bjointsp
0.4,2723,successful_flows,bjointsp
0.4,1302,dropped_flows,bjointsp
0.4,150,in_network_flows,bjointsp
0.4,0.6765217391304348,perc_successful_flows,bjointsp
0.5,5575,total_flows,bjointsp
0.5,3591,successful_flows,bjointsp
0.5,1812,dropped_flows,bjointsp
0.5,172,in_network_flows,bjointsp
0.5,0.6646307606885064,perc_successful_flows,bjointsp
0.1,1588,total_flows,bjointsp_recalc
0.1,1503,successful_flows,bjointsp_recalc
0.1,0,dropped_flows,bjointsp_recalc
0.1,85,in_network_flows,bjointsp_recalc
0.1,1.0,perc_successful_flows,bjointsp_recalc
0.2,2499,total_flows,bjointsp_recalc
0.2,2324,successful_flows,bjointsp_recalc
0.2,0,dropped_flows,bjointsp_recalc
0.2,175,in_network_flows,bjointsp_recalc
0.2,1.0,perc_successful_flows,bjointsp_recalc
0.3,3586,total_flows,bjointsp_recalc
0.3,3329,successful_flows,bjointsp_recalc
0.3,0,dropped_flows,bjointsp_recalc
0.3,257,in_network_flows,bjointsp_recalc
0.3,1.0,perc_successful_flows,bjointsp_recalc
0.4,4207,total_flows,bjointsp_recalc
0.4,3842,successful_flows,bjointsp_recalc
0.4,12,dropped_flows,bjointsp_recalc
0.4,353,in_network_flows,bjointsp_recalc
0.4,0.9968863518422418,perc_successful_flows,bjointsp_recalc
0.5,5595,total_flows,bjointsp_recalc
0.5,4959,successful_flows,bjointsp_recalc
0.5,132,dropped_flows,bjointsp_recalc
0.5,504,in_network_flows,bjointsp_recalc
0.5,0.9740718915733647,perc_successful_flows,bjointsp_recalc
0.1,892,total_flows,bjointsp
0.1,683,successful_flows,bjointsp
0.1,181,dropped_flows,bjointsp
0.1,28,in_network_flows,bjointsp
0.1,0.7905092592592593,perc_successful_flows,bjointsp
0.2,1987,total_flows,bjointsp
0.2,1407,successful_flows,bjointsp
0.2,522,dropped_flows,bjointsp
0.2,58,in_network_flows,bjointsp
0.2,0.7293934681181959,perc_successful_flows,bjointsp
0.3,4004,total_flows,bjointsp
0.3,2542,successful_flows,bjointsp
0.3,1344,dropped_flows,bjointsp
0.3,118,in_network_flows,bjointsp
0.3,0.6541430777148739,perc_successful_flows,bjointsp
0.4,4900,total_flows,bjointsp
0.4,3244,successful_flows,bjointsp
0.4,1523,dropped_flows,bjointsp
0.4,133,in_network_flows,bjointsp
0.4,0.6805118523180197,perc_successful_flows,bjointsp
0.5,6825,total_flows,bjointsp
0.5,4174,successful_flows,bjointsp
0.5,2478,dropped_flows,bjointsp
0.5,173,in_network_flows,bjointsp
0.5,0.6274804570054119,perc_successful_flows,bjointsp
0.1,872,total_flows,bjointsp_recalc
0.1,833,successful_flows,bjointsp_recalc
0.1,0,dropped_flows,bjointsp_recalc
0.1,39,in_network_flows,bjointsp_recalc
0.1,1.0,perc_successful_flows,bjointsp_recalc
0.2,2007,total_flows,bjointsp_recalc
0.2,1903,successful_flows,bjointsp_recalc
0.2,0,dropped_flows,bjointsp_recalc
0.2,104,in_network_flows,bjointsp_recalc
0.2,1.0,perc_successful_flows,bjointsp_recalc
0.3,3969,total_flows,bjointsp_recalc
0.3,3674,successful_flows,bjointsp_recalc
0.3,4,dropped_flows,bjointsp_recalc
0.3,291,in_network_flows,bjointsp_recalc
0.3,0.9989124524197933,perc_successful_flows,bjointsp_recalc
0.4,4916,total_flows,bjointsp_recalc
0.4,4483,successful_flows,bjointsp_recalc
0.4,33,dropped_flows,bjointsp_recalc
0.4,400,in_network_flows,bjointsp_recalc
0.4,0.9926926483613817,perc_successful_flows,bjointsp_recalc
0.5,6896,total_flows,bjointsp_recalc
0.5,5784,successful_flows,bjointsp_recalc
0.5,546,dropped_flows,bjointsp_recalc
0.5,566,in_network_flows,bjointsp_recalc
0.5,0.9137440758293839,perc_successful_flows,bjointsp_recalc
0.1,1514,total_flows,bjointsp
0.1,1146,successful_flows,bjointsp
0.1,320,dropped_flows,bjointsp
0.1,48,in_network_flows,bjointsp
0.1,0.781718963165075,perc_successful_flows,bjointsp
0.2,3129,total_flows,bjointsp
0.2,2200,successful_flows,bjointsp
0.2,811,dropped_flows,bjointsp
0.2,118,in_network_flows,bjointsp
0.2,0.7306542676851544,perc_successful_flows,bjointsp
0.3,4928,total_flows,bjointsp
0.3,3226,successful_flows,bjointsp
0.3,1546,dropped_flows,bjointsp
0.3,156,in_network_flows,bjointsp
0.3,0.6760268231349539,perc_successful_flows,bjointsp
0.4,5769,total_flows,bjointsp
0.4,3521,successful_flows,bjointsp
0.4,2058,dropped_flows,bjointsp
0.4,190,in_network_flows,bjointsp
0.4,0.6311166875784191,perc_successful_flows,bjointsp
0.5,6693,total_flows,bjointsp
0.5,4049,successful_flows,bjointsp
0.5,2448,dropped_flows,bjointsp
0.5,196,in_network_flows,bjointsp
0.5,0.6232107126366015,perc_successful_flows,bjointsp
0.1,1543,total_flows,bjointsp_recalc
0.1,1455,successful_flows,bjointsp_recalc
0.1,0,dropped_flows,bjointsp_recalc
0.1,88,in_network_flows,bjointsp_recalc
0.1,1.0,perc_successful_flows,bjointsp_recalc
0.2,3069,total_flows,bjointsp_recalc
0.2,2883,successful_flows,bjointsp_recalc
0.2,4,dropped_flows,bjointsp_recalc
0.2,182,in_network_flows,bjointsp_recalc
0.2,0.99861447869761,perc_successful_flows,bjointsp_recalc
0.3,4919,total_flows,bjointsp_recalc
0.3,4399,successful_flows,bjointsp_recalc
0.3,73,dropped_flows,bjointsp_recalc
0.3,447,in_network_flows,bjointsp_recalc
0.3,0.9836762075134168,perc_successful_flows,bjointsp_recalc
0.4,5820,total_flows,bjointsp_recalc
0.4,5013,successful_flows,bjointsp_recalc
0.4,241,dropped_flows,bjointsp_recalc
0.4,566,in_network_flows,bjointsp_recalc
0.4,0.9541301865245527,perc_successful_flows,bjointsp_recalc
0.5,6626,total_flows,bjointsp_recalc
0.5,5498,successful_flows,bjointsp_recalc
0.5,533,dropped_flows,bjointsp_recalc
0.5,595,in_network_flows,bjointsp_recalc
0.5,0.9116232797214392,perc_successful_flows,bjointsp_recalc
0.1,901,total_flows,bjointsp
0.1,718,successful_flows,bjointsp
0.1,151,dropped_flows,bjointsp
0.1,32,in_network_flows,bjointsp
0.1,0.8262370540851554,perc_successful_flows,bjointsp
0.2,1585,total_flows,bjointsp
0.2,1240,successful_flows,bjointsp
0.2,294,dropped_flows,bjointsp
0.2,51,in_network_flows,bjointsp
0.2,0.8083441981747066,perc_successful_flows,bjointsp
0.3,2466,total_flows,bjointsp
0.3,1817,successful_flows,bjointsp
0.3,573,dropped_flows,bjointsp
0.3,76,in_network_flows,bjointsp
0.3,0.7602510460251046,perc_successful_flows,bjointsp
0.4,3992,total_flows,bjointsp
0.4,2779,successful_flows,bjointsp
0.4,1078,dropped_flows,bjointsp
0.4,135,in_network_flows,bjointsp
0.4,0.720508166969147,perc_successful_flows,bjointsp
0.5,5654,total_flows,bjointsp
0.5,3582,successful_flows,bjointsp
0.5,1924,dropped_flows,bjointsp
0.5,148,in_network_flows,bjointsp
0.5,0.6505630221576462,perc_successful_flows,bjointsp
0.1,899,total_flows,bjointsp_recalc
0.1,849,successful_flows,bjointsp_recalc
0.1,0,dropped_flows,bjointsp_recalc
0.1,50,in_network_flows,bjointsp_recalc
0.1,1.0,perc_successful_flows,bjointsp_recalc
0.2,1575,total_flows,bjointsp_recalc
0.2,1505,successful_flows,bjointsp_recalc
0.2,0,dropped_flows,bjointsp_recalc
0.2,70,in_network_flows,bjointsp_recalc
0.2,1.0,perc_successful_flows,bjointsp_recalc
0.3,2420,total_flows,bjointsp_recalc
0.3,2295,successful_flows,bjointsp_recalc
0.3,0,dropped_flows,bjointsp_recalc
0.3,125,in_network_flows,bjointsp_recalc
0.3,1.0,perc_successful_flows,bjointsp_recalc
0.4,4067,total_flows,bjointsp_recalc
0.4,3820,successful_flows,bjointsp_recalc
0.4,0,dropped_flows,bjointsp_recalc
0.4,247,in_network_flows,bjointsp_recalc
0.4,1.0,perc_successful_flows,bjointsp_recalc
0.5,5602,total_flows,bjointsp_recalc
0.5,4981,successful_flows,bjointsp_recalc
0.5,120,dropped_flows,bjointsp_recalc
0.5,501,in_network_flows,bjointsp_recalc
0.5,0.9764752009409919,perc_successful_flows,bjointsp_recalc
0.1,1084,total_flows,bjointsp
0.1,809,successful_flows,bjointsp
0.1,253,dropped_flows,bjointsp
0.1,22,in_network_flows,bjointsp
0.1,0.7617702448210922,perc_successful_flows,bjointsp
0.2,2940,total_flows,bjointsp
0.2,2047,successful_flows,bjointsp
0.2,805,dropped_flows,bjointsp
0.2,88,in_network_flows,bjointsp
0.2,0.717741935483871,perc_successful_flows,bjointsp
0.3,4202,total_flows,bjointsp
0.3,2927,successful_flows,bjointsp
0.3,1152,dropped_flows,bjointsp
0.3,123,in_network_flows,bjointsp
0.3,0.7175778377053199,perc_successful_flows,bjointsp
0.4,5787,total_flows,bjointsp
0.4,3781,successful_flows,bjointsp
0.4,1831,dropped_flows,bjointsp
0.4,175,in_network_flows,bjointsp
0.4,0.6737348538845331,perc_successful_flows,bjointsp
0.5,6929,total_flows,bjointsp
0.5,4232,successful_flows,bjointsp
0.5,2493,dropped_flows,bjointsp
0.5,204,in_network_flows,bjointsp
0.5,0.6292936802973977,perc_successful_flows,bjointsp
0.1,1077,total_flows,bjointsp_recalc
0.1,1023,successful_flows,bjointsp_recalc
0.1,0,dropped_flows,bjointsp_recalc
0.1,54,in_network_flows,bjointsp_recalc
0.1,1.0,perc_successful_flows,bjointsp_recalc
0.2,2969,total_flows,bjointsp_recalc
0.2,2804,successful_flows,bjointsp_recalc
0.2,0,dropped_flows,bjointsp_recalc
0.2,165,in_network_flows,bjointsp_recalc
0.2,1.0,perc_successful_flows,bjointsp_recalc
0.3,4258,total_flows,bjointsp_recalc
0.3,3948,successful_flows,bjointsp_recalc
0.3,9,dropped_flows,bjointsp_recalc
0.3,301,in_network_flows,bjointsp_recalc
0.3,0.9977255496588324,perc_successful_flows,bjointsp_recalc
0.4,5721,total_flows,bjointsp_recalc
0.4,5081,successful_flows,bjointsp_recalc
0.4,128,dropped_flows,bjointsp_recalc
0.4,512,in_network_flows,bjointsp_recalc
0.4,0.9754271453253983,perc_successful_flows,bjointsp_recalc
0.5,6920,total_flows,bjointsp_recalc
0.5,5774,successful_flows,bjointsp_recalc
0.5,548,dropped_flows,bjointsp_recalc
0.5,598,in_network_flows,bjointsp_recalc
0.5,0.9133185700727617,perc_successful_flows,bjointsp_recalc
0.1,224,total_flows,bjointsp
0.1,189,successful_flows,bjointsp
0.1,27,dropped_flows,bjointsp
0.1,8,in_network_flows,bjointsp
0.1,0.875,perc_successful_flows,bjointsp
0.2,1356,total_flows,bjointsp
0.2,1054,successful_flows,bjointsp
0.2,243,dropped_flows,bjointsp
0.2,59,in_network_flows,bjointsp
0.2,0.812644564379337,perc_successful_flows,bjointsp
0.3,2429,total_flows,bjointsp
0.3,1795,successful_flows,bjointsp
0.3,553,dropped_flows,bjointsp
0.3,81,in_network_flows,bjointsp
0.3,0.764480408858603,perc_successful_flows,bjointsp
0.4,3959,total_flows,bjointsp
0.4,2772,successful_flows,bjointsp
0.4,1054,dropped_flows,bjointsp
0.4,133,in_network_flows,bjointsp
0.4,0.7245164662833247,perc_successful_flows,bjointsp
0.5,4703,total_flows,bjointsp
0.5,3158,successful_flows,bjointsp
0.5,1391,dropped_flows,bjointsp
0.5,154,in_network_flows,bjointsp
0.5,0.6942185095625412,perc_successful_flows,bjointsp
0.1,235,total_flows,bjointsp_recalc
0.1,226,successful_flows,bjointsp_recalc
0.1,0,dropped_flows,bjointsp_recalc
0.1,9,in_network_flows,bjointsp_recalc
0.1,1.0,perc_successful_flows,bjointsp_recalc
0.2,1363,total_flows,bjointsp_recalc
0.2,1315,successful_flows,bjointsp_recalc
0.2,0,dropped_flows,bjointsp_recalc
0.2,48,in_network_flows,bjointsp_recalc
0.2,1.0,perc_successful_flows,bjointsp_recalc
0.3,2464,total_flows,bjointsp_recalc
0.3,2328,successful_flows,bjointsp_recalc
0.3,2,dropped_flows,bjointsp_recalc
0.3,134,in_network_flows,bjointsp_recalc
0.3,0.9991416309012876,perc_successful_flows,bjointsp_recalc
0.4,4020,total_flows,bjointsp_recalc
0.4,3689,successful_flows,bjointsp_recalc
0.4,14,dropped_flows,bjointsp_recalc
0.4,317,in_network_flows,bjointsp_recalc
0.4,0.996219281663516,perc_successful_flows,bjointsp_recalc
0.5,4697,total_flows,bjointsp_recalc
0.5,4292,successful_flows,bjointsp_recalc
0.5,26,dropped_flows,bjointsp_recalc
0.5,379,in_network_flows,bjointsp_recalc
0.5,0.9939786938397406,perc_successful_flows,bjointsp_recalc
0.1,1140,total_flows,bjointsp
0.1,834,successful_flows,bjointsp
0.1,274,dropped_flows,bjointsp
0.1,32,in_network_flows,bjointsp
0.1,0.7527075812274369,perc_successful_flows,bjointsp
0.2,2645,total_flows,bjointsp
0.2,1905,successful_flows,bjointsp
0.2,667,dropped_flows,bjointsp
0.2,73,in_network_flows,bjointsp
0.2,0.7406687402799378,perc_successful_flows,bjointsp
0.3,3735,total_flows,bjointsp
0.3,2557,successful_flows,bjointsp
0.3,1080,dropped_flows,bjointsp
0.3,98,in_network_flows,bjointsp
0.3,0.7030519659059664,perc_successful_flows,bjointsp
0.4,5443,total_flows,bjointsp
0.4,3459,successful_flows,bjointsp
0.4,1829,dropped_flows,bjointsp
0.4,155,in_network_flows,bjointsp
0.4,0.6541225416036308,perc_successful_flows,bjointsp
0.5,5547,total_flows,bjointsp
0.5,3534,successful_flows,bjointsp
0.5,1868,dropped_flows,bjointsp
0.5,145,in_network_flows,bjointsp
0.5,0.6542021473528323,perc_successful_flows,bjointsp
0.1,1091,total_flows,bjointsp_recalc
0.1,1037,successful_flows,bjointsp_recalc
0.1,0,dropped_flows,bjointsp_recalc
0.1,54,in_network_flows,bjointsp_recalc
0.1,1.0,perc_successful_flows,bjointsp_recalc
0.2,2659,total_flows,bjointsp_recalc
0.2,2495,successful_flows,bjointsp_recalc
0.2,0,dropped_flows,bjointsp_recalc
0.2,164,in_network_flows,bjointsp_recalc
0.2,1.0,perc_successful_flows,bjointsp_recalc
0.3,3925,total_flows,bjointsp_recalc
0.3,3673,successful_flows,bjointsp_recalc
0.3,0,dropped_flows,bjointsp_recalc
0.3,252,in_network_flows,bjointsp_recalc
0.3,1.0,perc_successful_flows,bjointsp_recalc
0.4,5429,total_flows,bjointsp_recalc
0.4,4899,successful_flows,bjointsp_recalc
0.4,95,dropped_flows,bjointsp_recalc
0.4,435,in_network_flows,bjointsp_recalc
0.4,0.9809771726071286,perc_successful_flows,bjointsp_recalc
0.5,5586,total_flows,bjointsp_recalc
0.5,4980,successful_flows,bjointsp_recalc
0.5,99,dropped_flows,bjointsp_recalc
0.5,507,in_network_flows,bjointsp_recalc
0.5,0.980507974010632,perc_successful_flows,bjointsp_recalc
0.1,2695,total_flows,bjointsp
0.1,1918,successful_flows,bjointsp
0.1,687,dropped_flows,bjointsp
0.1,90,in_network_flows,bjointsp
0.1,0.7362763915547025,perc_successful_flows,bjointsp
0.2,4014,total_flows,bjointsp
0.2,2761,successful_flows,bjointsp
0.2,1123,dropped_flows,bjointsp
0.2,130,in_network_flows,bjointsp
0.2,0.71086508753862,perc_successful_flows,bjointsp
0.3,4686,total_flows,bjointsp
0.3,3081,successful_flows,bjointsp
0.3,1458,dropped_flows,bjointsp
0.3,147,in_network_flows,bjointsp
0.3,0.6787838730998017,perc_successful_flows,bjointsp
0.4,5786,total_flows,bjointsp
0.4,3604,successful_flows,bjointsp
0.4,2011,dropped_flows,bjointsp
0.4,171,in_network_flows,bjointsp
0.4,0.6418521816562778,perc_successful_flows,bjointsp
0.5,6608,total_flows,bjointsp
0.5,3984,successful_flows,bjointsp
0.5,2434,dropped_flows,bjointsp
0.5,190,in_network_flows,bjointsp
0.5,0.6207541290121533,perc_successful_flows,bjointsp
0.1,2623,total_flows,bjointsp_recalc
0.1,2461,successful_flows,bjointsp_recalc
0.1,0,dropped_flows,bjointsp_recalc
0.1,162,in_network_flows,bjointsp_recalc
0.1,1.0,perc_successful_flows,bjointsp_recalc
0.2,4028,total_flows,bjointsp_recalc
0.2,3717,successful_flows,bjointsp_recalc
0.2,10,dropped_flows,bjointsp_recalc
0.2,301,in_network_flows,bjointsp_recalc
0.2,0.9973168768446472,perc_successful_flows,bjointsp_recalc
0.3,4700,total_flows,bjointsp_recalc
0.3,4248,successful_flows,bjointsp_recalc
0.3,31,dropped_flows,bjointsp_recalc
0.3,421,in_network_flows,bjointsp_recalc
0.3,0.9927553166627717,perc_successful_flows,bjointsp_recalc
0.4,5789,total_flows,bjointsp_recalc
0.4,5013,successful_flows,bjointsp_recalc
0.4,215,dropped_flows,bjointsp_recalc
0.4,561,in_network_flows,bjointsp_recalc
0.4,0.958875286916603,perc_successful_flows,bjointsp_recalc
0.5,6632,total_flows,bjointsp_recalc
0.5,5488,successful_flows,bjointsp_recalc
0.5,543,dropped_flows,bjointsp_recalc
0.5,601,in_network_flows,bjointsp_recalc
0.5,0.9099651799038302,perc_successful_flows,bjointsp_recalc
0.1,1135,total_flows,bjointsp
0.1,871,successful_flows,bjointsp
0.1,226,dropped_flows,bjointsp
0.1,38,in_network_flows,bjointsp
0.1,0.7939835916134913,perc_successful_flows,bjointsp
0.2,3166,total_flows,bjointsp
0.2,2170,successful_flows,bjointsp
0.2,899,dropped_flows,bjointsp
0.2,97,in_network_flows,bjointsp
0.2,0.7070707070707071,perc_successful_flows,bjointsp
0.3,4239,total_flows,bjointsp
0.3,2924,successful_flows,bjointsp
0.3,1203,dropped_flows,bjointsp
0.3,112,in_network_flows,bjointsp
0.3,0.7085049672885874,perc_successful_flows,bjointsp
0.4,5857,total_flows,bjointsp
0.4,3738,successful_flows,bjointsp
0.4,1943,dropped_flows,bjointsp
0.4,176,in_network_flows,bjointsp
0.4,0.6579827495159303,perc_successful_flows,bjointsp
0.5,7228,total_flows,bjointsp
0.5,4330,successful_flows,bjointsp
0.5,2681,dropped_flows,bjointsp
0.5,217,in_network_flows,bjointsp
0.5,0.6176009128512338,perc_successful_flows,bjointsp
0.1,1127,total_flows,bjointsp_recalc
0.1,1077,successful_flows,bjointsp_recalc
0.1,0,dropped_flows,bjointsp_recalc
0.1,50,in_network_flows,bjointsp_recalc
0.1,1.0,perc_successful_flows,bjointsp_recalc
0.2,3139,total_flows,bjointsp_recalc
0.2,2921,successful_flows,bjointsp_recalc
0.2,0,dropped_flows,bjointsp_recalc
0.2,218,in_network_flows,bjointsp_recalc
0.2,1.0,perc_successful_flows,bjointsp_recalc
0.3,4174,total_flows,bjointsp_recalc
0.3,3899,successful_flows,bjointsp_recalc
0.3,4,dropped_flows,bjointsp_recalc
0.3,271,in_network_flows,bjointsp_recalc
0.3,0.9989751473225724,perc_successful_flows,bjointsp_recalc
0.4,5814,total_flows,bjointsp_recalc
0.4,5153,successful_flows,bjointsp_recalc
0.4,147,dropped_flows,bjointsp_recalc
0.4,514,in_network_flows,bjointsp_recalc
0.4,0.9722641509433962,perc_successful_flows,bjointsp_recalc
0.5,7166,total_flows,bjointsp_recalc
0.5,5822,successful_flows,bjointsp_recalc
0.5,725,dropped_flows,bjointsp_recalc
0.5,619,in_network_flows,bjointsp_recalc
0.5,0.8892622575225294,perc_successful_flows,bjointsp_recalc
0.1,1599,total_flows,bjointsp
0.1,1232,successful_flows,bjointsp
0.1,316,dropped_flows,bjointsp
0.1,51,in_network_flows,bjointsp
0.1,0.7958656330749354,perc_successful_flows,bjointsp
0.2,2866,total_flows,bjointsp
0.2,2011,successful_flows,bjointsp
0.2,751,dropped_flows,bjointsp
0.2,104,in_network_flows,bjointsp
0.2,0.7280955829109341,perc_successful_flows,bjointsp
0.3,3540,total_flows,bjointsp
0.3,2448,successful_flows,bjointsp
0.3,983,dropped_flows,bjointsp
0.3,109,in_network_flows,bjointsp
0.3,0.7134946079860099,perc_successful_flows,bjointsp
0.4,4916,total_flows,bjointsp
0.4,3210,successful_flows,bjointsp
0.4,1568,dropped_flows,bjointsp
0.4,138,in_network_flows,bjointsp
0.4,0.6718292172457095,perc_successful_flows,bjointsp
0.5,5876,total_flows,bjointsp
0.5,3702,successful_flows,bjointsp
0.5,1998,dropped_flows,bjointsp
0.5,176,in_network_flows,bjointsp
0.5,0.6494736842105263,perc_successful_flows,bjointsp
0.1,1568,total_flows,bjointsp_recalc
0.1,1489,successful_flows,bjointsp_recalc
0.1,0,dropped_flows,bjointsp_recalc
0.1,79,in_network_flows,bjointsp_recalc
0.1,1.0,perc_successful_flows,bjointsp_recalc
0.2,2935,total_flows,bjointsp_recalc
0.2,2765,successful_flows,bjointsp_recalc
0.2,0,dropped_flows,bjointsp_recalc
0.2,170,in_network_flows,bjointsp_recalc
0.2,1.0,perc_successful_flows,bjointsp_recalc
0.3,3648,total_flows,bjointsp_recalc
0.3,3430,successful_flows,bjointsp_recalc
0.3,0,dropped_flows,bjointsp_recalc
0.3,218,in_network_flows,bjointsp_recalc
0.3,1.0,perc_successful_flows,bjointsp_recalc
0.4,4907,total_flows,bjointsp_recalc
0.4,4467,successful_flows,bjointsp_recalc
0.4,39,dropped_flows,bjointsp_recalc
0.4,401,in_network_flows,bjointsp_recalc
0.4,0.9913448735019973,perc_successful_flows,bjointsp_recalc
0.5,5777,total_flows,bjointsp_recalc
0.5,5014,successful_flows,bjointsp_recalc
0.5,218,dropped_flows,bjointsp_recalc
0.5,545,in_network_flows,bjointsp_recalc
0.5,0.9583333333333334,perc_successful_flows,bjointsp_recalc
0.1,1603,total_flows,bjointsp
0.1,1166,successful_flows,bjointsp
0.1,371,dropped_flows,bjointsp
0.1,66,in_network_flows,bjointsp
0.1,0.7586206896551724,perc_successful_flows,bjointsp
0.2,2503,total_flows,bjointsp
0.2,1824,successful_flows,bjointsp
0.2,604,dropped_flows,bjointsp
0.2,75,in_network_flows,bjointsp
0.2,0.7512355848434926,perc_successful_flows,bjointsp
0.3,3084,total_flows,bjointsp
0.3,2198,successful_flows,bjointsp
0.3,782,dropped_flows,bjointsp
0.3,104,in_network_flows,bjointsp
0.3,0.7375838926174496,perc_successful_flows,bjointsp
0.4,3970,total_flows,bjointsp
0.4,2743,successful_flows,bjointsp
0.4,1107,dropped_flows,bjointsp
0.4,120,in_network_flows,bjointsp
0.4,0.7124675324675325,perc_successful_flows,bjointsp
0.5,5757,total_flows,bjointsp
0.5,3641,successful_flows,bjointsp
0.5,1931,dropped_flows,bjointsp
0.5,185,in_network_flows,bjointsp
0.5,0.6534458004307251,perc_successful_flows,bjointsp
0.1,1561,total_flows,bjointsp_recalc
0.1,1489,successful_flows,bjointsp_recalc
0.1,0,dropped_flows,bjointsp_recalc
0.1,72,in_network_flows,bjointsp_recalc
0.1,1.0,perc_successful_flows,bjointsp_recalc
0.2,2450,total_flows,bjointsp_recalc
0.2,2305,successful_flows,bjointsp_recalc
0.2,0,dropped_flows,bjointsp_recalc
0.2,145,in_network_flows,bjointsp_recalc
0.2,1.0,perc_successful_flows,bjointsp_recalc
0.3,3128,total_flows,bjointsp_recalc
0.3,2931,successful_flows,bjointsp_recalc
0.3,0,dropped_flows,bjointsp_recalc
0.3,197,in_network_flows,bjointsp_recalc
0.3,1.0,perc_successful_flows,bjointsp_recalc
0.4,4005,total_flows,bjointsp_recalc
0.4,3689,successful_flows,bjointsp_recalc
0.4,5,dropped_flows,bjointsp_recalc
0.4,311,in_network_flows,bjointsp_recalc
0.4,0.9986464537087169,perc_successful_flows,bjointsp_recalc
0.5,5754,total_flows,bjointsp_recalc
0.5,5086,successful_flows,bjointsp_recalc
0.5,150,dropped_flows,bjointsp_recalc
0.5,518,in_network_flows,bjointsp_recalc
0.5,0.9713521772345302,perc_successful_flows,bjointsp_recalc
0.1,1850,total_flows,bjointsp
0.1,1348,successful_flows,bjointsp
0.1,456,dropped_flows,bjointsp
0.1,46,in_network_flows,bjointsp
0.1,0.7472283813747228,perc_successful_flows,bjointsp
0.2,4048,total_flows,bjointsp
0.2,2764,successful_flows,bjointsp
0.2,1183,dropped_flows,bjointsp
0.2,101,in_network_flows,bjointsp
0.2,0.7002786926779833,perc_successful_flows,bjointsp
0.3,5395,total_flows,bjointsp
0.3,3489,successful_flows,bjointsp
0.3,1757,dropped_flows,bjointsp
0.3,149,in_network_flows,bjointsp
0.3,0.6650781547845978,perc_successful_flows,bjointsp
0.4,6874,total_flows,bjointsp
0.4,4242,successful_flows,bjointsp
0.4,2457,dropped_flows,bjointsp
0.4,175,in_network_flows,bjointsp
0.4,0.6332288401253918,perc_successful_flows,bjointsp
0.5,7385,total_flows,bjointsp
0.5,4531,successful_flows,bjointsp
0.5,2658,dropped_flows,bjointsp
0.5,196,in_network_flows,bjointsp
0.5,0.6302684657115036,perc_successful_flows,bjointsp
0.1,1784,total_flows,bjointsp_recalc
0.1,1707,successful_flows,bjointsp_recalc
0.1,0,dropped_flows,bjointsp_recalc
0.1,77,in_network_flows,bjointsp_recalc
0.1,1.0,perc_successful_flows,bjointsp_recalc
0.2,3990,total_flows,bjointsp_recalc
0.2,3716,successful_flows,bjointsp_recalc
0.2,1,dropped_flows,bjointsp_recalc
0.2,273,in_network_flows,bjointsp_recalc
0.2,0.9997309658326607,perc_successful_flows,bjointsp_recalc
0.3,5424,total_flows,bjointsp_recalc
0.3,4842,successful_flows,bjointsp_recalc
0.3,104,dropped_flows,bjointsp_recalc
0.3,478,in_network_flows,bjointsp_recalc
0.3,0.9789729073999192,perc_successful_flows,bjointsp_recalc
0.4,6898,total_flows,bjointsp_recalc
0.4,5731,successful_flows,bjointsp_recalc
0.4,583,dropped_flows,bjointsp_recalc
0.4,584,in_network_flows,bjointsp_recalc
0.4,0.9076655052264808,perc_successful_flows,bjointsp_recalc
0.5,7330,total_flows,bjointsp_recalc
0.5,5905,successful_flows,bjointsp_recalc
0.5,799,dropped_flows,bjointsp_recalc
0.5,626,in_network_flows,bjointsp_recalc
0.5,0.8808174224343676,perc_successful_flows,bjointsp_recalc
0.1,1647,total_flows,bjointsp
0.1,1225,successful_flows,bjointsp
0.1,378,dropped_flows,bjointsp
0.1,44,in_network_flows,bjointsp
0.1,0.7641921397379913,perc_successful_flows,bjointsp
0.2,2530,total_flows,bjointsp
0.2,1793,successful_flows,bjointsp
0.2,651,dropped_flows,bjointsp
0.2,86,in_network_flows,bjointsp
0.2,0.733633387888707,perc_successful_flows,bjointsp
0.3,4407,total_flows,bjointsp
0.3,3042,successful_flows,bjointsp
0.3,1221,dropped_flows,bjointsp
0.3,144,in_network_flows,bjointsp
0.3,0.7135819845179451,perc_successful_flows,bjointsp
0.4,6139,total_flows,bjointsp
0.4,3956,successful_flows,bjointsp
0.4,1977,dropped_flows,bjointsp
0.4,206,in_network_flows,bjointsp
0.4,0.6667790325299174,perc_successful_flows,bjointsp
0.5,6769,total_flows,bjointsp
0.5,4336,successful_flows,bjointsp
0.5,2220,dropped_flows,bjointsp
0.5,213,in_network_flows,bjointsp
0.5,0.661378889566809,perc_successful_flows,bjointsp
0.1,1617,total_flows,bjointsp_recalc
0.1,1527,successful_flows,bjointsp_recalc
0.1,0,dropped_flows,bjointsp_recalc
0.1,90,in_network_flows,bjointsp_recalc
0.1,1.0,perc_successful_flows,bjointsp_recalc
0.2,2466,total_flows,bjointsp_recalc
0.2,2307,successful_flows,bjointsp_recalc
0.2,0,dropped_flows,bjointsp_recalc
0.2,159,in_network_flows,bjointsp_recalc
0.2,1.0,perc_successful_flows,bjointsp_recalc
0.3,4567,total_flows,bjointsp_recalc
0.3,4151,successful_flows,bjointsp_recalc
0.3,26,dropped_flows,bjointsp_recalc
0.3,390,in_network_flows,bjointsp_recalc
0.3,0.9937754369164472,perc_successful_flows,bjointsp_recalc
0.1,1277,total_flows,bjointsp
0.1,990,successful_flows,bjointsp
0.1,244,dropped_flows,bjointsp
0.1,43,in_network_flows,bjointsp
0.1,0.8022690437601296,perc_successful_flows,bjointsp
0.2,2866,total_flows,bjointsp
0.2,2098,successful_flows,bjointsp
0.2,680,dropped_flows,bjointsp
0.2,88,in_network_flows,bjointsp
0.2,0.7552195824334054,perc_successful_flows,bjointsp
0.3,3661,total_flows,bjointsp
0.3,2615,successful_flows,bjointsp
0.3,933,dropped_flows,bjointsp
0.3,113,in_network_flows,bjointsp
0.3,0.7370349492671928,perc_successful_flows,bjointsp
0.4,4630,total_flows,bjointsp
0.4,3190,successful_flows,bjointsp
0.4,1313,dropped_flows,bjointsp
0.4,127,in_network_flows,bjointsp
0.4,0.7084166111481235,perc_successful_flows,bjointsp
0.5,5685,total_flows,bjointsp
0.5,3802,successful_flows,bjointsp
0.5,1700,dropped_flows,bjointsp
0.5,183,in_network_flows,bjointsp
0.5,0.6910214467466376,perc_successful_flows,bjointsp
0.1,1358,total_flows,bjointsp_recalc
0.1,1275,successful_flows,bjointsp_recalc
0.1,0,dropped_flows,bjointsp_recalc
0.1,83,in_network_flows,bjointsp_recalc
0.1,1.0,perc_successful_flows,bjointsp_recalc
0.2,2919,total_flows,bjointsp_recalc
0.2,2758,successful_flows,bjointsp_recalc
0.2,0,dropped_flows,bjointsp_recalc
0.2,161,in_network_flows,bjointsp_recalc
0.2,1.0,perc_successful_flows,bjointsp_recalc
0.3,3639,total_flows,bjointsp_recalc
0.3,3388,successful_flows,bjointsp_recalc
0.3,3,dropped_flows,bjointsp_recalc
0.3,248,in_network_flows,bjointsp_recalc
0.3,0.9991153052196992,perc_successful_flows,bjointsp_recalc
0.4,4657,total_flows,bjointsp_recalc
0.4,4300,successful_flows,bjointsp_recalc
0.4,9,dropped_flows,bjointsp_recalc
0.4,348,in_network_flows,bjointsp_recalc
0.4,0.9979113483406823,perc_successful_flows,bjointsp_recalc
0.5,5813,total_flows,bjointsp_recalc
0.5,5162,successful_flows,bjointsp_recalc
0.5,152,dropped_flows,bjointsp_recalc
0.5,499,in_network_flows,bjointsp_recalc
0.5,0.9713963116296576,perc_successful_flows,bjointsp_recalc
0.1,1136,total_flows,bjointsp
0.1,858,successful_flows,bjointsp
0.1,239,dropped_flows,bjointsp
0.1,39,in_network_flows,bjointsp
0.1,0.7821330902461258,perc_successful_flows,bjointsp
0.2,1987,total_flows,bjointsp
0.2,1494,successful_flows,bjointsp
0.2,422,dropped_flows,bjointsp
0.2,71,in_network_flows,bjointsp
0.2,0.7797494780793319,perc_successful_flows,bjointsp
0.3,3196,total_flows,bjointsp
0.3,2228,successful_flows,bjointsp
0.3,846,dropped_flows,bjointsp
0.3,122,in_network_flows,bjointsp
0.3,0.7247885491216656,perc_successful_flows,bjointsp
0.4,3772,total_flows,bjointsp
0.4,2567,successful_flows,bjointsp
0.4,1076,dropped_flows,bjointsp
0.4,129,in_network_flows,bjointsp
0.4,0.7046390337633819,perc_successful_flows,bjointsp
0.5,5356,total_flows,bjointsp
0.5,3433,successful_flows,bjointsp
0.5,1729,dropped_flows,bjointsp
0.5,194,in_network_flows,bjointsp
0.5,0.6650523053080202,perc_successful_flows,bjointsp
0.1,1124,total_flows,bjointsp_recalc
0.1,1066,successful_flows,bjointsp_recalc
0.1,0,dropped_flows,bjointsp_recalc
0.1,58,in_network_flows,bjointsp_recalc
0.1,1.0,perc_successful_flows,bjointsp_recalc
0.2,1994,total_flows,bjointsp_recalc
0.2,1861,successful_flows,bjointsp_recalc
0.2,0,dropped_flows,bjointsp_recalc
0.2,133,in_network_flows,bjointsp_recalc
0.2,1.0,perc_successful_flows,bjointsp_recalc
0.3,3131,total_flows,bjointsp_recalc
0.3,2930,successful_flows,bjointsp_recalc
0.3,2,dropped_flows,bjointsp_recalc
0.3,199,in_network_flows,bjointsp_recalc
0.3,0.9993178717598908,perc_successful_flows,bjointsp_recalc
0.4,3834,total_flows,bjointsp_recalc
0.4,3527,successful_flows,bjointsp_recalc
0.4,9,dropped_flows,bjointsp_recalc
0.4,298,in_network_flows,bjointsp_recalc
0.4,0.9974547511312217,perc_successful_flows,bjointsp_recalc
0.5,5446,total_flows,bjointsp_recalc
0.5,4799,successful_flows,bjointsp_recalc
0.5,132,dropped_flows,bjointsp_recalc
0.5,515,in_network_flows,bjointsp_recalc
0.5,0.9732305820320422,perc_successful_flows,bjointsp_recalc
0.1,2964,total_flows,bjointsp
0.1,2091,successful_flows,bjointsp
0.1,777,dropped_flows,bjointsp
0.1,96,in_network_flows,bjointsp
0.1,0.7290794979079498,perc_successful_flows,bjointsp
0.2,3604,total_flows,bjointsp
0.2,2478,successful_flows,bjointsp
0.2,1008,dropped_flows,bjointsp
0.2,118,in_network_flows,bjointsp
0.2,0.7108433734939759,perc_successful_flows,bjointsp
0.3,4473,total_flows,bjointsp
0.3,2979,successful_flows,bjointsp
0.3,1354,dropped_flows,bjointsp
0.3,140,in_network_flows,bjointsp
0.3,0.6875144241864759,perc_successful_flows,bjointsp
0.4,5314,total_flows,bjointsp
0.4,3388,successful_flows,bjointsp
0.4,1757,dropped_flows,bjointsp
0.4,169,in_network_flows,bjointsp
0.4,0.6585034013605442,perc_successful_flows,bjointsp
0.5,6006,total_flows,bjointsp
0.5,3755,successful_flows,bjointsp
0.5,2079,dropped_flows,bjointsp
0.5,172,in_network_flows,bjointsp
0.5,0.643640726774083,perc_successful_flows,bjointsp
0.1,2920,total_flows,bjointsp_recalc
0.1,2766,successful_flows,bjointsp_recalc
0.1,0,dropped_flows,bjointsp_recalc
0.1,154,in_network_flows,bjointsp_recalc
0.1,1.0,perc_successful_flows,bjointsp_recalc
0.2,3725,total_flows,bjointsp_recalc
0.2,3463,successful_flows,bjointsp_recalc
0.2,0,dropped_flows,bjointsp_recalc
0.2,262,in_network_flows,bjointsp_recalc
0.2,1.0,perc_successful_flows,bjointsp_recalc
0.3,4458,total_flows,bjointsp_recalc
0.3,4106,successful_flows,bjointsp_recalc
0.3,16,dropped_flows,bjointsp_recalc
0.3,336,in_network_flows,bjointsp_recalc
0.3,0.9961183891314895,perc_successful_flows,bjointsp_recalc
0.4,5396,total_flows,bjointsp_recalc
0.4,4864,successful_flows,bjointsp_recalc
0.4,79,dropped_flows,bjointsp_recalc
0.4,453,in_network_flows,bjointsp_recalc
0.4,0.9840178029536718,perc_successful_flows,bjointsp_recalc
0.5,6001,total_flows,bjointsp_recalc
0.5,5260,successful_flows,bjointsp_recalc
0.5,223,dropped_flows,bjointsp_recalc
0.5,518,in_network_flows,bjointsp_recalc
0.5,0.9593288345796097,perc_successful_flows,bjointsp_recalc
0.1,458,total_flows,bjointsp
0.1,328,successful_flows,bjointsp
0.1,118,dropped_flows,bjointsp
0.1,12,in_network_flows,bjointsp
0.1,0.7354260089686099,perc_successful_flows,bjointsp
0.2,2039,total_flows,bjointsp
0.2,1496,successful_flows,bjointsp
0.2,492,dropped_flows,bjointsp
0.2,51,in_network_flows,bjointsp
0.2,0.7525150905432596,perc_successful_flows,bjointsp
0.3,3137,total_flows,bjointsp
0.3,2210,successful_flows,bjointsp
0.3,830,dropped_flows,bjointsp
0.3,97,in_network_flows,bjointsp
0.3,0.7269736842105263,perc_successful_flows,bjointsp
0.4,4698,total_flows,bjointsp
0.4,3153,successful_flows,bjointsp
0.4,1411,dropped_flows,bjointsp
0.4,134,in_network_flows,bjointsp
0.4,0.6908413672217353,perc_successful_flows,bjointsp
0.5,6136,total_flows,bjointsp
0.5,3883,successful_flows,bjointsp
0.5,2089,dropped_flows,bjointsp
0.5,164,in_network_flows,bjointsp
0.5,0.6502009377093101,perc_successful_flows,bjointsp
0.1,424,total_flows,bjointsp_recalc
0.1,410,successful_flows,bjointsp_recalc
0.1,0,dropped_flows,bjointsp_recalc
0.1,14,in_network_flows,bjointsp_recalc
0.1,1.0,perc_successful_flows,bjointsp_recalc
0.2,2056,total_flows,bjointsp_recalc
0.2,1951,successful_flows,bjointsp_recalc
0.2,0,dropped_flows,bjointsp_recalc
0.2,105,in_network_flows,bjointsp_recalc
0.2,1.0,perc_successful_flows,bjointsp_recalc
0.3,3198,total_flows,bjointsp_recalc
0.3,3007,successful_flows,bjointsp_recalc
0.3,0,dropped_flows,bjointsp_recalc
0.3,191,in_network_flows,bjointsp_recalc
0.3,1.0,perc_successful_flows,bjointsp_recalc
0.4,4677,total_flows,bjointsp_recalc
0.4,4313,successful_flows,bjointsp_recalc
0.4,7,dropped_flows,bjointsp_recalc
0.4,357,in_network_flows,bjointsp_recalc
0.4,0.9983796296296297,perc_successful_flows,bjointsp_recalc
0.5,6129,total_flows,bjointsp_recalc
0.5,5359,successful_flows,bjointsp_recalc
0.5,210,dropped_flows,bjointsp_recalc
0.5,560,in_network_flows,bjointsp_recalc
0.5,0.9622912551625067,perc_successful_flows,bjointsp_recalc
0.1,1334,total_flows,bjointsp
0.1,1006,successful_flows,bjointsp
0.1,282,dropped_flows,bjointsp
0.1,46,in_network_flows,bjointsp
0.1,0.781055900621118,perc_successful_flows,bjointsp
0.2,2426,total_flows,bjointsp
0.2,1770,successful_flows,bjointsp
0.2,584,dropped_flows,bjointsp
0.2,72,in_network_flows,bjointsp
0.2,0.7519116397621071,perc_successful_flows,bjointsp
0.3,3764,total_flows,bjointsp
0.3,2530,successful_flows,bjointsp
0.3,1112,dropped_flows,bjointsp
0.3,122,in_network_flows,bjointsp
0.3,0.6946732564524987,perc_successful_flows,bjointsp
0.4,5525,total_flows,bjointsp
0.4,3522,successful_flows,bjointsp
0.4,1826,dropped_flows,bjointsp
0.4,177,in_network_flows,bjointsp
0.4,0.6585639491398654,perc_successful_flows,bjointsp
0.5,7047,total_flows,bjointsp
0.5,4255,successful_flows,bjointsp
0.5,2569,dropped_flows,bjointsp
0.5,223,in_network_flows,bjointsp
0.5,0.6235345838218054,perc_successful_flows,bjointsp
0.1,1313,total_flows,bjointsp_recalc
0.1,1230,successful_flows,bjointsp_recalc
0.1,0,dropped_flows,bjointsp_recalc
0.1,83,in_network_flows,bjointsp_recalc
0.1,1.0,perc_successful_flows,bjointsp_recalc
0.2,2438,total_flows,bjointsp_recalc
0.2,2291,successful_flows,bjointsp_recalc
0.2,0,dropped_flows,bjointsp_recalc
0.2,147,in_network_flows,bjointsp_recalc
0.2,1.0,perc_successful_flows,bjointsp_recalc
0.3,3818,total_flows,bjointsp_recalc
0.3,3499,successful_flows,bjointsp_recalc
0.3,0,dropped_flows,bjointsp_recalc
0.3,319,in_network_flows,bjointsp_recalc
0.3,1.0,perc_successful_flows,bjointsp_recalc
0.4,5489,total_flows,bjointsp_recalc
0.4,4889,successful_flows,bjointsp_recalc
0.4,93,dropped_flows,bjointsp_recalc
0.4,507,in_network_flows,bjointsp_recalc
0.4,0.9813327980730631,perc_successful_flows,bjointsp_recalc
0.5,7018,total_flows,bjointsp_recalc
0.5,5807,successful_flows,bjointsp_recalc
0.5,607,dropped_flows,bjointsp_recalc
0.5,604,in_network_flows,bjointsp_recalc
0.5,0.9053632678515747,perc_successful_flows,bjointsp_recalc
0.1,1332,total_flows,bjointsp
0.1,1032,successful_flows,bjointsp
0.1,264,dropped_flows,bjointsp
0.1,36,in_network_flows,bjointsp
0.1,0.7962962962962963,perc_successful_flows,bjointsp
0.2,2961,total_flows,bjointsp
0.2,2086,successful_flows,bjointsp
0.2,784,dropped_flows,bjointsp
0.2,91,in_network_flows,bjointsp
0.2,0.7268292682926829,perc_successful_flows,bjointsp
0.3,4286,total_flows,bjointsp
0.3,2929,successful_flows,bjointsp
0.3,1239,dropped_flows,bjointsp
0.3,118,in_network_flows,bjointsp
0.3,0.7027351247600768,perc_successful_flows,bjointsp
0.4,5620,total_flows,bjointsp
0.4,3609,successful_flows,bjointsp
0.4,1864,dropped_flows,bjointsp
0.4,147,in_network_flows,bjointsp
0.4,0.6594189658322674,perc_successful_flows,bjointsp
0.5,6142,total_flows,bjointsp
0.5,3882,successful_flows,bjointsp
0.5,2113,dropped_flows,bjointsp
0.5,147,in_network_flows,bjointsp
0.5,0.6475396163469558,perc_successful_flows,bjointsp
0.1,1311,total_flows,bjointsp_recalc
0.1,1259,successful_flows,bjointsp_recalc
0.1,0,dropped_flows,bjointsp_recalc
0.1,52,in_network_flows,bjointsp_recalc
0.1,1.0,perc_successful_flows,bjointsp_recalc
0.2,2903,total_flows,bjointsp_recalc
0.2,2753,successful_flows,bjointsp_recalc
0.2,2,dropped_flows,bjointsp_recalc
0.2,148,in_network_flows,bjointsp_recalc
0.2,0.9992740471869328,perc_successful_flows,bjointsp_recalc
0.3,4269,total_flows,bjointsp_recalc
0.3,3975,successful_flows,bjointsp_recalc
0.3,8,dropped_flows,bjointsp_recalc
0.3,286,in_network_flows,bjointsp_recalc
0.3,0.9979914637208135,perc_successful_flows,bjointsp_recalc
0.4,5647,total_flows,bjointsp_recalc
0.4,5068,successful_flows,bjointsp_recalc
0.4,113,dropped_flows,bjointsp_recalc
0.4,466,in_network_flows,bjointsp_recalc
0.4,0.9781895386990929,perc_successful_flows,bjointsp_recalc
0.5,6306,total_flows,bjointsp_recalc
0.5,5498,successful_flows,bjointsp_recalc
0.5,304,dropped_flows,bjointsp_recalc
0.5,504,in_network_flows,bjointsp_recalc
0.5,0.947604274388142,perc_successful_flows,bjointsp_recalc
0.1,1563,total_flows,bjointsp
0.1,1164,successful_flows,bjointsp
0.1,359,dropped_flows,bjointsp
0.1,40,in_network_flows,bjointsp
0.1,0.7642810242941562,perc_successful_flows,bjointsp
0.2,2651,total_flows,bjointsp
0.2,1896,successful_flows,bjointsp
0.2,672,dropped_flows,bjointsp
0.2,83,in_network_flows,bjointsp
0.2,0.7383177570093458,perc_successful_flows,bjointsp
0.3,4015,total_flows,bjointsp
0.3,2741,successful_flows,bjointsp
0.3,1158,dropped_flows,bjointsp
0.3,116,in_network_flows,bjointsp
0.3,0.7030007694280584,perc_successful_flows,bjointsp
0.4,4433,total_flows,bjointsp
0.4,2953,successful_flows,bjointsp
0.4,1332,dropped_flows,bjointsp
0.4,148,in_network_flows,bjointsp
0.4,0.6891481913652275,perc_successful_flows,bjointsp
0.5,7384,total_flows,bjointsp
0.5,4406,successful_flows,bjointsp
0.5,2771,dropped_flows,bjointsp
0.5,207,in_network_flows,bjointsp
0.5,0.6139055315591473,perc_successful_flows,bjointsp
0.1,1599,total_flows,bjointsp_recalc
0.1,1518,successful_flows,bjointsp_recalc
0.1,0,dropped_flows,bjointsp_recalc
0.1,81,in_network_flows,bjointsp_recalc
0.1,1.0,perc_successful_flows,bjointsp_recalc
0.2,2642,total_flows,bjointsp_recalc
0.2,2493,successful_flows,bjointsp_recalc
0.2,1,dropped_flows,bjointsp_recalc
0.2,148,in_network_flows,bjointsp_recalc
0.2,0.9995990376904571,perc_successful_flows,bjointsp_recalc
0.3,3964,total_flows,bjointsp_recalc
0.3,3661,successful_flows,bjointsp_recalc
0.3,0,dropped_flows,bjointsp_recalc
0.3,303,in_network_flows,bjointsp_recalc
0.3,1.0,perc_successful_flows,bjointsp_recalc
0.4,4371,total_flows,bjointsp_recalc
0.4,4015,successful_flows,bjointsp_recalc
0.4,7,dropped_flows,bjointsp_recalc
0.4,349,in_network_flows,bjointsp_recalc
0.4,0.9982595723520636,perc_successful_flows,bjointsp_recalc
