0,0,avg_end2end_delay_of_processed_flows,bjointsp
100,36.08206557360832,avg_end2end_delay_of_processed_flows,bjointsp
200,37.50852778037494,avg_end2end_delay_of_processed_flows,bjointsp
300,37.774511631978754,avg_end2end_delay_of_processed_flows,bjointsp
400,37.80553738696189,avg_end2end_delay_of_processed_flows,bjointsp
500,37.87891193006533,avg_end2end_delay_of_processed_flows,bjointsp
600,38.01186286113735,avg_end2end_delay_of_processed_flows,bjointsp
700,37.953641815212016,avg_end2end_delay_of_processed_flows,bjointsp
800,38.02046596789607,avg_end2end_delay_of_processed_flows,bjointsp
900,38.11278908651024,avg_end2end_delay_of_processed_flows,bjointsp
1000,38.081548450353786,avg_end2end_delay_of_processed_flows,bjointsp
0,0,avg_end2end_delay_of_processed_flows,bjointsp_recalc
100,39.65397741741184,avg_end2end_delay_of_processed_flows,bjointsp_recalc
200,42.9977983837447,avg_end2end_delay_of_processed_flows,bjointsp_recalc
300,43.503339910278605,avg_end2end_delay_of_processed_flows,bjointsp_recalc
400,44.13431386893862,avg_end2end_delay_of_processed_flows,bjointsp_recalc
500,44.83248683899094,avg_end2end_delay_of_processed_flows,bjointsp_recalc
600,45.00766107676466,avg_end2end_delay_of_processed_flows,bjointsp_recalc
700,44.74884398652555,avg_end2end_delay_of_processed_flows,bjointsp_recalc
800,44.77681598979236,avg_end2end_delay_of_processed_flows,bjointsp_recalc
900,44.57760323501344,avg_end2end_delay_of_processed_flows,bjointsp_recalc
1000,44.655002436273634,avg_end2end_delay_of_processed_flows,bjointsp_recalc
0,0,avg_end2end_delay_of_processed_flows,bjointsp
100,34.9992991376154,avg_end2end_delay_of_processed_flows,bjointsp
200,37.407634707747505,avg_end2end_delay_of_processed_flows,bjointsp
300,38.03622644226825,avg_end2end_delay_of_processed_flows,bjointsp
400,38.46495765063408,avg_end2end_delay_of_processed_flows,bjointsp
500,38.62716772051165,avg_end2end_delay_of_processed_flows,bjointsp
600,38.86820572092897,avg_end2end_delay_of_processed_flows,bjointsp
700,38.9706288306594,avg_end2end_delay_of_processed_flows,bjointsp
800,39.10658679812061,avg_end2end_delay_of_processed_flows,bjointsp
900,39.22907499429126,avg_end2end_delay_of_processed_flows,bjointsp
1000,39.35765075614354,avg_end2end_delay_of_processed_flows,bjointsp
0,0,avg_end2end_delay_of_processed_flows,bjointsp_recalc
100,38.97387246737867,avg_end2end_delay_of_processed_flows,bjointsp_recalc
200,45.32519557937458,avg_end2end_delay_of_processed_flows,bjointsp_recalc
300,48.04693585621019,avg_end2end_delay_of_processed_flows,bjointsp_recalc
400,49.47651928500564,avg_end2end_delay_of_processed_flows,bjointsp_recalc
500,50.30187339251194,avg_end2end_delay_of_processed_flows,bjointsp_recalc
600,50.875578771389726,avg_end2end_delay_of_processed_flows,bjointsp_recalc
700,51.31473827628128,avg_end2end_delay_of_processed_flows,bjointsp_recalc
800,51.52864653623126,avg_end2end_delay_of_processed_flows,bjointsp_recalc
900,51.56726049668882,avg_end2end_delay_of_processed_flows,bjointsp_recalc
1000,51.560033526641206,avg_end2end_delay_of_processed_flows,bjointsp_recalc
0,0,avg_end2end_delay_of_processed_flows,bjointsp
100,35.93050534640493,avg_end2end_delay_of_processed_flows,bjointsp
200,37.90699850101939,avg_end2end_delay_of_processed_flows,bjointsp
300,38.23953265122477,avg_end2end_delay_of_processed_flows,bjointsp
400,38.46500521060477,avg_end2end_delay_of_processed_flows,bjointsp
500,38.54658066479215,avg_end2end_delay_of_processed_flows,bjointsp
600,38.58707027681836,avg_end2end_delay_of_processed_flows,bjointsp
700,38.65306483057621,avg_end2end_delay_of_processed_flows,bjointsp
800,38.69520020288519,avg_end2end_delay_of_processed_flows,bjointsp
900,38.61276288784145,avg_end2end_delay_of_processed_flows,bjointsp
1000,38.609589039452054,avg_end2end_delay_of_processed_flows,bjointsp
0,0,avg_end2end_delay_of_processed_flows,bjointsp_recalc
100,40.048705860004056,avg_end2end_delay_of_processed_flows,bjointsp_recalc
200,45.8444412276107,avg_end2end_delay_of_processed_flows,bjointsp_recalc
300,48.386034766428416,avg_end2end_delay_of_processed_flows,bjointsp_recalc
400,49.68807706218737,avg_end2end_delay_of_processed_flows,bjointsp_recalc
500,50.579391211379104,avg_end2end_delay_of_processed_flows,bjointsp_recalc
600,51.07013278843254,avg_end2end_delay_of_processed_flows,bjointsp_recalc
700,51.07015107537175,avg_end2end_delay_of_processed_flows,bjointsp_recalc
800,51.04327388655907,avg_end2end_delay_of_processed_flows,bjointsp_recalc
900,51.16652848212431,avg_end2end_delay_of_processed_flows,bjointsp_recalc
1000,51.28686525398728,avg_end2end_delay_of_processed_flows,bjointsp_recalc
0,0,avg_end2end_delay_of_processed_flows,bjointsp
100,36.971332970362916,avg_end2end_delay_of_processed_flows,bjointsp
200,38.910928865434464,avg_end2end_delay_of_processed_flows,bjointsp
300,39.345571053295444,avg_end2end_delay_of_processed_flows,bjointsp
400,39.93035670672457,avg_end2end_delay_of_processed_flows,bjointsp
500,39.959960052095624,avg_end2end_delay_of_processed_flows,bjointsp
600,40.00472156579231,avg_end2end_delay_of_processed_flows,bjointsp
700,39.92805982128765,avg_end2end_delay_of_processed_flows,bjointsp
800,40.02289795109853,avg_end2end_delay_of_processed_flows,bjointsp
900,40.20860345764222,avg_end2end_delay_of_processed_flows,bjointsp
1000,40.18311379335231,avg_end2end_delay_of_processed_flows,bjointsp
0,0,avg_end2end_delay_of_processed_flows,bjointsp_recalc
100,40.85854641330373,avg_end2end_delay_of_processed_flows,bjointsp_recalc
200,47.39016755961364,avg_end2end_delay_of_processed_flows,bjointsp_recalc
300,48.99283532632184,avg_end2end_delay_of_processed_flows,bjointsp_recalc
400,49.95795362652401,avg_end2end_delay_of_processed_flows,bjointsp_recalc
500,50.32443621801322,avg_end2end_delay_of_processed_flows,bjointsp_recalc
600,50.9078032781896,avg_end2end_delay_of_processed_flows,bjointsp_recalc
700,51.230562844940025,avg_end2end_delay_of_processed_flows,bjointsp_recalc
800,51.41109670363077,avg_end2end_delay_of_processed_flows,bjointsp_recalc
900,51.7398895748533,avg_end2end_delay_of_processed_flows,bjointsp_recalc
1000,52.07327442888913,avg_end2end_delay_of_processed_flows,bjointsp_recalc
0,0,avg_end2end_delay_of_processed_flows,bjointsp
100,32.975360564914794,avg_end2end_delay_of_processed_flows,bjointsp
200,36.10452249127704,avg_end2end_delay_of_processed_flows,bjointsp
300,36.55200510543854,avg_end2end_delay_of_processed_flows,bjointsp
400,36.753099139620225,avg_end2end_delay_of_processed_flows,bjointsp
500,36.93676570213027,avg_end2end_delay_of_processed_flows,bjointsp
600,37.02057404335261,avg_end2end_delay_of_processed_flows,bjointsp
700,37.10505409669916,avg_end2end_delay_of_processed_flows,bjointsp
800,37.21227587753338,avg_end2end_delay_of_processed_flows,bjointsp
900,37.17359876697465,avg_end2end_delay_of_processed_flows,bjointsp
1000,37.22312196953288,avg_end2end_delay_of_processed_flows,bjointsp
0,0,avg_end2end_delay_of_processed_flows,bjointsp_recalc
100,35.9119464416923,avg_end2end_delay_of_processed_flows,bjointsp_recalc
200,40.972409408255,avg_end2end_delay_of_processed_flows,bjointsp_recalc
300,42.700241287874505,avg_end2end_delay_of_processed_flows,bjointsp_recalc
400,43.859563222440926,avg_end2end_delay_of_processed_flows,bjointsp_recalc
500,44.65625141059024,avg_end2end_delay_of_processed_flows,bjointsp_recalc
600,45.04046432228136,avg_end2end_delay_of_processed_flows,bjointsp_recalc
700,45.391210071643314,avg_end2end_delay_of_processed_flows,bjointsp_recalc
800,45.984913342131385,avg_end2end_delay_of_processed_flows,bjointsp_recalc
900,46.243196618709064,avg_end2end_delay_of_processed_flows,bjointsp_recalc
1000,46.32671540691569,avg_end2end_delay_of_processed_flows,bjointsp_recalc
0,0,avg_end2end_delay_of_processed_flows,bjointsp
100,36.33796684041524,avg_end2end_delay_of_processed_flows,bjointsp
200,38.21716778253084,avg_end2end_delay_of_processed_flows,bjointsp
300,38.37435050984484,avg_end2end_delay_of_processed_flows,bjointsp
400,38.27764765667892,avg_end2end_delay_of_processed_flows,bjointsp
500,38.34533911687327,avg_end2end_delay_of_processed_flows,bjointsp
600,38.27314836058043,avg_end2end_delay_of_processed_flows,bjointsp
700,38.27499138287465,avg_end2end_delay_of_processed_flows,bjointsp
800,38.45169708901356,avg_end2end_delay_of_processed_flows,bjointsp
900,38.36478830082902,avg_end2end_delay_of_processed_flows,bjointsp
1000,38.39218866128856,avg_end2end_delay_of_processed_flows,bjointsp
0,0,avg_end2end_delay_of_processed_flows,bjointsp_recalc
100,40.42082625417404,avg_end2end_delay_of_processed_flows,bjointsp_recalc
200,43.503308857019626,avg_end2end_delay_of_processed_flows,bjointsp_recalc
300,44.13370903112143,avg_end2end_delay_of_processed_flows,bjointsp_recalc
400,45.18445132374938,avg_end2end_delay_of_processed_flows,bjointsp_recalc
500,46.2508808312022,avg_end2end_delay_of_processed_flows,bjointsp_recalc
600,46.867650112396596,avg_end2end_delay_of_processed_flows,bjointsp_recalc
700,47.67096037138591,avg_end2end_delay_of_processed_flows,bjointsp_recalc
800,48.004225735292245,avg_end2end_delay_of_processed_flows,bjointsp_recalc
900,47.980116403073524,avg_end2end_delay_of_processed_flows,bjointsp_recalc
1000,48.13438849512925,avg_end2end_delay_of_processed_flows,bjointsp_recalc
0,0,avg_end2end_delay_of_processed_flows,bjointsp
100,34.730524596362315,avg_end2end_delay_of_processed_flows,bjointsp
200,36.04098088145697,avg_end2end_delay_of_processed_flows,bjointsp
300,36.67124342066966,avg_end2end_delay_of_processed_flows,bjointsp
400,36.89338362449074,avg_end2end_delay_of_processed_flows,bjointsp
500,37.137015370103796,avg_end2end_delay_of_processed_flows,bjointsp
600,37.04866067924757,avg_end2end_delay_of_processed_flows,bjointsp
700,36.82771889697022,avg_end2end_delay_of_processed_flows,bjointsp
800,36.911302780536595,avg_end2end_delay_of_processed_flows,bjointsp
900,36.929117083406986,avg_end2end_delay_of_processed_flows,bjointsp
1000,36.988619258300055,avg_end2end_delay_of_processed_flows,bjointsp
0,0,avg_end2end_delay_of_processed_flows,bjointsp_recalc
100,37.86841710795375,avg_end2end_delay_of_processed_flows,bjointsp_recalc
200,42.88555740758534,avg_end2end_delay_of_processed_flows,bjointsp_recalc
300,43.81681001238927,avg_end2end_delay_of_processed_flows,bjointsp_recalc
400,44.52541674135319,avg_end2end_delay_of_processed_flows,bjointsp_recalc
500,45.65506918118356,avg_end2end_delay_of_processed_flows,bjointsp_recalc
600,45.93046461131395,avg_end2end_delay_of_processed_flows,bjointsp_recalc
700,46.4091539632205,avg_end2end_delay_of_processed_flows,bjointsp_recalc
800,46.55402542342396,avg_end2end_delay_of_processed_flows,bjointsp_recalc
900,46.74303868147116,avg_end2end_delay_of_processed_flows,bjointsp_recalc
1000,46.682043459025195,avg_end2end_delay_of_processed_flows,bjointsp_recalc
0,0,avg_end2end_delay_of_processed_flows,bjointsp
100,35.8645667102825,avg_end2end_delay_of_processed_flows,bjointsp
200,38.83552184810504,avg_end2end_delay_of_processed_flows,bjointsp
300,39.136026806267154,avg_end2end_delay_of_processed_flows,bjointsp
400,39.69828823717408,avg_end2end_delay_of_processed_flows,bjointsp
500,39.98126086032086,avg_end2end_delay_of_processed_flows,bjointsp
600,40.023047676141694,avg_end2end_delay_of_processed_flows,bjointsp
700,40.072838325830666,avg_end2end_delay_of_processed_flows,bjointsp
800,40.06264591810312,avg_end2end_delay_of_processed_flows,bjointsp
900,40.061294265821175,avg_end2end_delay_of_processed_flows,bjointsp
1000,40.22333885668189,avg_end2end_delay_of_processed_flows,bjointsp
0,0,avg_end2end_delay_of_processed_flows,bjointsp_recalc
100,39.56575987032851,avg_end2end_delay_of_processed_flows,bjointsp_recalc
200,45.40725841542974,avg_end2end_delay_of_processed_flows,bjointsp_recalc
300,48.01021183939755,avg_end2end_delay_of_processed_flows,bjointsp_recalc
400,48.76004923653839,avg_end2end_delay_of_processed_flows,bjointsp_recalc
500,49.5379672577455,avg_end2end_delay_of_processed_flows,bjointsp_recalc
600,50.02278450224219,avg_end2end_delay_of_processed_flows,bjointsp_recalc
700,50.274525084523496,avg_end2end_delay_of_processed_flows,bjointsp_recalc
800,50.48924473866284,avg_end2end_delay_of_processed_flows,bjointsp_recalc
900,50.703988492543175,avg_end2end_delay_of_processed_flows,bjointsp_recalc
1000,51.28205530166102,avg_end2end_delay_of_processed_flows,bjointsp_recalc
0,0,avg_end2end_delay_of_processed_flows,bjointsp
100,37.152649513629505,avg_end2end_delay_of_processed_flows,bjointsp
200,39.14084143211044,avg_end2end_delay_of_processed_flows,bjointsp
300,39.994607703892406,avg_end2end_delay_of_processed_flows,bjointsp
400,40.25297281307894,avg_end2end_delay_of_processed_flows,bjointsp
500,40.41164622186032,avg_end2end_delay_of_processed_flows,bjointsp
600,40.61931453837502,avg_end2end_delay_of_processed_flows,bjointsp
700,40.80367531653011,avg_end2end_delay_of_processed_flows,bjointsp
800,40.78350475337339,avg_end2end_delay_of_processed_flows,bjointsp
900,40.867155566357006,avg_end2end_delay_of_processed_flows,bjointsp
1000,40.93519148211429,avg_end2end_delay_of_processed_flows,bjointsp
0,0,avg_end2end_delay_of_processed_flows,bjointsp_recalc
100,39.338755851135936,avg_end2end_delay_of_processed_flows,bjointsp_recalc
200,46.1772977043936,avg_end2end_delay_of_processed_flows,bjointsp_recalc
300,47.131022247344795,avg_end2end_delay_of_processed_flows,bjointsp_recalc
400,47.68216742540948,avg_end2end_delay_of_processed_flows,bjointsp_recalc
500,48.16780185398702,avg_end2end_delay_of_processed_flows,bjointsp_recalc
600,48.3135611382301,avg_end2end_delay_of_processed_flows,bjointsp_recalc
700,48.42869630125711,avg_end2end_delay_of_processed_flows,bjointsp_recalc
800,48.855923592641325,avg_end2end_delay_of_processed_flows,bjointsp_recalc
900,49.01839296205078,avg_end2end_delay_of_processed_flows,bjointsp_recalc
1000,49.215189806384465,avg_end2end_delay_of_processed_flows,bjointsp_recalc
0,0,avg_end2end_delay_of_processed_flows,bjointsp
100,36.243327608542366,avg_end2end_delay_of_processed_flows,bjointsp
200,37.92217018078026,avg_end2end_delay_of_processed_flows,bjointsp
300,38.27310437562433,avg_end2end_delay_of_processed_flows,bjointsp
400,38.41740990655738,avg_end2end_delay_of_processed_flows,bjointsp
500,38.352532691523315,avg_end2end_delay_of_processed_flows,bjointsp
600,38.401444993844414,avg_end2end_delay_of_processed_flows,bjointsp
700,38.500242227003426,avg_end2end_delay_of_processed_flows,bjointsp
800,38.581658320777194,avg_end2end_delay_of_processed_flows,bjointsp
900,38.6034502407765,avg_end2end_delay_of_processed_flows,bjointsp
1000,38.539626384098696,avg_end2end_delay_of_processed_flows,bjointsp
0,0,avg_end2end_delay_of_processed_flows,bjointsp_recalc
100,37.82199486002923,avg_end2end_delay_of_processed_flows,bjointsp_recalc
200,43.40694363148164,avg_end2end_delay_of_processed_flows,bjointsp_recalc
300,45.5080681925773,avg_end2end_delay_of_processed_flows,bjointsp_recalc
400,46.07697415372125,avg_end2end_delay_of_processed_flows,bjointsp_recalc
500,47.07461249191833,avg_end2end_delay_of_processed_flows,bjointsp_recalc
600,47.744441926163894,avg_end2end_delay_of_processed_flows,bjointsp_recalc
700,47.91388994829425,avg_end2end_delay_of_processed_flows,bjointsp_recalc
800,48.08450469307162,avg_end2end_delay_of_processed_flows,bjointsp_recalc
900,48.21690856858551,avg_end2end_delay_of_processed_flows,bjointsp_recalc
1000,48.554640012704226,avg_end2end_delay_of_processed_flows,bjointsp_recalc
0,0,avg_end2end_delay_of_processed_flows,bjointsp
100,35.024405344696305,avg_end2end_delay_of_processed_flows,bjointsp
200,36.560941648700556,avg_end2end_delay_of_processed_flows,bjointsp
300,36.94987894091454,avg_end2end_delay_of_processed_flows,bjointsp
400,37.370649302691355,avg_end2end_delay_of_processed_flows,bjointsp
500,37.321296605546834,avg_end2end_delay_of_processed_flows,bjointsp
600,37.51038624776624,avg_end2end_delay_of_processed_flows,bjointsp
700,37.41406914310109,avg_end2end_delay_of_processed_flows,bjointsp
800,37.43856540086214,avg_end2end_delay_of_processed_flows,bjointsp
900,37.299371557744884,avg_end2end_delay_of_processed_flows,bjointsp
1000,37.342683976961915,avg_end2end_delay_of_processed_flows,bjointsp
0,0,avg_end2end_delay_of_processed_flows,bjointsp_recalc
100,38.563321236167965,avg_end2end_delay_of_processed_flows,bjointsp_recalc
200,43.12249828346445,avg_end2end_delay_of_processed_flows,bjointsp_recalc
300,45.15183141775699,avg_end2end_delay_of_processed_flows,bjointsp_recalc
400,46.331475969361854,avg_end2end_delay_of_processed_flows,bjointsp_recalc
500,46.2453227007881,avg_end2end_delay_of_processed_flows,bjointsp_recalc
600,46.524363623613,avg_end2end_delay_of_processed_flows,bjointsp_recalc
700,47.09146410985913,avg_end2end_delay_of_processed_flows,bjointsp_recalc
800,47.33085290026592,avg_end2end_delay_of_processed_flows,bjointsp_recalc
900,47.53118341205329,avg_end2end_delay_of_processed_flows,bjointsp_recalc
1000,47.99059337420973,avg_end2end_delay_of_processed_flows,bjointsp_recalc
0,0,avg_end2end_delay_of_processed_flows,bjointsp
100,33.73808417881687,avg_end2end_delay_of_processed_flows,bjointsp
200,33.99808296946619,avg_end2end_delay_of_processed_flows,bjointsp
300,34.087425062379104,avg_end2end_delay_of_processed_flows,bjointsp
400,34.20914258577154,avg_end2end_delay_of_processed_flows,bjointsp
500,34.30571280938692,avg_end2end_delay_of_processed_flows,bjointsp
600,34.261474727501344,avg_end2end_delay_of_processed_flows,bjointsp
700,34.168014104780575,avg_end2end_delay_of_processed_flows,bjointsp
800,34.28450228836618,avg_end2end_delay_of_processed_flows,bjointsp
900,34.26505876906617,avg_end2end_delay_of_processed_flows,bjointsp
1000,34.42150301327595,avg_end2end_delay_of_processed_flows,bjointsp
0,0,avg_end2end_delay_of_processed_flows,bjointsp_recalc
100,35.48832393484721,avg_end2end_delay_of_processed_flows,bjointsp_recalc
200,39.96584221457687,avg_end2end_delay_of_processed_flows,bjointsp_recalc
300,41.0943650412078,avg_end2end_delay_of_processed_flows,bjointsp_recalc
400,41.407142263459036,avg_end2end_delay_of_processed_flows,bjointsp_recalc
500,41.648188280725,avg_end2end_delay_of_processed_flows,bjointsp_recalc
600,42.25750190974036,avg_end2end_delay_of_processed_flows,bjointsp_recalc
700,42.95241404258756,avg_end2end_delay_of_processed_flows,bjointsp_recalc
800,43.153054860116946,avg_end2end_delay_of_processed_flows,bjointsp_recalc
900,43.19545009948243,avg_end2end_delay_of_processed_flows,bjointsp_recalc
1000,43.39923068901066,avg_end2end_delay_of_processed_flows,bjointsp_recalc
0,0,avg_end2end_delay_of_processed_flows,bjointsp
100,36.01283608720048,avg_end2end_delay_of_processed_flows,bjointsp
200,38.19395467287829,avg_end2end_delay_of_processed_flows,bjointsp
300,38.013926151623764,avg_end2end_delay_of_processed_flows,bjointsp
400,38.43687612066958,avg_end2end_delay_of_processed_flows,bjointsp
500,38.47032946342646,avg_end2end_delay_of_processed_flows,bjointsp
600,38.64333256031877,avg_end2end_delay_of_processed_flows,bjointsp
700,38.56200247807797,avg_end2end_delay_of_processed_flows,bjointsp
800,38.549287359571615,avg_end2end_delay_of_processed_flows,bjointsp
900,38.59453711486125,avg_end2end_delay_of_processed_flows,bjointsp
1000,38.57353441074425,avg_end2end_delay_of_processed_flows,bjointsp
0,0,avg_end2end_delay_of_processed_flows,bjointsp_recalc
100,39.496672565376066,avg_end2end_delay_of_processed_flows,bjointsp_recalc
200,43.59783049346314,avg_end2end_delay_of_processed_flows,bjointsp_recalc
300,45.79269003722575,avg_end2end_delay_of_processed_flows,bjointsp_recalc
400,46.157569252955064,avg_end2end_delay_of_processed_flows,bjointsp_recalc
500,46.99173011200255,avg_end2end_delay_of_processed_flows,bjointsp_recalc
600,47.52244176860219,avg_end2end_delay_of_processed_flows,bjointsp_recalc
700,47.76485726631361,avg_end2end_delay_of_processed_flows,bjointsp_recalc
800,48.026461973522686,avg_end2end_delay_of_processed_flows,bjointsp_recalc
900,48.21386394109045,avg_end2end_delay_of_processed_flows,bjointsp_recalc
1000,48.52964437052123,avg_end2end_delay_of_processed_flows,bjointsp_recalc
0,0,avg_end2end_delay_of_processed_flows,bjointsp
100,36.07481374056706,avg_end2end_delay_of_processed_flows,bjointsp
200,37.70842617989212,avg_end2end_delay_of_processed_flows,bjointsp
300,37.9974633420001,avg_end2end_delay_of_processed_flows,bjointsp
400,38.06772432397859,avg_end2end_delay_of_processed_flows,bjointsp
500,38.28430399424382,avg_end2end_delay_of_processed_flows,bjointsp
600,38.28473085476907,avg_end2end_delay_of_processed_flows,bjointsp
700,38.292444866499764,avg_end2end_delay_of_processed_flows,bjointsp
800,38.24205173061108,avg_end2end_delay_of_processed_flows,bjointsp
900,38.272140412311494,avg_end2end_delay_of_processed_flows,bjointsp
1000,38.34201290064841,avg_end2end_delay_of_processed_flows,bjointsp
0,0,avg_end2end_delay_of_processed_flows,bjointsp_recalc
100,40.35123281497415,avg_end2end_delay_of_processed_flows,bjointsp_recalc
200,46.34241275448895,avg_end2end_delay_of_processed_flows,bjointsp_recalc
300,47.88852826065648,avg_end2end_delay_of_processed_flows,bjointsp_recalc
400,49.36428991548279,avg_end2end_delay_of_processed_flows,bjointsp_recalc
500,49.720033394571324,avg_end2end_delay_of_processed_flows,bjointsp_recalc
600,49.863072412195095,avg_end2end_delay_of_processed_flows,bjointsp_recalc
700,50.132544097519734,avg_end2end_delay_of_processed_flows,bjointsp_recalc
800,50.43489106785939,avg_end2end_delay_of_processed_flows,bjointsp_recalc
900,50.41329160447367,avg_end2end_delay_of_processed_flows,bjointsp_recalc
1000,50.39087505363944,avg_end2end_delay_of_processed_flows,bjointsp_recalc
0,0,avg_end2end_delay_of_processed_flows,bjointsp
100,35.0649553517676,avg_end2end_delay_of_processed_flows,bjointsp
200,38.181353900786476,avg_end2end_delay_of_processed_flows,bjointsp
300,38.7590219165098,avg_end2end_delay_of_processed_flows,bjointsp
400,39.03152701546414,avg_end2end_delay_of_processed_flows,bjointsp
500,38.82321304091896,avg_end2end_delay_of_processed_flows,bjointsp
600,38.79040088001062,avg_end2end_delay_of_processed_flows,bjointsp
700,38.92927753386252,avg_end2end_delay_of_processed_flows,bjointsp
800,38.94166927553441,avg_end2end_delay_of_processed_flows,bjointsp
900,38.801803317437944,avg_end2end_delay_of_processed_flows,bjointsp
1000,38.85000054406141,avg_end2end_delay_of_processed_flows,bjointsp
0,0,avg_end2end_delay_of_processed_flows,bjointsp_recalc
100,40.39125274760374,avg_end2end_delay_of_processed_flows,bjointsp_recalc
200,44.14009794629601,avg_end2end_delay_of_processed_flows,bjointsp_recalc
300,45.55957907151699,avg_end2end_delay_of_processed_flows,bjointsp_recalc
400,45.94211795715903,avg_end2end_delay_of_processed_flows,bjointsp_recalc
500,46.310286645509905,avg_end2end_delay_of_processed_flows,bjointsp_recalc
600,46.736576638448604,avg_end2end_delay_of_processed_flows,bjointsp_recalc
700,46.51093141754804,avg_end2end_delay_of_processed_flows,bjointsp_recalc
800,46.23510558152644,avg_end2end_delay_of_processed_flows,bjointsp_recalc
900,45.90267483213705,avg_end2end_delay_of_processed_flows,bjointsp_recalc
1000,46.1434549553303,avg_end2end_delay_of_processed_flows,bjointsp_recalc
0,0,avg_end2end_delay_of_processed_flows,bjointsp
100,32.82579928302294,avg_end2end_delay_of_processed_flows,bjointsp
200,35.07046252261349,avg_end2end_delay_of_processed_flows,bjointsp
300,35.481595316378794,avg_end2end_delay_of_processed_flows,bjointsp
400,35.26742600623324,avg_end2end_delay_of_processed_flows,bjointsp
500,35.263319066600374,avg_end2end_delay_of_processed_flows,bjointsp
600,35.23298991257376,avg_end2end_delay_of_processed_flows,bjointsp
700,35.242819206445574,avg_end2end_delay_of_processed_flows,bjointsp
800,35.348739707568164,avg_end2end_delay_of_processed_flows,bjointsp
900,35.460553260324396,avg_end2end_delay_of_processed_flows,bjointsp
1000,35.434031629499415,avg_end2end_delay_of_processed_flows,bjointsp
0,0,avg_end2end_delay_of_processed_flows,bjointsp_recalc
100,35.438447812655006,avg_end2end_delay_of_processed_flows,bjointsp_recalc
200,38.73045743572352,avg_end2end_delay_of_processed_flows,bjointsp_recalc
300,39.988907203664525,avg_end2end_delay_of_processed_flows,bjointsp_recalc
400,40.44383161824525,avg_end2end_delay_of_processed_flows,bjointsp_recalc
500,40.76088676399419,avg_end2end_delay_of_processed_flows,bjointsp_recalc
600,40.72349027324655,avg_end2end_delay_of_processed_flows,bjointsp_recalc
700,40.93706700600711,avg_end2end_delay_of_processed_flows,bjointsp_recalc
800,41.031715918195395,avg_end2end_delay_of_processed_flows,bjointsp_recalc
900,41.376491952479974,avg_end2end_delay_of_processed_flows,bjointsp_recalc
1000,41.5194222591463,avg_end2end_delay_of_processed_flows,bjointsp_recalc
0,0,avg_end2end_delay_of_processed_flows,bjointsp
100,35.91213225714522,avg_end2end_delay_of_processed_flows,bjointsp
200,38.0998047007347,avg_end2end_delay_of_processed_flows,bjointsp
300,38.064580733860524,avg_end2end_delay_of_processed_flows,bjointsp
400,38.25138621833772,avg_end2end_delay_of_processed_flows,bjointsp
500,38.20949868530991,avg_end2end_delay_of_processed_flows,bjointsp
600,38.407005701455134,avg_end2end_delay_of_processed_flows,bjointsp
700,38.34974282627996,avg_end2end_delay_of_processed_flows,bjointsp
800,38.48385303015954,avg_end2end_delay_of_processed_flows,bjointsp
900,38.48843597165944,avg_end2end_delay_of_processed_flows,bjointsp
1000,38.518384299161426,avg_end2end_delay_of_processed_flows,bjointsp
0,0,avg_end2end_delay_of_processed_flows,bjointsp_recalc
100,36.334087869334894,avg_end2end_delay_of_processed_flows,bjointsp_recalc
200,40.73852053921228,avg_end2end_delay_of_processed_flows,bjointsp_recalc
300,42.54911779879797,avg_end2end_delay_of_processed_flows,bjointsp_recalc
400,43.40948870957444,avg_end2end_delay_of_processed_flows,bjointsp_recalc
500,43.96886992773909,avg_end2end_delay_of_processed_flows,bjointsp_recalc
600,44.32299747368302,avg_end2end_delay_of_processed_flows,bjointsp_recalc
700,44.97047710022097,avg_end2end_delay_of_processed_flows,bjointsp_recalc
800,45.624350739115734,avg_end2end_delay_of_processed_flows,bjointsp_recalc
900,45.995904593187,avg_end2end_delay_of_processed_flows,bjointsp_recalc
1000,46.343883452067715,avg_end2end_delay_of_processed_flows,bjointsp_recalc
0,0,avg_end2end_delay_of_processed_flows,bjointsp
100,33.976172923934435,avg_end2end_delay_of_processed_flows,bjointsp
200,37.078426329738626,avg_end2end_delay_of_processed_flows,bjointsp
300,37.61327625002886,avg_end2end_delay_of_processed_flows,bjointsp
400,38.2220426563083,avg_end2end_delay_of_processed_flows,bjointsp
500,38.282315441744274,avg_end2end_delay_of_processed_flows,bjointsp
600,38.24211836876873,avg_end2end_delay_of_processed_flows,bjointsp
700,38.13878261733468,avg_end2end_delay_of_processed_flows,bjointsp
800,38.206351161926236,avg_end2end_delay_of_processed_flows,bjointsp
900,38.28151273684987,avg_end2end_delay_of_processed_flows,bjointsp
1000,38.24284557574164,avg_end2end_delay_of_processed_flows,bjointsp
0,0,avg_end2end_delay_of_processed_flows,bjointsp_recalc
100,40.18662880115172,avg_end2end_delay_of_processed_flows,bjointsp_recalc
200,44.470549958566586,avg_end2end_delay_of_processed_flows,bjointsp_recalc
300,45.94690019359164,avg_end2end_delay_of_processed_flows,bjointsp_recalc
400,47.372949775748054,avg_end2end_delay_of_processed_flows,bjointsp_recalc
500,48.38009216162209,avg_end2end_delay_of_processed_flows,bjointsp_recalc
600,48.75974780285582,avg_end2end_delay_of_processed_flows,bjointsp_recalc
700,49.21017357994139,avg_end2end_delay_of_processed_flows,bjointsp_recalc
800,49.507385188280395,avg_end2end_delay_of_processed_flows,bjointsp_recalc
900,49.713077389308765,avg_end2end_delay_of_processed_flows,bjointsp_recalc
1000,50.164315317115815,avg_end2end_delay_of_processed_flows,bjointsp_recalc
0,0,avg_end2end_delay_of_processed_flows,bjointsp
100,38.919810133476226,avg_end2end_delay_of_processed_flows,bjointsp
200,40.01410954474317,avg_end2end_delay_of_processed_flows,bjointsp
300,40.17224829784389,avg_end2end_delay_of_processed_flows,bjointsp
400,40.00626762063346,avg_end2end_delay_of_processed_flows,bjointsp
500,40.16953233603642,avg_end2end_delay_of_processed_flows,bjointsp
600,40.01217826052876,avg_end2end_delay_of_processed_flows,bjointsp
700,40.02426768220799,avg_end2end_delay_of_processed_flows,bjointsp
800,40.14059680138067,avg_end2end_delay_of_processed_flows,bjointsp
900,40.102721987866715,avg_end2end_delay_of_processed_flows,bjointsp
1000,40.10943223944705,avg_end2end_delay_of_processed_flows,bjointsp
0,0,avg_end2end_delay_of_processed_flows,bjointsp_recalc
100,39.78245309466921,avg_end2end_delay_of_processed_flows,bjointsp_recalc
200,43.93789319133017,avg_end2end_delay_of_processed_flows,bjointsp_recalc
300,45.317357484912755,avg_end2end_delay_of_processed_flows,bjointsp_recalc
400,45.83238171788267,avg_end2end_delay_of_processed_flows,bjointsp_recalc
500,46.05575695338488,avg_end2end_delay_of_processed_flows,bjointsp_recalc
600,46.79904837853156,avg_end2end_delay_of_processed_flows,bjointsp_recalc
700,47.10383174655274,avg_end2end_delay_of_processed_flows,bjointsp_recalc
800,47.64764980622045,avg_end2end_delay_of_processed_flows,bjointsp_recalc
900,47.969050222076504,avg_end2end_delay_of_processed_flows,bjointsp_recalc
1000,48.042982616679716,avg_end2end_delay_of_processed_flows,bjointsp_recalc
0,0,avg_end2end_delay_of_processed_flows,bjointsp
100,37.71964650383728,avg_end2end_delay_of_processed_flows,bjointsp
200,39.24788678707878,avg_end2end_delay_of_processed_flows,bjointsp
300,39.56537433976026,avg_end2end_delay_of_processed_flows,bjointsp
400,39.77046685682925,avg_end2end_delay_of_processed_flows,bjointsp
500,39.87934031836582,avg_end2end_delay_of_processed_flows,bjointsp
600,40.016188315394096,avg_end2end_delay_of_processed_flows,bjointsp
700,40.02651998907614,avg_end2end_delay_of_processed_flows,bjointsp
800,40.05221498035625,avg_end2end_delay_of_processed_flows,bjointsp
900,40.02630268892849,avg_end2end_delay_of_processed_flows,bjointsp
1000,39.92846421801635,avg_end2end_delay_of_processed_flows,bjointsp
0,0,avg_end2end_delay_of_processed_flows,bjointsp_recalc
100,38.93110027790544,avg_end2end_delay_of_processed_flows,bjointsp_recalc
200,43.6913526649155,avg_end2end_delay_of_processed_flows,bjointsp_recalc
300,46.23586901168371,avg_end2end_delay_of_processed_flows,bjointsp_recalc
400,47.16445779894964,avg_end2end_delay_of_processed_flows,bjointsp_recalc
500,48.01568058554815,avg_end2end_delay_of_processed_flows,bjointsp_recalc
600,48.72220292065294,avg_end2end_delay_of_processed_flows,bjointsp_recalc
700,49.321236037333094,avg_end2end_delay_of_processed_flows,bjointsp_recalc
800,49.707426739438695,avg_end2end_delay_of_processed_flows,bjointsp_recalc
900,50.11499810591581,avg_end2end_delay_of_processed_flows,bjointsp_recalc
1000,50.52020388595634,avg_end2end_delay_of_processed_flows,bjointsp_recalc
0,0,avg_end2end_delay_of_processed_flows,bjointsp
100,32.74568387002405,avg_end2end_delay_of_processed_flows,bjointsp
200,34.31833468481078,avg_end2end_delay_of_processed_flows,bjointsp
300,34.72491027668289,avg_end2end_delay_of_processed_flows,bjointsp
400,34.8227667511275,avg_end2end_delay_of_processed_flows,bjointsp
500,35.07372849944019,avg_end2end_delay_of_processed_flows,bjointsp
600,35.0891696521329,avg_end2end_delay_of_processed_flows,bjointsp
700,35.048557712998246,avg_end2end_delay_of_processed_flows,bjointsp
800,35.138179680370506,avg_end2end_delay_of_processed_flows,bjointsp
900,35.132379368751316,avg_end2end_delay_of_processed_flows,bjointsp
1000,35.04556962166902,avg_end2end_delay_of_processed_flows,bjointsp
0,0,avg_end2end_delay_of_processed_flows,bjointsp_recalc
100,34.84966980561322,avg_end2end_delay_of_processed_flows,bjointsp_recalc
200,40.25008759449167,avg_end2end_delay_of_processed_flows,bjointsp_recalc
300,41.68717466317322,avg_end2end_delay_of_processed_flows,bjointsp_recalc
400,43.125772948443455,avg_end2end_delay_of_processed_flows,bjointsp_recalc
500,44.28126979904821,avg_end2end_delay_of_processed_flows,bjointsp_recalc
600,45.448515460550155,avg_end2end_delay_of_processed_flows,bjointsp_recalc
700,45.67938577226466,avg_end2end_delay_of_processed_flows,bjointsp_recalc
800,45.872044215942054,avg_end2end_delay_of_processed_flows,bjointsp_recalc
900,45.95157752191749,avg_end2end_delay_of_processed_flows,bjointsp_recalc
1000,46.00970386545939,avg_end2end_delay_of_processed_flows,bjointsp_recalc
0,0,avg_end2end_delay_of_processed_flows,bjointsp
100,40.33412176352045,avg_end2end_delay_of_processed_flows,bjointsp
200,42.485543633861994,avg_end2end_delay_of_processed_flows,bjointsp
300,42.643068302285684,avg_end2end_delay_of_processed_flows,bjointsp
400,42.62068327195164,avg_end2end_delay_of_processed_flows,bjointsp
500,42.679540957073556,avg_end2end_delay_of_processed_flows,bjointsp
600,42.74264932329436,avg_end2end_delay_of_processed_flows,bjointsp
700,42.52462504507819,avg_end2end_delay_of_processed_flows,bjointsp
800,42.516147915927455,avg_end2end_delay_of_processed_flows,bjointsp
900,42.516704363964934,avg_end2end_delay_of_processed_flows,bjointsp
1000,42.606530443437144,avg_end2end_delay_of_processed_flows,bjointsp
0,0,avg_end2end_delay_of_processed_flows,bjointsp_recalc
100,41.46711205148086,avg_end2end_delay_of_processed_flows,bjointsp_recalc
200,47.64226635608809,avg_end2end_delay_of_processed_flows,bjointsp_recalc
300,49.61391283790407,avg_end2end_delay_of_processed_flows,bjointsp_recalc
400,50.84431440033711,avg_end2end_delay_of_processed_flows,bjointsp_recalc
500,51.5531262806425,avg_end2end_delay_of_processed_flows,bjointsp_recalc
600,51.69923946736165,avg_end2end_delay_of_processed_flows,bjointsp_recalc
700,51.80541371697582,avg_end2end_delay_of_processed_flows,bjointsp_recalc
800,52.10741532406989,avg_end2end_delay_of_processed_flows,bjointsp_recalc
900,52.32261564574114,avg_end2end_delay_of_processed_flows,bjointsp_recalc
1000,52.52669106847046,avg_end2end_delay_of_processed_flows,bjointsp_recalc
0,0,avg_end2end_delay_of_processed_flows,bjointsp
100,30.780255511890907,avg_end2end_delay_of_processed_flows,bjointsp
200,31.69513213289758,avg_end2end_delay_of_processed_flows,bjointsp
300,31.42516736050014,avg_end2end_delay_of_processed_flows,bjointsp
400,31.8448477877163,avg_end2end_delay_of_processed_flows,bjointsp
500,31.97658935926584,avg_end2end_delay_of_processed_flows,bjointsp
600,31.887143056523396,avg_end2end_delay_of_processed_flows,bjointsp
700,31.84076479261213,avg_end2end_delay_of_processed_flows,bjointsp
800,31.848384022246556,avg_end2end_delay_of_processed_flows,bjointsp
900,31.927131706197834,avg_end2end_delay_of_processed_flows,bjointsp
1000,31.743378400086982,avg_end2end_delay_of_processed_flows,bjointsp
0,0,avg_end2end_delay_of_processed_flows,bjointsp_recalc
100,33.20590898290236,avg_end2end_delay_of_processed_flows,bjointsp_recalc
200,37.14017273402956,avg_end2end_delay_of_processed_flows,bjointsp_recalc
300,38.44100465330918,avg_end2end_delay_of_processed_flows,bjointsp_recalc
400,39.35441501817321,avg_end2end_delay_of_processed_flows,bjointsp_recalc
500,39.721980431923974,avg_end2end_delay_of_processed_flows,bjointsp_recalc
600,40.0617781325355,avg_end2end_delay_of_processed_flows,bjointsp_recalc
700,40.222802397480564,avg_end2end_delay_of_processed_flows,bjointsp_recalc
800,40.3964128680445,avg_end2end_delay_of_processed_flows,bjointsp_recalc
900,40.48816397290167,avg_end2end_delay_of_processed_flows,bjointsp_recalc
1000,40.35119700777075,avg_end2end_delay_of_processed_flows,bjointsp_recalc
0,0,avg_end2end_delay_of_processed_flows,bjointsp
100,33.959283430599505,avg_end2end_delay_of_processed_flows,bjointsp
200,34.74444450336477,avg_end2end_delay_of_processed_flows,bjointsp
300,34.90947830549342,avg_end2end_delay_of_processed_flows,bjointsp
400,35.032274438559725,avg_end2end_delay_of_processed_flows,bjointsp
500,35.03399252466357,avg_end2end_delay_of_processed_flows,bjointsp
600,34.89876384207528,avg_end2end_delay_of_processed_flows,bjointsp
700,35.015601229920726,avg_end2end_delay_of_processed_flows,bjointsp
800,35.145197562568406,avg_end2end_delay_of_processed_flows,bjointsp
900,35.23708266755184,avg_end2end_delay_of_processed_flows,bjointsp
1000,35.349598548459696,avg_end2end_delay_of_processed_flows,bjointsp
0,0,avg_end2end_delay_of_processed_flows,bjointsp_recalc
100,37.73499480094227,avg_end2end_delay_of_processed_flows,bjointsp_recalc
200,39.57754411121127,avg_end2end_delay_of_processed_flows,bjointsp_recalc
300,40.42672959413627,avg_end2end_delay_of_processed_flows,bjointsp_recalc
400,40.84334602348049,avg_end2end_delay_of_processed_flows,bjointsp_recalc
500,41.35342524593277,avg_end2end_delay_of_processed_flows,bjointsp_recalc
600,41.36765075157561,avg_end2end_delay_of_processed_flows,bjointsp_recalc
700,41.35912616296545,avg_end2end_delay_of_processed_flows,bjointsp_recalc
800,41.653449330031705,avg_end2end_delay_of_processed_flows,bjointsp_recalc
900,41.72619340229762,avg_end2end_delay_of_processed_flows,bjointsp_recalc
1000,42.0411211348561,avg_end2end_delay_of_processed_flows,bjointsp_recalc
0,0,avg_end2end_delay_of_processed_flows,bjointsp
100,34.59078914272379,avg_end2end_delay_of_processed_flows,bjointsp
200,36.49714977297615,avg_end2end_delay_of_processed_flows,bjointsp
300,36.62304151720706,avg_end2end_delay_of_processed_flows,bjointsp
400,36.915395455350875,avg_end2end_delay_of_processed_flows,bjointsp
500,36.94475972316244,avg_end2end_delay_of_processed_flows,bjointsp
600,36.90569490587043,avg_end2end_delay_of_processed_flows,bjointsp
700,36.967059230062134,avg_end2end_delay_of_processed_flows,bjointsp
800,36.77715415742882,avg_end2end_delay_of_processed_flows,bjointsp
900,36.7755374728913,avg_end2end_delay_of_processed_flows,bjointsp
1000,36.77765500110679,avg_end2end_delay_of_processed_flows,bjointsp
0,0,avg_end2end_delay_of_processed_flows,bjointsp_recalc
100,37.509197438645536,avg_end2end_delay_of_processed_flows,bjointsp_recalc
200,43.3291251845871,avg_end2end_delay_of_processed_flows,bjointsp_recalc
300,45.022048654085815,avg_end2end_delay_of_processed_flows,bjointsp_recalc
400,46.518950265246694,avg_end2end_delay_of_processed_flows,bjointsp_recalc
500,47.30987156760711,avg_end2end_delay_of_processed_flows,bjointsp_recalc
600,47.948717308931265,avg_end2end_delay_of_processed_flows,bjointsp_recalc
700,48.366415803435835,avg_end2end_delay_of_processed_flows,bjointsp_recalc
800,48.51750139599809,avg_end2end_delay_of_processed_flows,bjointsp_recalc
900,48.65037158640612,avg_end2end_delay_of_processed_flows,bjointsp_recalc
1000,48.79927731295619,avg_end2end_delay_of_processed_flows,bjointsp_recalc
0,0,avg_end2end_delay_of_processed_flows,bjointsp
100,34.06583532514892,avg_end2end_delay_of_processed_flows,bjointsp
200,36.6330324925999,avg_end2end_delay_of_processed_flows,bjointsp
300,36.85561177937506,avg_end2end_delay_of_processed_flows,bjointsp
400,37.44277924206401,avg_end2end_delay_of_processed_flows,bjointsp
500,37.759429925136814,avg_end2end_delay_of_processed_flows,bjointsp
600,37.754890756782615,avg_end2end_delay_of_processed_flows,bjointsp
700,37.767715514118315,avg_end2end_delay_of_processed_flows,bjointsp
800,37.836279464107186,avg_end2end_delay_of_processed_flows,bjointsp
900,37.88219719428431,avg_end2end_delay_of_processed_flows,bjointsp
1000,37.87625398252229,avg_end2end_delay_of_processed_flows,bjointsp
0,0,avg_end2end_delay_of_processed_flows,bjointsp_recalc
100,40.105582205938774,avg_end2end_delay_of_processed_flows,bjointsp_recalc
200,44.73898593493584,avg_end2end_delay_of_processed_flows,bjointsp_recalc
300,48.27039411663843,avg_end2end_delay_of_processed_flows,bjointsp_recalc
400,50.115154349794715,avg_end2end_delay_of_processed_flows,bjointsp_recalc
500,50.9513437265133,avg_end2end_delay_of_processed_flows,bjointsp_recalc
600,51.29011260733357,avg_end2end_delay_of_processed_flows,bjointsp_recalc
700,51.79095553068306,avg_end2end_delay_of_processed_flows,bjointsp_recalc
800,52.04785091032601,avg_end2end_delay_of_processed_flows,bjointsp_recalc
900,52.113301391356906,avg_end2end_delay_of_processed_flows,bjointsp_recalc
1000,52.25861590302268,avg_end2end_delay_of_processed_flows,bjointsp_recalc
0,0,avg_end2end_delay_of_processed_flows,bjointsp
100,38.42342108379185,avg_end2end_delay_of_processed_flows,bjointsp
200,40.4614416809675,avg_end2end_delay_of_processed_flows,bjointsp
300,40.824363803713,avg_end2end_delay_of_processed_flows,bjointsp
400,40.97796311889284,avg_end2end_delay_of_processed_flows,bjointsp
500,41.36034160438923,avg_end2end_delay_of_processed_flows,bjointsp
600,41.38265547254028,avg_end2end_delay_of_processed_flows,bjointsp
700,41.39971441293658,avg_end2end_delay_of_processed_flows,bjointsp
800,41.47582045669322,avg_end2end_delay_of_processed_flows,bjointsp
900,41.48310550192171,avg_end2end_delay_of_processed_flows,bjointsp
1000,41.397176254931914,avg_end2end_delay_of_processed_flows,bjointsp
0,0,avg_end2end_delay_of_processed_flows,bjointsp_recalc
100,41.7221650989353,avg_end2end_delay_of_processed_flows,bjointsp_recalc
200,46.38507596073873,avg_end2end_delay_of_processed_flows,bjointsp_recalc
300,49.24040307154075,avg_end2end_delay_of_processed_flows,bjointsp_recalc
400,50.64750059157757,avg_end2end_delay_of_processed_flows,bjointsp_recalc
500,50.57474497937061,avg_end2end_delay_of_processed_flows,bjointsp_recalc
600,50.6785023749374,avg_end2end_delay_of_processed_flows,bjointsp_recalc
700,50.87286039562929,avg_end2end_delay_of_processed_flows,bjointsp_recalc
800,51.07000788050809,avg_end2end_delay_of_processed_flows,bjointsp_recalc
900,51.1072868845873,avg_end2end_delay_of_processed_flows,bjointsp_recalc
1000,51.03666120176298,avg_end2end_delay_of_processed_flows,bjointsp_recalc
0,0,avg_end2end_delay_of_processed_flows,bjointsp
100,36.94268044680985,avg_end2end_delay_of_processed_flows,bjointsp
200,38.86013680146442,avg_end2end_delay_of_processed_flows,bjointsp
300,39.22689433887225,avg_end2end_delay_of_processed_flows,bjointsp
400,39.64276855233499,avg_end2end_delay_of_processed_flows,bjointsp
500,40.078818880370996,avg_end2end_delay_of_processed_flows,bjointsp
600,39.99116756891093,avg_end2end_delay_of_processed_flows,bjointsp
700,39.98087312621204,avg_end2end_delay_of_processed_flows,bjointsp
800,39.94937587715169,avg_end2end_delay_of_processed_flows,bjointsp
900,39.8803277379641,avg_end2end_delay_of_processed_flows,bjointsp
1000,39.85009726286916,avg_end2end_delay_of_processed_flows,bjointsp
0,0,avg_end2end_delay_of_processed_flows,bjointsp_recalc
100,40.09439991173799,avg_end2end_delay_of_processed_flows,bjointsp_recalc
200,45.26537233321227,avg_end2end_delay_of_processed_flows,bjointsp_recalc
300,48.195063130501296,avg_end2end_delay_of_processed_flows,bjointsp_recalc
400,49.11604121036248,avg_end2end_delay_of_processed_flows,bjointsp_recalc
500,50.206025969982036,avg_end2end_delay_of_processed_flows,bjointsp_recalc
0,0,avg_end2end_delay_of_processed_flows,bjointsp
100,31.58831874778744,avg_end2end_delay_of_processed_flows,bjointsp
200,32.9841827598115,avg_end2end_delay_of_processed_flows,bjointsp
300,32.95955323561049,avg_end2end_delay_of_processed_flows,bjointsp
400,33.081141923310156,avg_end2end_delay_of_processed_flows,bjointsp
500,33.194765921249285,avg_end2end_delay_of_processed_flows,bjointsp
600,33.244115528182206,avg_end2end_delay_of_processed_flows,bjointsp
700,33.41384486509119,avg_end2end_delay_of_processed_flows,bjointsp
800,33.34733752445999,avg_end2end_delay_of_processed_flows,bjointsp
900,33.28550499506165,avg_end2end_delay_of_processed_flows,bjointsp
1000,33.20920994938038,avg_end2end_delay_of_processed_flows,bjointsp
0,0,avg_end2end_delay_of_processed_flows,bjointsp_recalc
100,33.29524528059919,avg_end2end_delay_of_processed_flows,bjointsp_recalc
200,37.31464561607874,avg_end2end_delay_of_processed_flows,bjointsp_recalc
300,39.05832335755062,avg_end2end_delay_of_processed_flows,bjointsp_recalc
400,39.51440969412777,avg_end2end_delay_of_processed_flows,bjointsp_recalc
500,39.843925348660996,avg_end2end_delay_of_processed_flows,bjointsp_recalc
600,40.40949771615962,avg_end2end_delay_of_processed_flows,bjointsp_recalc
700,40.73295423441095,avg_end2end_delay_of_processed_flows,bjointsp_recalc
800,41.12326968182417,avg_end2end_delay_of_processed_flows,bjointsp_recalc
900,41.166611481699775,avg_end2end_delay_of_processed_flows,bjointsp_recalc
1000,41.5003127569896,avg_end2end_delay_of_processed_flows,bjointsp_recalc
0,0,avg_end2end_delay_of_processed_flows,bjointsp
100,33.366556732674155,avg_end2end_delay_of_processed_flows,bjointsp
200,35.622410493461395,avg_end2end_delay_of_processed_flows,bjointsp
300,36.01487716146241,avg_end2end_delay_of_processed_flows,bjointsp
400,36.459439844668054,avg_end2end_delay_of_processed_flows,bjointsp
500,36.57401165072162,avg_end2end_delay_of_processed_flows,bjointsp
600,36.420792335576294,avg_end2end_delay_of_processed_flows,bjointsp
700,36.31541972930554,avg_end2end_delay_of_processed_flows,bjointsp
800,36.309321447032815,avg_end2end_delay_of_processed_flows,bjointsp
900,36.22809523097644,avg_end2end_delay_of_processed_flows,bjointsp
1000,36.2316345360195,avg_end2end_delay_of_processed_flows,bjointsp
0,0,avg_end2end_delay_of_processed_flows,bjointsp_recalc
100,34.930857424466915,avg_end2end_delay_of_processed_flows,bjointsp_recalc
200,41.07192673032713,avg_end2end_delay_of_processed_flows,bjointsp_recalc
300,42.908108244482676,avg_end2end_delay_of_processed_flows,bjointsp_recalc
400,43.88780589516684,avg_end2end_delay_of_processed_flows,bjointsp_recalc
500,44.905478402205425,avg_end2end_delay_of_processed_flows,bjointsp_recalc
600,45.9255460162533,avg_end2end_delay_of_processed_flows,bjointsp_recalc
700,46.36433558225251,avg_end2end_delay_of_processed_flows,bjointsp_recalc
800,46.77210931822911,avg_end2end_delay_of_processed_flows,bjointsp_recalc
900,46.87378774471081,avg_end2end_delay_of_processed_flows,bjointsp_recalc
1000,47.10083787070191,avg_end2end_delay_of_processed_flows,bjointsp_recalc
0,0,avg_end2end_delay_of_processed_flows,bjointsp
100,38.98665227078646,avg_end2end_delay_of_processed_flows,bjointsp
200,41.43355205600827,avg_end2end_delay_of_processed_flows,bjointsp
300,41.81738195590811,avg_end2end_delay_of_processed_flows,bjointsp
400,42.103337105050684,avg_end2end_delay_of_processed_flows,bjointsp
500,42.125278948817574,avg_end2end_delay_of_processed_flows,bjointsp
600,42.20891254939744,avg_end2end_delay_of_processed_flows,bjointsp
700,42.29812269727561,avg_end2end_delay_of_processed_flows,bjointsp
800,42.43622247911634,avg_end2end_delay_of_processed_flows,bjointsp
900,42.38265166976005,avg_end2end_delay_of_processed_flows,bjointsp
1000,42.34391933452231,avg_end2end_delay_of_processed_flows,bjointsp
0,0,avg_end2end_delay_of_processed_flows,bjointsp_recalc
100,39.95998221125795,avg_end2end_delay_of_processed_flows,bjointsp_recalc
200,47.163456023366436,avg_end2end_delay_of_processed_flows,bjointsp_recalc
300,48.429974579244515,avg_end2end_delay_of_processed_flows,bjointsp_recalc
400,49.29472892508007,avg_end2end_delay_of_processed_flows,bjointsp_recalc
500,49.36896337946893,avg_end2end_delay_of_processed_flows,bjointsp_recalc
600,49.64768632740771,avg_end2end_delay_of_processed_flows,bjointsp_recalc
700,49.71439307467353,avg_end2end_delay_of_processed_flows,bjointsp_recalc
800,49.86385494755299,avg_end2end_delay_of_processed_flows,bjointsp_recalc
900,49.79501026038168,avg_end2end_delay_of_processed_flows,bjointsp_recalc
1000,49.805390377334824,avg_end2end_delay_of_processed_flows,bjointsp_recalc
0,0,avg_end2end_delay_of_processed_flows,bjointsp
100,33.12353465513557,avg_end2end_delay_of_processed_flows,bjointsp
200,34.53636605500554,avg_end2end_delay_of_processed_flows,bjointsp
300,35.00474110922486,avg_end2end_delay_of_processed_flows,bjointsp
400,34.9382775404889,avg_end2end_delay_of_processed_flows,bjointsp
500,34.67810158976046,avg_end2end_delay_of_processed_flows,bjointsp
600,34.355980284994104,avg_end2end_delay_of_processed_flows,bjointsp
700,34.207361614806125,avg_end2end_delay_of_processed_flows,bjointsp
800,34.25309104478557,avg_end2end_delay_of_processed_flows,bjointsp
900,34.15436807413276,avg_end2end_delay_of_processed_flows,bjointsp
1000,34.1385301868789,avg_end2end_delay_of_processed_flows,bjointsp
0,0,avg_end2end_delay_of_processed_flows,bjointsp_recalc
100,34.89495074009488,avg_end2end_delay_of_processed_flows,bjointsp_recalc
200,40.2328428315434,avg_end2end_delay_of_processed_flows,bjointsp_recalc
300,41.88501946281383,avg_end2end_delay_of_processed_flows,bjointsp_recalc
400,42.63163511601689,avg_end2end_delay_of_processed_flows,bjointsp_recalc
500,43.12113894563746,avg_end2end_delay_of_processed_flows,bjointsp_recalc
600,43.24233698362596,avg_end2end_delay_of_processed_flows,bjointsp_recalc
700,43.51406607950306,avg_end2end_delay_of_processed_flows,bjointsp_recalc
800,43.565640640056785,avg_end2end_delay_of_processed_flows,bjointsp_recalc
900,43.795050944222275,avg_end2end_delay_of_processed_flows,bjointsp_recalc
1000,43.873396660519035,avg_end2end_delay_of_processed_flows,bjointsp_recalc
0,0,avg_end2end_delay_of_processed_flows,bjointsp
100,37.90283953261171,avg_end2end_delay_of_processed_flows,bjointsp
200,41.756819069745205,avg_end2end_delay_of_processed_flows,bjointsp
300,42.031931894563485,avg_end2end_delay_of_processed_flows,bjointsp
400,42.35290974419861,avg_end2end_delay_of_processed_flows,bjointsp
500,42.10232905548597,avg_end2end_delay_of_processed_flows,bjointsp
600,41.97024638093896,avg_end2end_delay_of_processed_flows,bjointsp
700,41.92655446841379,avg_end2end_delay_of_processed_flows,bjointsp
800,41.816561930055116,avg_end2end_delay_of_processed_flows,bjointsp
900,41.92499550772545,avg_end2end_delay_of_processed_flows,bjointsp
1000,41.89374400396288,avg_end2end_delay_of_processed_flows,bjointsp
0,0,avg_end2end_delay_of_processed_flows,bjointsp_recalc
100,42.15505260461523,avg_end2end_delay_of_processed_flows,bjointsp_recalc
200,49.392935709412036,avg_end2end_delay_of_processed_flows,bjointsp_recalc
300,50.96890732159567,avg_end2end_delay_of_processed_flows,bjointsp_recalc
400,51.957423076463385,avg_end2end_delay_of_processed_flows,bjointsp_recalc
500,53.08032405501747,avg_end2end_delay_of_processed_flows,bjointsp_recalc
600,53.534001169744755,avg_end2end_delay_of_processed_flows,bjointsp_recalc
700,54.075149954235286,avg_end2end_delay_of_processed_flows,bjointsp_recalc
800,54.421031791107595,avg_end2end_delay_of_processed_flows,bjointsp_recalc
900,54.584827251878835,avg_end2end_delay_of_processed_flows,bjointsp_recalc
1000,54.499003704671274,avg_end2end_delay_of_processed_flows,bjointsp_recalc
0,0,avg_end2end_delay_of_processed_flows,bjointsp
100,32.998534387312645,avg_end2end_delay_of_processed_flows,bjointsp
200,36.19756603904504,avg_end2end_delay_of_processed_flows,bjointsp
300,36.39450960505537,avg_end2end_delay_of_processed_flows,bjointsp
400,36.510104014291684,avg_end2end_delay_of_processed_flows,bjointsp
500,36.879452433469886,avg_end2end_delay_of_processed_flows,bjointsp
600,36.96793914452377,avg_end2end_delay_of_processed_flows,bjointsp
700,36.91383416842729,avg_end2end_delay_of_processed_flows,bjointsp
800,36.837781228548494,avg_end2end_delay_of_processed_flows,bjointsp
900,36.775632907026925,avg_end2end_delay_of_processed_flows,bjointsp
1000,36.79646115198108,avg_end2end_delay_of_processed_flows,bjointsp
0,0,avg_end2end_delay_of_processed_flows,bjointsp_recalc
100,35.732920662418564,avg_end2end_delay_of_processed_flows,bjointsp_recalc
200,40.78379985576398,avg_end2end_delay_of_processed_flows,bjointsp_recalc
300,42.3490643687991,avg_end2end_delay_of_processed_flows,bjointsp_recalc
400,43.175442143631464,avg_end2end_delay_of_processed_flows,bjointsp_recalc
500,43.44616312932864,avg_end2end_delay_of_processed_flows,bjointsp_recalc
600,43.62042530123629,avg_end2end_delay_of_processed_flows,bjointsp_recalc
700,43.67070819752498,avg_end2end_delay_of_processed_flows,bjointsp_recalc
800,43.51135275850482,avg_end2end_delay_of_processed_flows,bjointsp_recalc
900,43.34284745640215,avg_end2end_delay_of_processed_flows,bjointsp_recalc
1000,43.37092875325179,avg_end2end_delay_of_processed_flows,bjointsp_recalc
0,0,avg_end2end_delay_of_processed_flows,bjointsp
100,32.50911637837523,avg_end2end_delay_of_processed_flows,bjointsp
200,34.62775298513771,avg_end2end_delay_of_processed_flows,bjointsp
300,35.05015753182487,avg_end2end_delay_of_processed_flows,bjointsp
400,35.14171464123351,avg_end2end_delay_of_processed_flows,bjointsp
500,35.3626380308373,avg_end2end_delay_of_processed_flows,bjointsp
600,35.18222782894883,avg_end2end_delay_of_processed_flows,bjointsp
700,35.255929063174996,avg_end2end_delay_of_processed_flows,bjointsp
800,35.26549532455883,avg_end2end_delay_of_processed_flows,bjointsp
900,35.26374408920795,avg_end2end_delay_of_processed_flows,bjointsp
1000,35.20204870512933,avg_end2end_delay_of_processed_flows,bjointsp
0,0,avg_end2end_delay_of_processed_flows,bjointsp_recalc
100,36.40916922394512,avg_end2end_delay_of_processed_flows,bjointsp_recalc
200,40.91123025723866,avg_end2end_delay_of_processed_flows,bjointsp_recalc
300,42.96648590270609,avg_end2end_delay_of_processed_flows,bjointsp_recalc
400,44.030412133371804,avg_end2end_delay_of_processed_flows,bjointsp_recalc
500,44.43888878769405,avg_end2end_delay_of_processed_flows,bjointsp_recalc
600,44.62955414895163,avg_end2end_delay_of_processed_flows,bjointsp_recalc
700,45.2259886505273,avg_end2end_delay_of_processed_flows,bjointsp_recalc
800,45.708045054103366,avg_end2end_delay_of_processed_flows,bjointsp_recalc
900,46.41215833798948,avg_end2end_delay_of_processed_flows,bjointsp_recalc
1000,47.127896409222245,avg_end2end_delay_of_processed_flows,bjointsp_recalc
0,0,avg_end2end_delay_of_processed_flows,bjointsp
100,37.729770812299584,avg_end2end_delay_of_processed_flows,bjointsp
200,39.44820474220072,avg_end2end_delay_of_processed_flows,bjointsp
300,39.61958807359044,avg_end2end_delay_of_processed_flows,bjointsp
400,39.88978781666798,avg_end2end_delay_of_processed_flows,bjointsp
500,39.83544289594789,avg_end2end_delay_of_processed_flows,bjointsp
600,39.83226790235773,avg_end2end_delay_of_processed_flows,bjointsp
700,39.87295147665275,avg_end2end_delay_of_processed_flows,bjointsp
800,39.856099552086626,avg_end2end_delay_of_processed_flows,bjointsp
900,39.703792371922916,avg_end2end_delay_of_processed_flows,bjointsp
1000,39.76954342098255,avg_end2end_delay_of_processed_flows,bjointsp
0,0,avg_end2end_delay_of_processed_flows,bjointsp_recalc
100,37.888450089175315,avg_end2end_delay_of_processed_flows,bjointsp_recalc
200,43.03791297414187,avg_end2end_delay_of_processed_flows,bjointsp_recalc
300,43.98832307537595,avg_end2end_delay_of_processed_flows,bjointsp_recalc
400,44.81987366609137,avg_end2end_delay_of_processed_flows,bjointsp_recalc
500,45.10064107219331,avg_end2end_delay_of_processed_flows,bjointsp_recalc
600,45.351756616015514,avg_end2end_delay_of_processed_flows,bjointsp_recalc
700,45.516634222658176,avg_end2end_delay_of_processed_flows,bjointsp_recalc
800,45.997366171107075,avg_end2end_delay_of_processed_flows,bjointsp_recalc
900,46.19781358883223,avg_end2end_delay_of_processed_flows,bjointsp_recalc
1000,46.30638981484712,avg_end2end_delay_of_processed_flows,bjointsp_recalc
0,0,avg_end2end_delay_of_processed_flows,bjointsp
100,35.999014577583374,avg_end2end_delay_of_processed_flows,bjointsp
200,35.798104225518244,avg_end2end_delay_of_processed_flows,bjointsp
300,35.86631497844572,avg_end2end_delay_of_processed_flows,bjointsp
400,36.035907426527785,avg_end2end_delay_of_processed_flows,bjointsp
500,36.219531143958825,avg_end2end_delay_of_processed_flows,bjointsp
600,36.31184909128723,avg_end2end_delay_of_processed_flows,bjointsp
700,36.399566177331366,avg_end2end_delay_of_processed_flows,bjointsp
800,36.37719930571017,avg_end2end_delay_of_processed_flows,bjointsp
900,36.360844303564924,avg_end2end_delay_of_processed_flows,bjointsp
1000,36.50255673023982,avg_end2end_delay_of_processed_flows,bjointsp
0,0,avg_end2end_delay_of_processed_flows,bjointsp_recalc
100,39.00775459976561,avg_end2end_delay_of_processed_flows,bjointsp_recalc
200,43.92729875321223,avg_end2end_delay_of_processed_flows,bjointsp_recalc
300,45.41644643087703,avg_end2end_delay_of_processed_flows,bjointsp_recalc
400,45.44190605372638,avg_end2end_delay_of_processed_flows,bjointsp_recalc
500,45.613966765003745,avg_end2end_delay_of_processed_flows,bjointsp_recalc
600,46.0220449143341,avg_end2end_delay_of_processed_flows,bjointsp_recalc
700,46.32732102846196,avg_end2end_delay_of_processed_flows,bjointsp_recalc
800,46.50800670891493,avg_end2end_delay_of_processed_flows,bjointsp_recalc
900,47.09721456905959,avg_end2end_delay_of_processed_flows,bjointsp_recalc
1000,47.36339546759199,avg_end2end_delay_of_processed_flows,bjointsp_recalc
0,0,avg_end2end_delay_of_processed_flows,bjointsp
100,36.301983448182064,avg_end2end_delay_of_processed_flows,bjointsp
200,38.3574182269542,avg_end2end_delay_of_processed_flows,bjointsp
300,39.010589336126586,avg_end2end_delay_of_processed_flows,bjointsp
400,39.32347782173534,avg_end2end_delay_of_processed_flows,bjointsp
500,39.320787044329904,avg_end2end_delay_of_processed_flows,bjointsp
600,39.4629521879263,avg_end2end_delay_of_processed_flows,bjointsp
700,39.572765675022126,avg_end2end_delay_of_processed_flows,bjointsp
800,39.630886211493205,avg_end2end_delay_of_processed_flows,bjointsp
900,39.65386639121262,avg_end2end_delay_of_processed_flows,bjointsp
1000,39.50482256875595,avg_end2end_delay_of_processed_flows,bjointsp
0,0,avg_end2end_delay_of_processed_flows,bjointsp_recalc
100,41.56666541504272,avg_end2end_delay_of_processed_flows,bjointsp_recalc
200,46.28533808257563,avg_end2end_delay_of_processed_flows,bjointsp_recalc
300,48.202875246201614,avg_end2end_delay_of_processed_flows,bjointsp_recalc
400,48.96414673651186,avg_end2end_delay_of_processed_flows,bjointsp_recalc
500,49.223481346255745,avg_end2end_delay_of_processed_flows,bjointsp_recalc
600,50.10078829064355,avg_end2end_delay_of_processed_flows,bjointsp_recalc
700,50.51294122297162,avg_end2end_delay_of_processed_flows,bjointsp_recalc
800,50.8834128997373,avg_end2end_delay_of_processed_flows,bjointsp_recalc
900,50.94889833415135,avg_end2end_delay_of_processed_flows,bjointsp_recalc
1000,51.29941608875388,avg_end2end_delay_of_processed_flows,bjointsp_recalc
0,0,avg_end2end_delay_of_processed_flows,bjointsp
100,33.36945481793824,avg_end2end_delay_of_processed_flows,bjointsp
200,36.08368175588529,avg_end2end_delay_of_processed_flows,bjointsp
300,36.145560666037206,avg_end2end_delay_of_processed_flows,bjointsp
400,36.26353026028777,avg_end2end_delay_of_processed_flows,bjointsp
500,36.18445380551946,avg_end2end_delay_of_processed_flows,bjointsp
600,36.20361831554137,avg_end2end_delay_of_processed_flows,bjointsp
700,36.13004896957447,avg_end2end_delay_of_processed_flows,bjointsp
800,36.206628477808984,avg_end2end_delay_of_processed_flows,bjointsp
900,36.171432865571475,avg_end2end_delay_of_processed_flows,bjointsp
1000,36.13399523043077,avg_end2end_delay_of_processed_flows,bjointsp
0,0,avg_end2end_delay_of_processed_flows,bjointsp_recalc
100,36.95052693325571,avg_end2end_delay_of_processed_flows,bjointsp_recalc
200,42.44904947312859,avg_end2end_delay_of_processed_flows,bjointsp_recalc
300,43.76738895951732,avg_end2end_delay_of_processed_flows,bjointsp_recalc
400,45.240252201475414,avg_end2end_delay_of_processed_flows,bjointsp_recalc
500,45.79812960506718,avg_end2end_delay_of_processed_flows,bjointsp_recalc
600,46.26034930159729,avg_end2end_delay_of_processed_flows,bjointsp_recalc
700,46.72341110369835,avg_end2end_delay_of_processed_flows,bjointsp_recalc
800,47.019620303088374,avg_end2end_delay_of_processed_flows,bjointsp_recalc
900,47.4143560039711,avg_end2end_delay_of_processed_flows,bjointsp_recalc
1000,47.72015180882381,avg_end2end_delay_of_processed_flows,bjointsp_recalc
0,0,avg_end2end_delay_of_processed_flows,bjointsp
100,34.54413871500597,avg_end2end_delay_of_processed_flows,bjointsp
200,35.764732015353495,avg_end2end_delay_of_processed_flows,bjointsp
300,35.997493134988915,avg_end2end_delay_of_processed_flows,bjointsp
400,36.13702546413691,avg_end2end_delay_of_processed_flows,bjointsp
500,36.14613277240317,avg_end2end_delay_of_processed_flows,bjointsp
600,36.159155513808095,avg_end2end_delay_of_processed_flows,bjointsp
700,36.048871150057,avg_end2end_delay_of_processed_flows,bjointsp
800,35.99839699269518,avg_end2end_delay_of_processed_flows,bjointsp
900,36.00676061304387,avg_end2end_delay_of_processed_flows,bjointsp
1000,36.08770750618151,avg_end2end_delay_of_processed_flows,bjointsp
0,0,avg_end2end_delay_of_processed_flows,bjointsp_recalc
100,38.38573228397862,avg_end2end_delay_of_processed_flows,bjointsp_recalc
200,42.12350108960383,avg_end2end_delay_of_processed_flows,bjointsp_recalc
300,43.36016368517233,avg_end2end_delay_of_processed_flows,bjointsp_recalc
400,44.467125053391015,avg_end2end_delay_of_processed_flows,bjointsp_recalc
500,44.356434705837664,avg_end2end_delay_of_processed_flows,bjointsp_recalc
600,44.8199048842662,avg_end2end_delay_of_processed_flows,bjointsp_recalc
700,45.17263562116463,avg_end2end_delay_of_processed_flows,bjointsp_recalc
800,45.185807619652955,avg_end2end_delay_of_processed_flows,bjointsp_recalc
900,45.254404195776836,avg_end2end_delay_of_processed_flows,bjointsp_recalc
1000,45.624261315572376,avg_end2end_delay_of_processed_flows,bjointsp_recalc
0,0,avg_end2end_delay_of_processed_flows,bjointsp
100,35.5366956842013,avg_end2end_delay_of_processed_flows,bjointsp
200,37.91256345536778,avg_end2end_delay_of_processed_flows,bjointsp
300,38.23908465244474,avg_end2end_delay_of_processed_flows,bjointsp
400,38.321738108160986,avg_end2end_delay_of_processed_flows,bjointsp
500,38.39217714051226,avg_end2end_delay_of_processed_flows,bjointsp
600,38.538705772022354,avg_end2end_delay_of_processed_flows,bjointsp
700,38.703621640723654,avg_end2end_delay_of_processed_flows,bjointsp
800,38.787605400419416,avg_end2end_delay_of_processed_flows,bjointsp
900,38.86239956444126,avg_end2end_delay_of_processed_flows,bjointsp
1000,38.96869156906217,avg_end2end_delay_of_processed_flows,bjointsp
0,0,avg_end2end_delay_of_processed_flows,bjointsp_recalc
100,36.79816350580807,avg_end2end_delay_of_processed_flows,bjointsp_recalc
200,41.5454467334934,avg_end2end_delay_of_processed_flows,bjointsp_recalc
300,43.260728793159565,avg_end2end_delay_of_processed_flows,bjointsp_recalc
400,43.92855027203115,avg_end2end_delay_of_processed_flows,bjointsp_recalc
500,44.23151252814617,avg_end2end_delay_of_processed_flows,bjointsp_recalc
600,44.959699765171166,avg_end2end_delay_of_processed_flows,bjointsp_recalc
700,45.04910796641227,avg_end2end_delay_of_processed_flows,bjointsp_recalc
800,45.163990142469395,avg_end2end_delay_of_processed_flows,bjointsp_recalc
900,45.356784706390684,avg_end2end_delay_of_processed_flows,bjointsp_recalc
1000,45.704478934273574,avg_end2end_delay_of_processed_flows,bjointsp_recalc
0,0,avg_end2end_delay_of_processed_flows,bjointsp
100,32.2769429235233,avg_end2end_delay_of_processed_flows,bjointsp
200,33.72763712459717,avg_end2end_delay_of_processed_flows,bjointsp
300,34.14778899593916,avg_end2end_delay_of_processed_flows,bjointsp
400,34.29750466947933,avg_end2end_delay_of_processed_flows,bjointsp
500,34.463545714647836,avg_end2end_delay_of_processed_flows,bjointsp
600,34.50417280252868,avg_end2end_delay_of_processed_flows,bjointsp
700,34.55365733442433,avg_end2end_delay_of_processed_flows,bjointsp
800,34.68623554454935,avg_end2end_delay_of_processed_flows,bjointsp
900,34.7391007946876,avg_end2end_delay_of_processed_flows,bjointsp
1000,34.769953188446046,avg_end2end_delay_of_processed_flows,bjointsp
0,0,avg_end2end_delay_of_processed_flows,bjointsp_recalc
100,36.418642223248966,avg_end2end_delay_of_processed_flows,bjointsp_recalc
200,42.094793553470325,avg_end2end_delay_of_processed_flows,bjointsp_recalc
300,44.68914692001024,avg_end2end_delay_of_processed_flows,bjointsp_recalc
400,45.83723908702509,avg_end2end_delay_of_processed_flows,bjointsp_recalc
500,46.16278433847607,avg_end2end_delay_of_processed_flows,bjointsp_recalc
600,46.50319982541128,avg_end2end_delay_of_processed_flows,bjointsp_recalc
700,46.437269030106165,avg_end2end_delay_of_processed_flows,bjointsp_recalc
800,46.58613526154701,avg_end2end_delay_of_processed_flows,bjointsp_recalc
900,46.562150063478065,avg_end2end_delay_of_processed_flows,bjointsp_recalc
1000,46.63339712957621,avg_end2end_delay_of_processed_flows,bjointsp_recalc
0,0,avg_end2end_delay_of_processed_flows,bjointsp
100,37.31714933169642,avg_end2end_delay_of_processed_flows,bjointsp
200,39.37122525710078,avg_end2end_delay_of_processed_flows,bjointsp
300,39.961776168631005,avg_end2end_delay_of_processed_flows,bjointsp
400,40.23589815350933,avg_end2end_delay_of_processed_flows,bjointsp
500,40.379048845342716,avg_end2end_delay_of_processed_flows,bjointsp
600,40.500762912027405,avg_end2end_delay_of_processed_flows,bjointsp
700,40.41884032502021,avg_end2end_delay_of_processed_flows,bjointsp
800,40.294690192907474,avg_end2end_delay_of_processed_flows,bjointsp
900,40.36739477961761,avg_end2end_delay_of_processed_flows,bjointsp
1000,40.37171763095331,avg_end2end_delay_of_processed_flows,bjointsp
0,0,avg_end2end_delay_of_processed_flows,bjointsp_recalc
100,41.92937968648402,avg_end2end_delay_of_processed_flows,bjointsp_recalc
200,46.00821350592864,avg_end2end_delay_of_processed_flows,bjointsp_recalc
300,47.92308443301835,avg_end2end_delay_of_processed_flows,bjointsp_recalc
400,48.86289024723866,avg_end2end_delay_of_processed_flows,bjointsp_recalc
500,49.4749535629651,avg_end2end_delay_of_processed_flows,bjointsp_recalc
600,49.92066262963639,avg_end2end_delay_of_processed_flows,bjointsp_recalc
700,50.555019995022974,avg_end2end_delay_of_processed_flows,bjointsp_recalc
0,0,avg_end2end_delay_of_processed_flows,bjointsp
100,35.47119987778333,avg_end2end_delay_of_processed_flows,bjointsp
200,37.025402775178684,avg_end2end_delay_of_processed_flows,bjointsp
300,37.21708003579496,avg_end2end_delay_of_processed_flows,bjointsp
400,37.86214384643712,avg_end2end_delay_of_processed_flows,bjointsp
500,37.67180867960874,avg_end2end_delay_of_processed_flows,bjointsp
600,37.765511844845335,avg_end2end_delay_of_processed_flows,bjointsp
700,37.603039025644804,avg_end2end_delay_of_processed_flows,bjointsp
800,37.63212689778586,avg_end2end_delay_of_processed_flows,bjointsp
900,37.603115009364,avg_end2end_delay_of_processed_flows,bjointsp
1000,37.616006190905004,avg_end2end_delay_of_processed_flows,bjointsp
0,0,avg_end2end_delay_of_processed_flows,bjointsp_recalc
100,38.586931043956085,avg_end2end_delay_of_processed_flows,bjointsp_recalc
200,43.13985150619446,avg_end2end_delay_of_processed_flows,bjointsp_recalc
300,43.593699142868054,avg_end2end_delay_of_processed_flows,bjointsp_recalc
400,44.107720931384335,avg_end2end_delay_of_processed_flows,bjointsp_recalc
500,44.134624154295956,avg_end2end_delay_of_processed_flows,bjointsp_recalc
600,44.112650812318925,avg_end2end_delay_of_processed_flows,bjointsp_recalc
700,44.34189124535875,avg_end2end_delay_of_processed_flows,bjointsp_recalc
800,44.555093662551855,avg_end2end_delay_of_processed_flows,bjointsp_recalc
900,44.69271444745272,avg_end2end_delay_of_processed_flows,bjointsp_recalc
1000,44.94675659079884,avg_end2end_delay_of_processed_flows,bjointsp_recalc
0,0,avg_end2end_delay_of_processed_flows,bjointsp
100,39.88910903229482,avg_end2end_delay_of_processed_flows,bjointsp
200,43.96156704366538,avg_end2end_delay_of_processed_flows,bjointsp
300,44.64360604139673,avg_end2end_delay_of_processed_flows,bjointsp
400,44.72361461481349,avg_end2end_delay_of_processed_flows,bjointsp
500,44.83829195050962,avg_end2end_delay_of_processed_flows,bjointsp
600,44.95317866414156,avg_end2end_delay_of_processed_flows,bjointsp
700,44.80064028683387,avg_end2end_delay_of_processed_flows,bjointsp
800,44.807942431670426,avg_end2end_delay_of_processed_flows,bjointsp
900,44.733680242264626,avg_end2end_delay_of_processed_flows,bjointsp
1000,44.75478649917288,avg_end2end_delay_of_processed_flows,bjointsp
0,0,avg_end2end_delay_of_processed_flows,bjointsp_recalc
100,43.10444538220804,avg_end2end_delay_of_processed_flows,bjointsp_recalc
200,47.86300607716288,avg_end2end_delay_of_processed_flows,bjointsp_recalc
300,49.183379681592235,avg_end2end_delay_of_processed_flows,bjointsp_recalc
400,49.955803159010664,avg_end2end_delay_of_processed_flows,bjointsp_recalc
500,50.56623850471523,avg_end2end_delay_of_processed_flows,bjointsp_recalc
600,50.93598343000435,avg_end2end_delay_of_processed_flows,bjointsp_recalc
700,51.35116323407044,avg_end2end_delay_of_processed_flows,bjointsp_recalc
800,51.545838235236076,avg_end2end_delay_of_processed_flows,bjointsp_recalc
900,51.43283267402539,avg_end2end_delay_of_processed_flows,bjointsp_recalc
1000,51.34351848252248,avg_end2end_delay_of_processed_flows,bjointsp_recalc
0,0,avg_end2end_delay_of_processed_flows,bjointsp
100,34.5588016062909,avg_end2end_delay_of_processed_flows,bjointsp
200,36.76463590237378,avg_end2end_delay_of_processed_flows,bjointsp
300,37.10137988415683,avg_end2end_delay_of_processed_flows,bjointsp
400,37.17712236608267,avg_end2end_delay_of_processed_flows,bjointsp
500,37.26983237577379,avg_end2end_delay_of_processed_flows,bjointsp
600,37.39049766884988,avg_end2end_delay_of_processed_flows,bjointsp
700,37.557599496032886,avg_end2end_delay_of_processed_flows,bjointsp
800,37.62050749768553,avg_end2end_delay_of_processed_flows,bjointsp
900,37.579103429135415,avg_end2end_delay_of_processed_flows,bjointsp
1000,37.59753000050386,avg_end2end_delay_of_processed_flows,bjointsp
0,0,avg_end2end_delay_of_processed_flows,bjointsp_recalc
100,37.82574580386692,avg_end2end_delay_of_processed_flows,bjointsp_recalc
200,40.91527942259919,avg_end2end_delay_of_processed_flows,bjointsp_recalc
300,43.20815254769877,avg_end2end_delay_of_processed_flows,bjointsp_recalc
400,44.26811509176182,avg_end2end_delay_of_processed_flows,bjointsp_recalc
500,45.019268316761,avg_end2end_delay_of_processed_flows,bjointsp_recalc
600,45.64492523495585,avg_end2end_delay_of_processed_flows,bjointsp_recalc
700,46.15558807768079,avg_end2end_delay_of_processed_flows,bjointsp_recalc
800,46.382614305339736,avg_end2end_delay_of_processed_flows,bjointsp_recalc
900,46.77035070920593,avg_end2end_delay_of_processed_flows,bjointsp_recalc
1000,47.006987562877605,avg_end2end_delay_of_processed_flows,bjointsp_recalc
0,0,avg_end2end_delay_of_processed_flows,bjointsp
100,32.43786530723666,avg_end2end_delay_of_processed_flows,bjointsp
200,34.21707080126096,avg_end2end_delay_of_processed_flows,bjointsp
300,34.21413354994677,avg_end2end_delay_of_processed_flows,bjointsp
400,34.77725353321938,avg_end2end_delay_of_processed_flows,bjointsp
500,34.97878891282417,avg_end2end_delay_of_processed_flows,bjointsp
600,34.70186696631479,avg_end2end_delay_of_processed_flows,bjointsp
700,34.74942277933956,avg_end2end_delay_of_processed_flows,bjointsp
800,34.707171908470656,avg_end2end_delay_of_processed_flows,bjointsp
900,34.68226184920496,avg_end2end_delay_of_processed_flows,bjointsp
1000,34.66144624059421,avg_end2end_delay_of_processed_flows,bjointsp
0,0,avg_end2end_delay_of_processed_flows,bjointsp_recalc
100,36.11211124565942,avg_end2end_delay_of_processed_flows,bjointsp_recalc
200,40.14458771885556,avg_end2end_delay_of_processed_flows,bjointsp_recalc
300,41.332570159119626,avg_end2end_delay_of_processed_flows,bjointsp_recalc
400,41.459145643261714,avg_end2end_delay_of_processed_flows,bjointsp_recalc
500,41.94649702561219,avg_end2end_delay_of_processed_flows,bjointsp_recalc
600,42.112235918857266,avg_end2end_delay_of_processed_flows,bjointsp_recalc
700,42.760266439643004,avg_end2end_delay_of_processed_flows,bjointsp_recalc
800,42.80396739521854,avg_end2end_delay_of_processed_flows,bjointsp_recalc
900,42.98129154225766,avg_end2end_delay_of_processed_flows,bjointsp_recalc
1000,43.11775194412583,avg_end2end_delay_of_processed_flows,bjointsp_recalc
0,0,avg_end2end_delay_of_processed_flows,bjointsp
100,38.38456506095918,avg_end2end_delay_of_processed_flows,bjointsp
200,39.45572383378089,avg_end2end_delay_of_processed_flows,bjointsp
300,40.282643214114756,avg_end2end_delay_of_processed_flows,bjointsp
400,40.3013519907601,avg_end2end_delay_of_processed_flows,bjointsp
500,40.360967350326725,avg_end2end_delay_of_processed_flows,bjointsp
600,40.327433679989504,avg_end2end_delay_of_processed_flows,bjointsp
700,40.357001841323004,avg_end2end_delay_of_processed_flows,bjointsp
800,40.4071151448063,avg_end2end_delay_of_processed_flows,bjointsp
900,40.49075867254152,avg_end2end_delay_of_processed_flows,bjointsp
1000,40.50200524410176,avg_end2end_delay_of_processed_flows,bjointsp
0,0,avg_end2end_delay_of_processed_flows,bjointsp_recalc
100,40.59382949561023,avg_end2end_delay_of_processed_flows,bjointsp_recalc
200,48.34582432431576,avg_end2end_delay_of_processed_flows,bjointsp_recalc
300,49.71510451342502,avg_end2end_delay_of_processed_flows,bjointsp_recalc
400,50.037673801004054,avg_end2end_delay_of_processed_flows,bjointsp_recalc
500,50.97719347092856,avg_end2end_delay_of_processed_flows,bjointsp_recalc
600,51.35812360882006,avg_end2end_delay_of_processed_flows,bjointsp_recalc
700,51.596544243478675,avg_end2end_delay_of_processed_flows,bjointsp_recalc
800,51.96156310632047,avg_end2end_delay_of_processed_flows,bjointsp_recalc
900,51.94322353508394,avg_end2end_delay_of_processed_flows,bjointsp_recalc
1000,51.99559839886668,avg_end2end_delay_of_processed_flows,bjointsp_recalc
0,0,avg_end2end_delay_of_processed_flows,bjointsp
100,31.195698836838574,avg_end2end_delay_of_processed_flows,bjointsp
200,32.91397003755151,avg_end2end_delay_of_processed_flows,bjointsp
300,33.3089991326654,avg_end2end_delay_of_processed_flows,bjointsp
400,33.10405121431179,avg_end2end_delay_of_processed_flows,bjointsp
500,33.03609580316773,avg_end2end_delay_of_processed_flows,bjointsp
600,32.89247666175433,avg_end2end_delay_of_processed_flows,bjointsp
700,32.82392914807424,avg_end2end_delay_of_processed_flows,bjointsp
800,32.815687220911855,avg_end2end_delay_of_processed_flows,bjointsp
900,32.80404615214449,avg_end2end_delay_of_processed_flows,bjointsp
1000,32.929350272303246,avg_end2end_delay_of_processed_flows,bjointsp
0,0,avg_end2end_delay_of_processed_flows,bjointsp_recalc
100,34.66427405750946,avg_end2end_delay_of_processed_flows,bjointsp_recalc
200,39.02016040302354,avg_end2end_delay_of_processed_flows,bjointsp_recalc
300,40.287105005429524,avg_end2end_delay_of_processed_flows,bjointsp_recalc
400,40.54120045899137,avg_end2end_delay_of_processed_flows,bjointsp_recalc
500,40.833881457145544,avg_end2end_delay_of_processed_flows,bjointsp_recalc
600,41.140834720409565,avg_end2end_delay_of_processed_flows,bjointsp_recalc
700,41.49069838630201,avg_end2end_delay_of_processed_flows,bjointsp_recalc
800,41.93691646130836,avg_end2end_delay_of_processed_flows,bjointsp_recalc
900,42.18272434034659,avg_end2end_delay_of_processed_flows,bjointsp_recalc
1000,42.420052054519516,avg_end2end_delay_of_processed_flows,bjointsp_recalc
0,0,avg_end2end_delay_of_processed_flows,bjointsp
100,35.29766752288572,avg_end2end_delay_of_processed_flows,bjointsp
200,37.30284198337861,avg_end2end_delay_of_processed_flows,bjointsp
300,37.4438198241613,avg_end2end_delay_of_processed_flows,bjointsp
400,37.360052250870304,avg_end2end_delay_of_processed_flows,bjointsp
500,37.41220160437494,avg_end2end_delay_of_processed_flows,bjointsp
600,37.264261425770634,avg_end2end_delay_of_processed_flows,bjointsp
700,37.27330125701967,avg_end2end_delay_of_processed_flows,bjointsp
800,37.07720394424454,avg_end2end_delay_of_processed_flows,bjointsp
900,37.19177943674195,avg_end2end_delay_of_processed_flows,bjointsp
1000,37.19303426180747,avg_end2end_delay_of_processed_flows,bjointsp
0,0,avg_end2end_delay_of_processed_flows,bjointsp_recalc
100,38.39114481425539,avg_end2end_delay_of_processed_flows,bjointsp_recalc
200,42.88879219372366,avg_end2end_delay_of_processed_flows,bjointsp_recalc
300,43.93855247540292,avg_end2end_delay_of_processed_flows,bjointsp_recalc
400,44.00806224221582,avg_end2end_delay_of_processed_flows,bjointsp_recalc
500,44.57593280397141,avg_end2end_delay_of_processed_flows,bjointsp_recalc
600,45.09308840550075,avg_end2end_delay_of_processed_flows,bjointsp_recalc
700,45.30701949005358,avg_end2end_delay_of_processed_flows,bjointsp_recalc
800,45.11100272500304,avg_end2end_delay_of_processed_flows,bjointsp_recalc
900,45.07514165983629,avg_end2end_delay_of_processed_flows,bjointsp_recalc
1000,45.19810619811195,avg_end2end_delay_of_processed_flows,bjointsp_recalc
