0.1,29.667825304381495,avg_end2end_delay_of_processed_flows,gpasp
0.2,29.754437168402294,avg_end2end_delay_of_processed_flows,gpasp
0.3,32.27524985448256,avg_end2end_delay_of_processed_flows,gpasp
0.4,37.21674234698995,avg_end2end_delay_of_processed_flows,gpasp
0.5,39.916964025965505,avg_end2end_delay_of_processed_flows,gpasp
0.1,31.73776566705522,avg_end2end_delay_of_processed_flows,spr1
0.2,32.68786657981251,avg_end2end_delay_of_processed_flows,spr1
0.3,43.03886741522934,avg_end2end_delay_of_processed_flows,spr1
0.4,50.64499279326041,avg_end2end_delay_of_processed_flows,spr1
0.5,54.72914502900961,avg_end2end_delay_of_processed_flows,spr1
0.1,31.457157483377184,avg_end2end_delay_of_processed_flows,spr2
0.2,32.1910094980692,avg_end2end_delay_of_processed_flows,spr2
0.3,36.259725347390976,avg_end2end_delay_of_processed_flows,spr2
0.4,44.11155031574535,avg_end2end_delay_of_processed_flows,spr2
0.5,47.886666431629706,avg_end2end_delay_of_processed_flows,spr2
0.1,37.882013229185624,avg_end2end_delay_of_processed_flows,gpasp
0.2,35.53019970128888,avg_end2end_delay_of_processed_flows,gpasp
0.3,37.75844277283332,avg_end2end_delay_of_processed_flows,gpasp
0.4,42.40759296543972,avg_end2end_delay_of_processed_flows,gpasp
0.5,47.93300236985176,avg_end2end_delay_of_processed_flows,gpasp
0.1,39.57623547432606,avg_end2end_delay_of_processed_flows,spr1
0.2,39.36624926567142,avg_end2end_delay_of_processed_flows,spr1
0.3,44.23629190473166,avg_end2end_delay_of_processed_flows,spr1
0.4,55.63641751674915,avg_end2end_delay_of_processed_flows,spr1
0.5,61.542971741302495,avg_end2end_delay_of_processed_flows,spr1
0.1,39.906166379761615,avg_end2end_delay_of_processed_flows,spr2
0.2,38.76571645999268,avg_end2end_delay_of_processed_flows,spr2
0.3,41.024486340619184,avg_end2end_delay_of_processed_flows,spr2
0.4,47.37406466410202,avg_end2end_delay_of_processed_flows,spr2
0.5,53.08718202077868,avg_end2end_delay_of_processed_flows,spr2
0.1,29.10855694183475,avg_end2end_delay_of_processed_flows,gpasp
0.2,31.08243848530637,avg_end2end_delay_of_processed_flows,gpasp
0.3,34.300732307014435,avg_end2end_delay_of_processed_flows,gpasp
0.4,39.71774390218089,avg_end2end_delay_of_processed_flows,gpasp
0.5,43.57081603627552,avg_end2end_delay_of_processed_flows,gpasp
0.1,34.617868243564224,avg_end2end_delay_of_processed_flows,spr1
0.2,40.577947698456235,avg_end2end_delay_of_processed_flows,spr1
0.3,47.44199639259203,avg_end2end_delay_of_processed_flows,spr1
0.4,56.29218400532001,avg_end2end_delay_of_processed_flows,spr1
0.5,58.186120993921115,avg_end2end_delay_of_processed_flows,spr1
0.1,32.450132456333534,avg_end2end_delay_of_processed_flows,spr2
0.2,36.58468126071953,avg_end2end_delay_of_processed_flows,spr2
0.3,40.80189656222065,avg_end2end_delay_of_processed_flows,spr2
0.4,51.158124577407186,avg_end2end_delay_of_processed_flows,spr2
0.5,53.201581795163584,avg_end2end_delay_of_processed_flows,spr2
0.1,30.941779908878136,avg_end2end_delay_of_processed_flows,gpasp
0.2,30.936408017369164,avg_end2end_delay_of_processed_flows,gpasp
0.3,34.60740051334233,avg_end2end_delay_of_processed_flows,gpasp
0.4,36.32717161323048,avg_end2end_delay_of_processed_flows,gpasp
0.5,37.61915459757581,avg_end2end_delay_of_processed_flows,gpasp
0.1,32.056697742361116,avg_end2end_delay_of_processed_flows,spr1
0.2,35.82472056163222,avg_end2end_delay_of_processed_flows,spr1
0.3,40.859339827831526,avg_end2end_delay_of_processed_flows,spr1
0.4,42.79313339494909,avg_end2end_delay_of_processed_flows,spr1
0.5,48.23287960825247,avg_end2end_delay_of_processed_flows,spr1
0.1,33.12749505775106,avg_end2end_delay_of_processed_flows,spr2
0.2,34.63008490264378,avg_end2end_delay_of_processed_flows,spr2
0.3,38.56740611874182,avg_end2end_delay_of_processed_flows,spr2
0.4,40.10138721835821,avg_end2end_delay_of_processed_flows,spr2
0.5,46.42616601076501,avg_end2end_delay_of_processed_flows,spr2
0.1,34.002649736374245,avg_end2end_delay_of_processed_flows,gpasp
0.2,37.116355346078024,avg_end2end_delay_of_processed_flows,gpasp
0.3,38.60875167903981,avg_end2end_delay_of_processed_flows,gpasp
0.4,39.94687476746702,avg_end2end_delay_of_processed_flows,gpasp
0.5,49.55083800103203,avg_end2end_delay_of_processed_flows,gpasp
0.1,37.947869617809616,avg_end2end_delay_of_processed_flows,spr1
0.2,44.89872315997017,avg_end2end_delay_of_processed_flows,spr1
0.3,54.67408805715446,avg_end2end_delay_of_processed_flows,spr1
0.4,57.61285563731272,avg_end2end_delay_of_processed_flows,spr1
0.5,66.05700673018269,avg_end2end_delay_of_processed_flows,spr1
0.1,36.51311024947022,avg_end2end_delay_of_processed_flows,spr2
0.2,39.78669862723568,avg_end2end_delay_of_processed_flows,spr2
0.3,43.24645251011309,avg_end2end_delay_of_processed_flows,spr2
0.4,45.94724736125948,avg_end2end_delay_of_processed_flows,spr2
0.5,55.87911480060391,avg_end2end_delay_of_processed_flows,spr2
0.1,32.11078246842554,avg_end2end_delay_of_processed_flows,gpasp
0.2,33.763014474626665,avg_end2end_delay_of_processed_flows,gpasp
0.3,36.75295652803276,avg_end2end_delay_of_processed_flows,gpasp
0.4,39.41250193694098,avg_end2end_delay_of_processed_flows,gpasp
0.5,44.523431863071764,avg_end2end_delay_of_processed_flows,gpasp
0.1,37.84684462672475,avg_end2end_delay_of_processed_flows,spr1
0.2,42.51200504925275,avg_end2end_delay_of_processed_flows,spr1
0.3,50.91000937304531,avg_end2end_delay_of_processed_flows,spr1
0.4,58.65820741745343,avg_end2end_delay_of_processed_flows,spr1
0.5,62.30329052911847,avg_end2end_delay_of_processed_flows,spr1
0.1,34.51818387664727,avg_end2end_delay_of_processed_flows,spr2
0.2,37.28115806832624,avg_end2end_delay_of_processed_flows,spr2
0.3,41.375787763324304,avg_end2end_delay_of_processed_flows,spr2
0.4,49.88418683225474,avg_end2end_delay_of_processed_flows,spr2
0.5,54.651718920482175,avg_end2end_delay_of_processed_flows,spr2
0.1,36.98127291592938,avg_end2end_delay_of_processed_flows,gpasp
0.2,35.65720933250668,avg_end2end_delay_of_processed_flows,gpasp
0.3,38.978698933188284,avg_end2end_delay_of_processed_flows,gpasp
0.4,40.84120421152228,avg_end2end_delay_of_processed_flows,gpasp
0.5,43.19280303851325,avg_end2end_delay_of_processed_flows,gpasp
0.1,41.855799307775634,avg_end2end_delay_of_processed_flows,spr1
0.2,42.16162083495547,avg_end2end_delay_of_processed_flows,spr1
0.3,46.86355256234165,avg_end2end_delay_of_processed_flows,spr1
0.4,50.35808564488642,avg_end2end_delay_of_processed_flows,spr1
0.5,54.45863363396934,avg_end2end_delay_of_processed_flows,spr1
0.1,38.80466694913453,avg_end2end_delay_of_processed_flows,spr2
0.2,38.51684812893996,avg_end2end_delay_of_processed_flows,spr2
0.3,41.38394355231108,avg_end2end_delay_of_processed_flows,spr2
0.4,42.60332717988532,avg_end2end_delay_of_processed_flows,spr2
0.5,45.73930915949261,avg_end2end_delay_of_processed_flows,spr2
0.1,34.45525692392509,avg_end2end_delay_of_processed_flows,gpasp
0.2,36.56209295662301,avg_end2end_delay_of_processed_flows,gpasp
0.3,37.97653752543691,avg_end2end_delay_of_processed_flows,gpasp
0.4,41.659429420305386,avg_end2end_delay_of_processed_flows,gpasp
0.5,41.702354204419194,avg_end2end_delay_of_processed_flows,gpasp
0.1,36.93385417086798,avg_end2end_delay_of_processed_flows,spr1
0.2,41.38646242448142,avg_end2end_delay_of_processed_flows,spr1
0.3,47.64367646150094,avg_end2end_delay_of_processed_flows,spr1
0.4,53.323179739575664,avg_end2end_delay_of_processed_flows,spr1
0.5,54.69221616557907,avg_end2end_delay_of_processed_flows,spr1
0.1,36.316235636386224,avg_end2end_delay_of_processed_flows,spr2
0.2,39.67163838642176,avg_end2end_delay_of_processed_flows,spr2
0.3,45.47216772921666,avg_end2end_delay_of_processed_flows,spr2
0.4,49.70219107829065,avg_end2end_delay_of_processed_flows,spr2
0.5,51.47824890544932,avg_end2end_delay_of_processed_flows,spr2
0.1,31.06626191102475,avg_end2end_delay_of_processed_flows,gpasp
0.2,31.54271647918746,avg_end2end_delay_of_processed_flows,gpasp
0.3,33.03192986957628,avg_end2end_delay_of_processed_flows,gpasp
0.4,38.007052368640196,avg_end2end_delay_of_processed_flows,gpasp
0.5,43.678028162567955,avg_end2end_delay_of_processed_flows,gpasp
0.1,32.140554412164256,avg_end2end_delay_of_processed_flows,spr1
0.2,34.1703597203864,avg_end2end_delay_of_processed_flows,spr1
0.3,36.99024494192289,avg_end2end_delay_of_processed_flows,spr1
0.4,51.640312796466205,avg_end2end_delay_of_processed_flows,spr1
0.5,59.961119136528154,avg_end2end_delay_of_processed_flows,spr1
0.1,33.626553096311504,avg_end2end_delay_of_processed_flows,spr2
0.2,34.38219911902015,avg_end2end_delay_of_processed_flows,spr2
0.3,36.545997115027745,avg_end2end_delay_of_processed_flows,spr2
0.4,47.612585385737454,avg_end2end_delay_of_processed_flows,spr2
0.5,54.74475902462939,avg_end2end_delay_of_processed_flows,spr2
0.1,29.060981590735558,avg_end2end_delay_of_processed_flows,gpasp
0.2,30.983017521198676,avg_end2end_delay_of_processed_flows,gpasp
0.3,34.30428696212984,avg_end2end_delay_of_processed_flows,gpasp
0.4,39.701340119734304,avg_end2end_delay_of_processed_flows,gpasp
0.5,45.51700577059791,avg_end2end_delay_of_processed_flows,gpasp
0.1,34.533118167350494,avg_end2end_delay_of_processed_flows,spr1
0.2,45.370793639862825,avg_end2end_delay_of_processed_flows,spr1
0.3,50.9442458768081,avg_end2end_delay_of_processed_flows,spr1
0.4,55.617609230636674,avg_end2end_delay_of_processed_flows,spr1
0.5,60.534345315419834,avg_end2end_delay_of_processed_flows,spr1
0.1,31.244708590889683,avg_end2end_delay_of_processed_flows,spr2
0.2,33.428115083978184,avg_end2end_delay_of_processed_flows,spr2
0.3,38.43560120109049,avg_end2end_delay_of_processed_flows,spr2
0.4,45.73038932164706,avg_end2end_delay_of_processed_flows,spr2
0.5,51.99526665375136,avg_end2end_delay_of_processed_flows,spr2
0.1,29.39804898576325,avg_end2end_delay_of_processed_flows,gpasp
0.2,29.98198475329273,avg_end2end_delay_of_processed_flows,gpasp
0.3,32.62166302002937,avg_end2end_delay_of_processed_flows,gpasp
0.4,35.14769366551803,avg_end2end_delay_of_processed_flows,gpasp
0.5,37.192352972177964,avg_end2end_delay_of_processed_flows,gpasp
0.1,31.51569787856808,avg_end2end_delay_of_processed_flows,spr1
0.2,34.450282002008066,avg_end2end_delay_of_processed_flows,spr1
0.3,39.40999677444233,avg_end2end_delay_of_processed_flows,spr1
0.4,49.63167285976764,avg_end2end_delay_of_processed_flows,spr1
0.5,51.90738362951986,avg_end2end_delay_of_processed_flows,spr1
0.1,31.72049581323215,avg_end2end_delay_of_processed_flows,spr2
0.2,33.16234129510088,avg_end2end_delay_of_processed_flows,spr2
0.3,37.177818985192275,avg_end2end_delay_of_processed_flows,spr2
0.4,40.558775913281146,avg_end2end_delay_of_processed_flows,spr2
0.5,44.99537240540811,avg_end2end_delay_of_processed_flows,spr2
0.1,35.68674901135786,avg_end2end_delay_of_processed_flows,gpasp
0.2,37.64929395721734,avg_end2end_delay_of_processed_flows,gpasp
0.3,37.837640098064334,avg_end2end_delay_of_processed_flows,gpasp
0.4,40.79879407300769,avg_end2end_delay_of_processed_flows,gpasp
0.5,45.47383561216892,avg_end2end_delay_of_processed_flows,gpasp
0.1,40.925200889938274,avg_end2end_delay_of_processed_flows,spr1
0.2,41.39060449632262,avg_end2end_delay_of_processed_flows,spr1
0.3,47.46308421989548,avg_end2end_delay_of_processed_flows,spr1
0.4,57.224260552452456,avg_end2end_delay_of_processed_flows,spr1
0.5,64.61120384395701,avg_end2end_delay_of_processed_flows,spr1
0.1,38.722518554997556,avg_end2end_delay_of_processed_flows,spr2
0.2,39.61835303716329,avg_end2end_delay_of_processed_flows,spr2
0.3,40.28357549355599,avg_end2end_delay_of_processed_flows,spr2
0.4,45.99797093237175,avg_end2end_delay_of_processed_flows,spr2
0.5,53.63717494587271,avg_end2end_delay_of_processed_flows,spr2
0.1,29.634388646643057,avg_end2end_delay_of_processed_flows,gpasp
0.2,32.55165601841696,avg_end2end_delay_of_processed_flows,gpasp
0.3,34.39376265410331,avg_end2end_delay_of_processed_flows,gpasp
0.4,43.525459196394294,avg_end2end_delay_of_processed_flows,gpasp
0.5,48.644973142152125,avg_end2end_delay_of_processed_flows,gpasp
0.1,31.126706484241343,avg_end2end_delay_of_processed_flows,spr1
0.2,37.322068949057275,avg_end2end_delay_of_processed_flows,spr1
0.3,44.71947183705016,avg_end2end_delay_of_processed_flows,spr1
0.4,53.35181526864731,avg_end2end_delay_of_processed_flows,spr1
0.5,56.006253777520655,avg_end2end_delay_of_processed_flows,spr1
0.1,31.92458262370543,avg_end2end_delay_of_processed_flows,spr2
0.2,36.2852855132786,avg_end2end_delay_of_processed_flows,spr2
0.3,40.29846817685221,avg_end2end_delay_of_processed_flows,spr2
0.4,48.0513614248067,avg_end2end_delay_of_processed_flows,spr2
0.5,49.800525314710605,avg_end2end_delay_of_processed_flows,spr2
0.1,31.994829216985934,avg_end2end_delay_of_processed_flows,gpasp
0.2,32.71246309657215,avg_end2end_delay_of_processed_flows,gpasp
0.3,37.14300548969494,avg_end2end_delay_of_processed_flows,gpasp
0.4,44.968474381044835,avg_end2end_delay_of_processed_flows,gpasp
0.5,47.61376848996303,avg_end2end_delay_of_processed_flows,gpasp
0.1,38.719587743640346,avg_end2end_delay_of_processed_flows,spr1
0.2,43.45365704395656,avg_end2end_delay_of_processed_flows,spr1
0.3,54.368013131000446,avg_end2end_delay_of_processed_flows,spr1
0.4,61.2027551271309,avg_end2end_delay_of_processed_flows,spr1
0.5,62.64653849092654,avg_end2end_delay_of_processed_flows,spr1
0.1,34.74064684106944,avg_end2end_delay_of_processed_flows,spr2
0.2,34.60758371933931,avg_end2end_delay_of_processed_flows,spr2
0.3,45.894428614015126,avg_end2end_delay_of_processed_flows,spr2
0.4,55.7406233610651,avg_end2end_delay_of_processed_flows,spr2
0.5,56.37296319614043,avg_end2end_delay_of_processed_flows,spr2
0.1,28.535962814880655,avg_end2end_delay_of_processed_flows,gpasp
0.2,29.86670640541951,avg_end2end_delay_of_processed_flows,gpasp
0.3,31.137693400291706,avg_end2end_delay_of_processed_flows,gpasp
0.4,35.69653774786406,avg_end2end_delay_of_processed_flows,gpasp
0.5,40.91954068196905,avg_end2end_delay_of_processed_flows,gpasp
0.1,31.402418135433955,avg_end2end_delay_of_processed_flows,spr1
0.2,35.74417405270032,avg_end2end_delay_of_processed_flows,spr1
0.3,41.09911440729551,avg_end2end_delay_of_processed_flows,spr1
0.4,48.45644360391107,avg_end2end_delay_of_processed_flows,spr1
0.5,54.65321277559624,avg_end2end_delay_of_processed_flows,spr1
0.1,31.136150516821445,avg_end2end_delay_of_processed_flows,spr2
0.2,32.07326340177844,avg_end2end_delay_of_processed_flows,spr2
0.3,35.328959787628705,avg_end2end_delay_of_processed_flows,spr2
0.4,40.55433479376786,avg_end2end_delay_of_processed_flows,spr2
0.5,47.67463656245816,avg_end2end_delay_of_processed_flows,spr2
0.1,34.08543894469012,avg_end2end_delay_of_processed_flows,gpasp
0.2,34.940655959894826,avg_end2end_delay_of_processed_flows,gpasp
0.3,34.80663470550181,avg_end2end_delay_of_processed_flows,gpasp
0.4,36.012548686666555,avg_end2end_delay_of_processed_flows,gpasp
0.5,39.886656150535146,avg_end2end_delay_of_processed_flows,gpasp
0.1,35.89810230660735,avg_end2end_delay_of_processed_flows,spr1
0.2,37.832414438170176,avg_end2end_delay_of_processed_flows,spr1
0.3,41.662118588243324,avg_end2end_delay_of_processed_flows,spr1
0.4,43.80427048227097,avg_end2end_delay_of_processed_flows,spr1
0.5,50.53762972058021,avg_end2end_delay_of_processed_flows,spr1
0.1,36.193659719719484,avg_end2end_delay_of_processed_flows,spr2
0.2,37.349933474436604,avg_end2end_delay_of_processed_flows,spr2
0.3,36.94729091286583,avg_end2end_delay_of_processed_flows,spr2
0.4,41.389642313777394,avg_end2end_delay_of_processed_flows,spr2
0.5,49.102419839865426,avg_end2end_delay_of_processed_flows,spr2
0.1,35.57521926719583,avg_end2end_delay_of_processed_flows,gpasp
0.2,34.774690460521555,avg_end2end_delay_of_processed_flows,gpasp
0.3,36.5627921797301,avg_end2end_delay_of_processed_flows,gpasp
0.4,42.038860879412375,avg_end2end_delay_of_processed_flows,gpasp
0.5,43.63146525705947,avg_end2end_delay_of_processed_flows,gpasp
0.1,39.69203346167505,avg_end2end_delay_of_processed_flows,spr1
0.2,44.855991751066036,avg_end2end_delay_of_processed_flows,spr1
0.3,60.03097753768897,avg_end2end_delay_of_processed_flows,spr1
0.4,66.31828689580672,avg_end2end_delay_of_processed_flows,spr1
0.5,68.30490234752057,avg_end2end_delay_of_processed_flows,spr1
0.1,37.743945685832706,avg_end2end_delay_of_processed_flows,spr2
0.2,37.499151079394,avg_end2end_delay_of_processed_flows,spr2
0.3,42.926169728623485,avg_end2end_delay_of_processed_flows,spr2
0.4,53.61664071630652,avg_end2end_delay_of_processed_flows,spr2
0.5,55.73894157376899,avg_end2end_delay_of_processed_flows,spr2
0.1,32.77261110339317,avg_end2end_delay_of_processed_flows,gpasp
0.2,32.070209108052666,avg_end2end_delay_of_processed_flows,gpasp
0.3,33.57662460226437,avg_end2end_delay_of_processed_flows,gpasp
0.4,38.61673413220547,avg_end2end_delay_of_processed_flows,gpasp
0.5,47.51123194276396,avg_end2end_delay_of_processed_flows,gpasp
0.1,34.35313108533795,avg_end2end_delay_of_processed_flows,spr1
0.2,37.141186907339275,avg_end2end_delay_of_processed_flows,spr1
0.3,41.940063487632884,avg_end2end_delay_of_processed_flows,spr1
0.4,56.364954694944856,avg_end2end_delay_of_processed_flows,spr1
0.5,65.08263801621499,avg_end2end_delay_of_processed_flows,spr1
0.1,34.29858744082045,avg_end2end_delay_of_processed_flows,spr2
0.2,34.94564547784683,avg_end2end_delay_of_processed_flows,spr2
0.3,35.638074088747835,avg_end2end_delay_of_processed_flows,spr2
0.4,48.45242788612209,avg_end2end_delay_of_processed_flows,spr2
0.5,57.708393039410396,avg_end2end_delay_of_processed_flows,spr2
0.1,32.54042824789997,avg_end2end_delay_of_processed_flows,gpasp
0.2,35.09276743131269,avg_end2end_delay_of_processed_flows,gpasp
0.3,36.22380173462491,avg_end2end_delay_of_processed_flows,gpasp
0.4,38.66016089768385,avg_end2end_delay_of_processed_flows,gpasp
0.5,40.7542401514295,avg_end2end_delay_of_processed_flows,gpasp
0.1,35.537319226080214,avg_end2end_delay_of_processed_flows,spr1
0.2,41.42361921070022,avg_end2end_delay_of_processed_flows,spr1
0.3,42.83887637367778,avg_end2end_delay_of_processed_flows,spr1
0.4,49.91476343843005,avg_end2end_delay_of_processed_flows,spr1
0.5,53.914518131545485,avg_end2end_delay_of_processed_flows,spr1
0.1,35.400158381908504,avg_end2end_delay_of_processed_flows,spr2
0.2,38.51316639385062,avg_end2end_delay_of_processed_flows,spr2
0.3,38.598734885004575,avg_end2end_delay_of_processed_flows,spr2
0.4,44.18620055666405,avg_end2end_delay_of_processed_flows,spr2
0.5,48.003251232285514,avg_end2end_delay_of_processed_flows,spr2
0.1,28.233007665717206,avg_end2end_delay_of_processed_flows,gpasp
0.2,29.771743305429027,avg_end2end_delay_of_processed_flows,gpasp
0.3,33.27212240676895,avg_end2end_delay_of_processed_flows,gpasp
0.4,37.94357538776287,avg_end2end_delay_of_processed_flows,gpasp
0.5,43.4393458501105,avg_end2end_delay_of_processed_flows,gpasp
0.1,29.69506386020657,avg_end2end_delay_of_processed_flows,spr1
0.2,33.27530737318466,avg_end2end_delay_of_processed_flows,spr1
0.3,43.641652499896026,avg_end2end_delay_of_processed_flows,spr1
0.4,51.100347615694695,avg_end2end_delay_of_processed_flows,spr1
0.5,53.794445849852515,avg_end2end_delay_of_processed_flows,spr1
0.1,31.0978933413972,avg_end2end_delay_of_processed_flows,spr2
0.2,32.76823581704999,avg_end2end_delay_of_processed_flows,spr2
0.3,36.33416721300025,avg_end2end_delay_of_processed_flows,spr2
0.4,44.98542879835372,avg_end2end_delay_of_processed_flows,spr2
0.5,45.69096992110704,avg_end2end_delay_of_processed_flows,spr2
0.1,39.85312627909557,avg_end2end_delay_of_processed_flows,gpasp
0.2,38.4388968463762,avg_end2end_delay_of_processed_flows,gpasp
0.3,42.55434117519897,avg_end2end_delay_of_processed_flows,gpasp
0.4,45.80904217243673,avg_end2end_delay_of_processed_flows,gpasp
0.5,52.037013175808404,avg_end2end_delay_of_processed_flows,gpasp
0.1,42.077024776608035,avg_end2end_delay_of_processed_flows,spr1
0.2,42.8276762806988,avg_end2end_delay_of_processed_flows,spr1
0.3,50.09708946300562,avg_end2end_delay_of_processed_flows,spr1
0.4,55.22462187244838,avg_end2end_delay_of_processed_flows,spr1
0.5,65.1176132045859,avg_end2end_delay_of_processed_flows,spr1
0.1,42.586998193751555,avg_end2end_delay_of_processed_flows,spr2
0.2,41.3416687084292,avg_end2end_delay_of_processed_flows,spr2
0.3,44.03633646634942,avg_end2end_delay_of_processed_flows,spr2
0.4,51.779351130282585,avg_end2end_delay_of_processed_flows,spr2
0.5,58.96941638642241,avg_end2end_delay_of_processed_flows,spr2
0.1,34.70669067394704,avg_end2end_delay_of_processed_flows,gpasp
0.2,35.13111849187627,avg_end2end_delay_of_processed_flows,gpasp
0.3,36.270406295866145,avg_end2end_delay_of_processed_flows,gpasp
0.4,39.297662131287886,avg_end2end_delay_of_processed_flows,gpasp
0.5,42.33084013560088,avg_end2end_delay_of_processed_flows,gpasp
0.1,38.424205647103825,avg_end2end_delay_of_processed_flows,spr1
0.2,40.95920582840069,avg_end2end_delay_of_processed_flows,spr1
0.3,45.43499067985727,avg_end2end_delay_of_processed_flows,spr1
0.4,54.475436684456696,avg_end2end_delay_of_processed_flows,spr1
0.5,58.71869303217077,avg_end2end_delay_of_processed_flows,spr1
0.1,37.01743636916704,avg_end2end_delay_of_processed_flows,spr2
0.2,37.42421793226088,avg_end2end_delay_of_processed_flows,spr2
0.3,38.67455883288388,avg_end2end_delay_of_processed_flows,spr2
0.4,46.88847321833946,avg_end2end_delay_of_processed_flows,spr2
0.5,51.53978267906489,avg_end2end_delay_of_processed_flows,spr2
0.1,37.671494111625336,avg_end2end_delay_of_processed_flows,gpasp
0.2,37.11468973807576,avg_end2end_delay_of_processed_flows,gpasp
0.3,37.731357093706556,avg_end2end_delay_of_processed_flows,gpasp
0.4,40.60500361764123,avg_end2end_delay_of_processed_flows,gpasp
0.5,44.10689547487037,avg_end2end_delay_of_processed_flows,gpasp
0.1,41.51952544565142,avg_end2end_delay_of_processed_flows,spr1
0.2,45.71967459325673,avg_end2end_delay_of_processed_flows,spr1
0.3,49.354787395555924,avg_end2end_delay_of_processed_flows,spr1
0.4,55.347440311437985,avg_end2end_delay_of_processed_flows,spr1
0.5,59.65301721246586,avg_end2end_delay_of_processed_flows,spr1
0.1,39.53872246389794,avg_end2end_delay_of_processed_flows,spr2
0.2,39.266406201458416,avg_end2end_delay_of_processed_flows,spr2
0.3,40.81732174854934,avg_end2end_delay_of_processed_flows,spr2
0.4,46.02895982496939,avg_end2end_delay_of_processed_flows,spr2
0.5,51.58677872573457,avg_end2end_delay_of_processed_flows,spr2
0.1,28.569153560043368,avg_end2end_delay_of_processed_flows,gpasp
0.2,30.446633087265045,avg_end2end_delay_of_processed_flows,gpasp
0.3,33.199484375085795,avg_end2end_delay_of_processed_flows,gpasp
0.4,39.43598893662037,avg_end2end_delay_of_processed_flows,gpasp
0.5,43.833423053502834,avg_end2end_delay_of_processed_flows,gpasp
0.1,30.728957683819694,avg_end2end_delay_of_processed_flows,spr1
0.2,36.659571115384864,avg_end2end_delay_of_processed_flows,spr1
0.3,42.83232700679714,avg_end2end_delay_of_processed_flows,spr1
0.4,51.753097685265224,avg_end2end_delay_of_processed_flows,spr1
0.5,53.74358258578566,avg_end2end_delay_of_processed_flows,spr1
0.1,31.073464657720947,avg_end2end_delay_of_processed_flows,spr2
0.2,32.93078077613754,avg_end2end_delay_of_processed_flows,spr2
0.3,37.753127267619064,avg_end2end_delay_of_processed_flows,spr2
0.4,46.42217093053439,avg_end2end_delay_of_processed_flows,spr2
0.5,50.074712251773974,avg_end2end_delay_of_processed_flows,spr2
0.1,28.031384242793838,avg_end2end_delay_of_processed_flows,gpasp
0.2,30.18466704923195,avg_end2end_delay_of_processed_flows,gpasp
0.3,33.593340224539425,avg_end2end_delay_of_processed_flows,gpasp
0.4,36.79044141666304,avg_end2end_delay_of_processed_flows,gpasp
0.5,39.074938204463194,avg_end2end_delay_of_processed_flows,gpasp
0.1,31.695799813112103,avg_end2end_delay_of_processed_flows,spr1
0.2,37.15392664451867,avg_end2end_delay_of_processed_flows,spr1
0.3,44.573284070290626,avg_end2end_delay_of_processed_flows,spr1
0.4,50.21208246126623,avg_end2end_delay_of_processed_flows,spr1
0.5,53.67245832802125,avg_end2end_delay_of_processed_flows,spr1
0.1,29.94634476966926,avg_end2end_delay_of_processed_flows,spr2
0.2,33.74720800082951,avg_end2end_delay_of_processed_flows,spr2
0.3,38.8963671608487,avg_end2end_delay_of_processed_flows,spr2
0.4,45.27263356750489,avg_end2end_delay_of_processed_flows,spr2
0.5,47.716619238282405,avg_end2end_delay_of_processed_flows,spr2
0.1,32.84708562806937,avg_end2end_delay_of_processed_flows,gpasp
0.2,34.1307127847686,avg_end2end_delay_of_processed_flows,gpasp
0.3,35.65893082733128,avg_end2end_delay_of_processed_flows,gpasp
0.4,38.62414348217292,avg_end2end_delay_of_processed_flows,gpasp
0.5,42.64125072361487,avg_end2end_delay_of_processed_flows,gpasp
0.1,41.64126019705782,avg_end2end_delay_of_processed_flows,spr1
0.2,48.943830322421796,avg_end2end_delay_of_processed_flows,spr1
0.3,53.628817153159325,avg_end2end_delay_of_processed_flows,spr1
0.4,57.01538542371618,avg_end2end_delay_of_processed_flows,spr1
0.5,62.37403887393807,avg_end2end_delay_of_processed_flows,spr1
0.1,35.030631155447736,avg_end2end_delay_of_processed_flows,spr2
0.2,36.52439294954245,avg_end2end_delay_of_processed_flows,spr2
0.3,40.40482471722924,avg_end2end_delay_of_processed_flows,spr2
0.4,42.45880659356176,avg_end2end_delay_of_processed_flows,spr2
0.5,50.37755834753657,avg_end2end_delay_of_processed_flows,spr2
0.1,33.7083519028884,avg_end2end_delay_of_processed_flows,gpasp
0.2,31.573049026785927,avg_end2end_delay_of_processed_flows,gpasp
0.3,34.206117707173476,avg_end2end_delay_of_processed_flows,gpasp
0.4,35.77925049055038,avg_end2end_delay_of_processed_flows,gpasp
0.5,38.3726592998011,avg_end2end_delay_of_processed_flows,gpasp
0.1,40.89668595315012,avg_end2end_delay_of_processed_flows,spr1
0.2,40.170561807207946,avg_end2end_delay_of_processed_flows,spr1
0.3,43.30306659279662,avg_end2end_delay_of_processed_flows,spr1
0.4,49.13197654772728,avg_end2end_delay_of_processed_flows,spr1
0.5,55.54332943661293,avg_end2end_delay_of_processed_flows,spr1
0.1,36.26762838236685,avg_end2end_delay_of_processed_flows,spr2
0.2,34.805949340404325,avg_end2end_delay_of_processed_flows,spr2
0.3,36.73669130007608,avg_end2end_delay_of_processed_flows,spr2
0.4,39.99205111683861,avg_end2end_delay_of_processed_flows,spr2
0.5,46.72682575296362,avg_end2end_delay_of_processed_flows,spr2
0.1,29.261834257407862,avg_end2end_delay_of_processed_flows,gpasp
0.2,31.00646584777282,avg_end2end_delay_of_processed_flows,gpasp
0.3,31.77128168407352,avg_end2end_delay_of_processed_flows,gpasp
0.4,32.59202796073255,avg_end2end_delay_of_processed_flows,gpasp
0.5,36.976095023066826,avg_end2end_delay_of_processed_flows,gpasp
0.1,35.01713377176464,avg_end2end_delay_of_processed_flows,spr1
0.2,41.19855122909726,avg_end2end_delay_of_processed_flows,spr1
0.3,43.16654132582635,avg_end2end_delay_of_processed_flows,spr1
0.4,46.44018211139246,avg_end2end_delay_of_processed_flows,spr1
0.5,56.477438942418814,avg_end2end_delay_of_processed_flows,spr1
0.1,31.841130323930077,avg_end2end_delay_of_processed_flows,spr2
0.2,34.29565208032838,avg_end2end_delay_of_processed_flows,spr2
0.3,35.283499120212824,avg_end2end_delay_of_processed_flows,spr2
0.4,37.786748547182135,avg_end2end_delay_of_processed_flows,spr2
0.5,48.07206794600592,avg_end2end_delay_of_processed_flows,spr2
0.1,33.05544440014699,avg_end2end_delay_of_processed_flows,gpasp
0.2,35.4892972390438,avg_end2end_delay_of_processed_flows,gpasp
0.3,36.941091408468424,avg_end2end_delay_of_processed_flows,gpasp
0.4,39.55341923715354,avg_end2end_delay_of_processed_flows,gpasp
0.5,47.31826828060679,avg_end2end_delay_of_processed_flows,gpasp
0.1,38.49863763803475,avg_end2end_delay_of_processed_flows,spr1
0.2,47.131341626128886,avg_end2end_delay_of_processed_flows,spr1
0.3,53.865138672985836,avg_end2end_delay_of_processed_flows,spr1
0.4,65.21751424721155,avg_end2end_delay_of_processed_flows,spr1
0.5,69.72744181443224,avg_end2end_delay_of_processed_flows,spr1
0.1,35.66541240018403,avg_end2end_delay_of_processed_flows,spr2
0.2,38.69228261707181,avg_end2end_delay_of_processed_flows,spr2
0.3,41.25332743154299,avg_end2end_delay_of_processed_flows,spr2
0.4,46.26793871401451,avg_end2end_delay_of_processed_flows,spr2
0.5,56.65405316155097,avg_end2end_delay_of_processed_flows,spr2
0.1,27.497165122414714,avg_end2end_delay_of_processed_flows,gpasp
0.2,30.410854919691502,avg_end2end_delay_of_processed_flows,gpasp
0.3,33.975304814477404,avg_end2end_delay_of_processed_flows,gpasp
0.4,36.41070303604708,avg_end2end_delay_of_processed_flows,gpasp
0.5,41.301371652906155,avg_end2end_delay_of_processed_flows,gpasp
0.1,28.414776052881404,avg_end2end_delay_of_processed_flows,spr1
0.2,31.963326705540656,avg_end2end_delay_of_processed_flows,spr1
0.3,39.52211072512359,avg_end2end_delay_of_processed_flows,spr1
0.4,47.480072637845794,avg_end2end_delay_of_processed_flows,spr1
0.5,55.016495696488285,avg_end2end_delay_of_processed_flows,spr1
0.1,29.483849519434415,avg_end2end_delay_of_processed_flows,spr2
0.2,33.00139533873267,avg_end2end_delay_of_processed_flows,spr2
0.3,35.516973986153545,avg_end2end_delay_of_processed_flows,spr2
0.4,41.74825155515125,avg_end2end_delay_of_processed_flows,spr2
0.5,49.140553493204,avg_end2end_delay_of_processed_flows,spr2
0.1,32.87947787187868,avg_end2end_delay_of_processed_flows,gpasp
0.2,32.78996804539189,avg_end2end_delay_of_processed_flows,gpasp
0.3,34.612711227438844,avg_end2end_delay_of_processed_flows,gpasp
0.4,37.52903111136073,avg_end2end_delay_of_processed_flows,gpasp
0.5,40.34169718507948,avg_end2end_delay_of_processed_flows,gpasp
0.1,34.794246264001,avg_end2end_delay_of_processed_flows,spr1
0.2,35.00253984654992,avg_end2end_delay_of_processed_flows,spr1
0.3,43.195995848780946,avg_end2end_delay_of_processed_flows,spr1
0.4,48.4253722231171,avg_end2end_delay_of_processed_flows,spr1
0.5,53.42522822856252,avg_end2end_delay_of_processed_flows,spr1
0.1,34.80784169502398,avg_end2end_delay_of_processed_flows,spr2
0.2,34.900039911775906,avg_end2end_delay_of_processed_flows,spr2
0.3,37.419443665469295,avg_end2end_delay_of_processed_flows,spr2
0.4,41.728847349891076,avg_end2end_delay_of_processed_flows,spr2
0.5,46.39982139046131,avg_end2end_delay_of_processed_flows,spr2
0.1,33.61390019882721,avg_end2end_delay_of_processed_flows,gpasp
0.2,31.36526150436634,avg_end2end_delay_of_processed_flows,gpasp
0.3,31.525471685800543,avg_end2end_delay_of_processed_flows,gpasp
0.4,33.944342825471864,avg_end2end_delay_of_processed_flows,gpasp
0.5,35.54873474074453,avg_end2end_delay_of_processed_flows,gpasp
0.1,34.52335757116331,avg_end2end_delay_of_processed_flows,spr1
0.2,34.354074311912996,avg_end2end_delay_of_processed_flows,spr1
0.3,34.70203059784772,avg_end2end_delay_of_processed_flows,spr1
0.4,45.29785211884648,avg_end2end_delay_of_processed_flows,spr1
0.5,49.447463043707316,avg_end2end_delay_of_processed_flows,spr1
0.1,34.54776054597412,avg_end2end_delay_of_processed_flows,spr2
0.2,33.92161380275271,avg_end2end_delay_of_processed_flows,spr2
0.3,34.38607647455787,avg_end2end_delay_of_processed_flows,spr2
0.4,38.94137756648053,avg_end2end_delay_of_processed_flows,spr2
0.5,42.214619727434275,avg_end2end_delay_of_processed_flows,spr2
0.1,30.19872831945656,avg_end2end_delay_of_processed_flows,gpasp
0.2,33.239998091516064,avg_end2end_delay_of_processed_flows,gpasp
0.3,35.130342460129384,avg_end2end_delay_of_processed_flows,gpasp
0.4,39.93391019865187,avg_end2end_delay_of_processed_flows,gpasp
0.5,47.03751755368373,avg_end2end_delay_of_processed_flows,gpasp
0.1,32.539101167020554,avg_end2end_delay_of_processed_flows,spr1
0.2,37.14656523322559,avg_end2end_delay_of_processed_flows,spr1
0.3,44.82884108142677,avg_end2end_delay_of_processed_flows,spr1
0.4,50.508811527164646,avg_end2end_delay_of_processed_flows,spr1
0.5,55.12311501764433,avg_end2end_delay_of_processed_flows,spr1
0.1,32.92387404419665,avg_end2end_delay_of_processed_flows,spr2
0.2,36.32913946620715,avg_end2end_delay_of_processed_flows,spr2
0.3,39.04590905536061,avg_end2end_delay_of_processed_flows,spr2
0.4,45.53947357948192,avg_end2end_delay_of_processed_flows,spr2
0.5,51.7567315151096,avg_end2end_delay_of_processed_flows,spr2
0.1,31.35475357051773,avg_end2end_delay_of_processed_flows,gpasp
0.2,32.01091773717537,avg_end2end_delay_of_processed_flows,gpasp
0.3,34.50585876980496,avg_end2end_delay_of_processed_flows,gpasp
0.4,35.194241889231975,avg_end2end_delay_of_processed_flows,gpasp
0.5,39.63155170105835,avg_end2end_delay_of_processed_flows,gpasp
0.1,34.90033397307977,avg_end2end_delay_of_processed_flows,spr1
0.2,39.19193243402752,avg_end2end_delay_of_processed_flows,spr1
0.3,40.902594737658035,avg_end2end_delay_of_processed_flows,spr1
0.4,41.44576827840063,avg_end2end_delay_of_processed_flows,spr1
0.5,49.121012369648106,avg_end2end_delay_of_processed_flows,spr1
0.1,33.72762485343594,avg_end2end_delay_of_processed_flows,spr2
0.2,34.60343455646533,avg_end2end_delay_of_processed_flows,spr2
0.3,36.81493037800631,avg_end2end_delay_of_processed_flows,spr2
0.4,38.54966134439137,avg_end2end_delay_of_processed_flows,spr2
0.5,43.50158195376988,avg_end2end_delay_of_processed_flows,spr2
0.1,31.58852960783528,avg_end2end_delay_of_processed_flows,gpasp
0.2,30.68291846694602,avg_end2end_delay_of_processed_flows,gpasp
0.3,31.19498469301582,avg_end2end_delay_of_processed_flows,gpasp
0.4,36.20153859622776,avg_end2end_delay_of_processed_flows,gpasp
0.5,42.83283116225011,avg_end2end_delay_of_processed_flows,gpasp
0.1,32.5727374512946,avg_end2end_delay_of_processed_flows,spr1
0.2,32.39251531256885,avg_end2end_delay_of_processed_flows,spr1
0.3,35.333845180227826,avg_end2end_delay_of_processed_flows,spr1
0.4,44.94379014713007,avg_end2end_delay_of_processed_flows,spr1
0.5,54.916471185977045,avg_end2end_delay_of_processed_flows,spr1
0.1,33.9822728561948,avg_end2end_delay_of_processed_flows,spr2
0.2,33.0805123505132,avg_end2end_delay_of_processed_flows,spr2
0.3,34.53449146083154,avg_end2end_delay_of_processed_flows,spr2
0.4,41.523969692133036,avg_end2end_delay_of_processed_flows,spr2
0.5,49.568278857873544,avg_end2end_delay_of_processed_flows,spr2
0.1,33.25117435082719,avg_end2end_delay_of_processed_flows,gpasp
0.2,34.19525382743658,avg_end2end_delay_of_processed_flows,gpasp
0.3,39.35812557179664,avg_end2end_delay_of_processed_flows,gpasp
0.4,42.21867341855578,avg_end2end_delay_of_processed_flows,gpasp
0.5,48.93425468367612,avg_end2end_delay_of_processed_flows,gpasp
0.1,43.62183959355095,avg_end2end_delay_of_processed_flows,spr1
0.2,48.88316291635931,avg_end2end_delay_of_processed_flows,spr1
0.3,57.9672715062854,avg_end2end_delay_of_processed_flows,spr1
0.4,62.29300247404324,avg_end2end_delay_of_processed_flows,spr1
0.5,67.04053269444609,avg_end2end_delay_of_processed_flows,spr1
0.1,38.45567244416791,avg_end2end_delay_of_processed_flows,spr2
0.2,38.860157925234695,avg_end2end_delay_of_processed_flows,spr2
0.3,45.02786176524188,avg_end2end_delay_of_processed_flows,spr2
0.4,52.42314912858845,avg_end2end_delay_of_processed_flows,spr2
0.5,56.049303164821964,avg_end2end_delay_of_processed_flows,spr2
0.1,27.86302014700411,avg_end2end_delay_of_processed_flows,gpasp
0.2,33.82521402414102,avg_end2end_delay_of_processed_flows,gpasp
0.3,35.26663096118749,avg_end2end_delay_of_processed_flows,gpasp
0.4,48.21127702655471,avg_end2end_delay_of_processed_flows,gpasp
0.5,50.9728377893511,avg_end2end_delay_of_processed_flows,gpasp
0.1,29.31416702435023,avg_end2end_delay_of_processed_flows,spr1
0.2,37.89579117166098,avg_end2end_delay_of_processed_flows,spr1
0.3,42.45700680124781,avg_end2end_delay_of_processed_flows,spr1
0.4,54.27268370422716,avg_end2end_delay_of_processed_flows,spr1
0.5,59.0121698716405,avg_end2end_delay_of_processed_flows,spr1
0.1,30.413362084306772,avg_end2end_delay_of_processed_flows,spr2
0.2,35.58781488287728,avg_end2end_delay_of_processed_flows,spr2
0.3,39.99256357017108,avg_end2end_delay_of_processed_flows,spr2
0.4,49.20434634938157,avg_end2end_delay_of_processed_flows,spr2
0.5,53.7719417724067,avg_end2end_delay_of_processed_flows,spr2
0.1,28.859604570379528,avg_end2end_delay_of_processed_flows,gpasp
0.2,33.4712704921633,avg_end2end_delay_of_processed_flows,gpasp
0.3,38.30829590072503,avg_end2end_delay_of_processed_flows,gpasp
0.4,43.246770431924254,avg_end2end_delay_of_processed_flows,gpasp
0.5,47.19055450062189,avg_end2end_delay_of_processed_flows,gpasp
0.1,36.71318356177805,avg_end2end_delay_of_processed_flows,spr1
0.2,44.47351589027433,avg_end2end_delay_of_processed_flows,spr1
0.3,52.803251140704276,avg_end2end_delay_of_processed_flows,spr1
0.4,56.843705858016584,avg_end2end_delay_of_processed_flows,spr1
0.5,59.262816240794706,avg_end2end_delay_of_processed_flows,spr1
0.1,31.455637953947846,avg_end2end_delay_of_processed_flows,spr2
0.2,34.801781639116506,avg_end2end_delay_of_processed_flows,spr2
0.3,43.45002964375971,avg_end2end_delay_of_processed_flows,spr2
0.4,49.439844992706,avg_end2end_delay_of_processed_flows,spr2
0.5,50.50769794666759,avg_end2end_delay_of_processed_flows,spr2
0.1,33.78639171212079,avg_end2end_delay_of_processed_flows,gpasp
0.2,34.50132493634145,avg_end2end_delay_of_processed_flows,gpasp
0.3,34.92186385827049,avg_end2end_delay_of_processed_flows,gpasp
0.4,36.47716035341169,avg_end2end_delay_of_processed_flows,gpasp
0.5,38.71905462096119,avg_end2end_delay_of_processed_flows,gpasp
0.1,35.30722318867817,avg_end2end_delay_of_processed_flows,spr1
0.2,37.56349612609065,avg_end2end_delay_of_processed_flows,spr1
0.3,40.878205833167094,avg_end2end_delay_of_processed_flows,spr1
0.4,46.46226668508087,avg_end2end_delay_of_processed_flows,spr1
0.5,50.61979080065172,avg_end2end_delay_of_processed_flows,spr1
0.1,35.11070452269807,avg_end2end_delay_of_processed_flows,spr2
0.2,37.61359638135413,avg_end2end_delay_of_processed_flows,spr2
0.3,38.9621678261013,avg_end2end_delay_of_processed_flows,spr2
0.4,41.28299685926712,avg_end2end_delay_of_processed_flows,spr2
0.5,47.242135019311135,avg_end2end_delay_of_processed_flows,spr2
0.1,31.679765429578765,avg_end2end_delay_of_processed_flows,gpasp
0.2,35.06060915200693,avg_end2end_delay_of_processed_flows,gpasp
0.3,39.50504220072496,avg_end2end_delay_of_processed_flows,gpasp
0.4,40.49675618215262,avg_end2end_delay_of_processed_flows,gpasp
0.5,43.10366351337023,avg_end2end_delay_of_processed_flows,gpasp
0.1,34.50706720783762,avg_end2end_delay_of_processed_flows,spr1
0.2,40.481305196510576,avg_end2end_delay_of_processed_flows,spr1
0.3,46.18876655935082,avg_end2end_delay_of_processed_flows,spr1
0.4,50.45970831271823,avg_end2end_delay_of_processed_flows,spr1
0.5,51.4155414721126,avg_end2end_delay_of_processed_flows,spr1
0.1,34.12848666228083,avg_end2end_delay_of_processed_flows,spr2
0.2,37.07306677302876,avg_end2end_delay_of_processed_flows,spr2
0.3,40.87750047073027,avg_end2end_delay_of_processed_flows,spr2
0.4,43.384139240365386,avg_end2end_delay_of_processed_flows,spr2
0.5,47.03973795147493,avg_end2end_delay_of_processed_flows,spr2
0.1,29.378644880592727,avg_end2end_delay_of_processed_flows,gpasp
0.2,33.83802971239545,avg_end2end_delay_of_processed_flows,gpasp
0.3,35.525479025698026,avg_end2end_delay_of_processed_flows,gpasp
0.4,41.4673978031099,avg_end2end_delay_of_processed_flows,gpasp
0.5,49.322230126020166,avg_end2end_delay_of_processed_flows,gpasp
0.1,36.304624057998616,avg_end2end_delay_of_processed_flows,spr1
0.2,49.304399125995616,avg_end2end_delay_of_processed_flows,spr1
0.3,58.16409055313834,avg_end2end_delay_of_processed_flows,spr1
0.4,64.96356611926696,avg_end2end_delay_of_processed_flows,spr1
0.5,68.9471019782227,avg_end2end_delay_of_processed_flows,spr1
0.1,31.76895546793777,avg_end2end_delay_of_processed_flows,spr2
0.2,36.278218924584614,avg_end2end_delay_of_processed_flows,spr2
0.3,38.024628827202996,avg_end2end_delay_of_processed_flows,spr2
0.4,48.616669119524175,avg_end2end_delay_of_processed_flows,spr2
0.5,54.844805683680946,avg_end2end_delay_of_processed_flows,spr2
0.1,33.68573338739687,avg_end2end_delay_of_processed_flows,gpasp
0.2,34.725153882271435,avg_end2end_delay_of_processed_flows,gpasp
0.3,36.519672466913825,avg_end2end_delay_of_processed_flows,gpasp
0.4,42.7514594334116,avg_end2end_delay_of_processed_flows,gpasp
0.5,46.24443551101511,avg_end2end_delay_of_processed_flows,gpasp
0.1,37.16872768527575,avg_end2end_delay_of_processed_flows,spr1
0.2,38.25909605107444,avg_end2end_delay_of_processed_flows,spr1
0.3,42.47649904060801,avg_end2end_delay_of_processed_flows,spr1
0.4,54.28055033061147,avg_end2end_delay_of_processed_flows,spr1
0.5,62.15406755634752,avg_end2end_delay_of_processed_flows,spr1
0.1,36.40013498745936,avg_end2end_delay_of_processed_flows,spr2
0.2,37.948225378723215,avg_end2end_delay_of_processed_flows,spr2
0.3,39.208030906418934,avg_end2end_delay_of_processed_flows,spr2
0.4,47.8288282947332,avg_end2end_delay_of_processed_flows,spr2
0.5,53.966736599043585,avg_end2end_delay_of_processed_flows,spr2
0.1,29.716328077118394,avg_end2end_delay_of_processed_flows,gpasp
0.2,32.87560467696283,avg_end2end_delay_of_processed_flows,gpasp
0.3,33.116334066346916,avg_end2end_delay_of_processed_flows,gpasp
0.4,35.882018023023306,avg_end2end_delay_of_processed_flows,gpasp
0.5,41.280610629913994,avg_end2end_delay_of_processed_flows,gpasp
0.1,31.426822147373212,avg_end2end_delay_of_processed_flows,spr1
0.2,37.27770525705513,avg_end2end_delay_of_processed_flows,spr1
0.3,39.7251135598508,avg_end2end_delay_of_processed_flows,spr1
0.4,47.39362348084761,avg_end2end_delay_of_processed_flows,spr1
0.5,55.82539105839387,avg_end2end_delay_of_processed_flows,spr1
0.1,32.335950324995956,avg_end2end_delay_of_processed_flows,spr2
0.2,35.44770839800779,avg_end2end_delay_of_processed_flows,spr2
0.3,37.301170407316825,avg_end2end_delay_of_processed_flows,spr2
0.4,40.0410953840871,avg_end2end_delay_of_processed_flows,spr2
0.5,46.4413935108108,avg_end2end_delay_of_processed_flows,spr2
0.1,30.6536729809782,avg_end2end_delay_of_processed_flows,gpasp
0.2,32.963922638244135,avg_end2end_delay_of_processed_flows,gpasp
0.3,34.55182864750332,avg_end2end_delay_of_processed_flows,gpasp
0.4,35.52057937942342,avg_end2end_delay_of_processed_flows,gpasp
0.5,38.60590942375888,avg_end2end_delay_of_processed_flows,gpasp
0.1,34.93374067416219,avg_end2end_delay_of_processed_flows,spr1
0.2,39.79345323490732,avg_end2end_delay_of_processed_flows,spr1
0.3,47.30674513429129,avg_end2end_delay_of_processed_flows,spr1
0.4,48.87073359126126,avg_end2end_delay_of_processed_flows,spr1
0.5,55.076741968114916,avg_end2end_delay_of_processed_flows,spr1
0.1,33.81019618812192,avg_end2end_delay_of_processed_flows,spr2
0.2,35.420503914841746,avg_end2end_delay_of_processed_flows,spr2
0.3,37.12182296654979,avg_end2end_delay_of_processed_flows,spr2
0.4,39.22904666992961,avg_end2end_delay_of_processed_flows,spr2
0.5,46.653233826335104,avg_end2end_delay_of_processed_flows,spr2
0.1,31.97867993067086,avg_end2end_delay_of_processed_flows,gpasp
0.2,34.21271559789627,avg_end2end_delay_of_processed_flows,gpasp
0.3,38.53854545984829,avg_end2end_delay_of_processed_flows,gpasp
0.4,44.92460273866908,avg_end2end_delay_of_processed_flows,gpasp
0.5,48.47358205946062,avg_end2end_delay_of_processed_flows,gpasp
0.1,33.940408779598776,avg_end2end_delay_of_processed_flows,spr1
0.2,41.47464013971021,avg_end2end_delay_of_processed_flows,spr1
0.3,47.76133087089174,avg_end2end_delay_of_processed_flows,spr1
0.4,54.694838799780506,avg_end2end_delay_of_processed_flows,spr1
0.5,60.74559860167381,avg_end2end_delay_of_processed_flows,spr1
0.1,35.25536396283201,avg_end2end_delay_of_processed_flows,spr2
0.2,37.52723726694357,avg_end2end_delay_of_processed_flows,spr2
0.3,43.84677383377557,avg_end2end_delay_of_processed_flows,spr2
0.4,51.397933438581774,avg_end2end_delay_of_processed_flows,spr2
0.5,55.47831182926544,avg_end2end_delay_of_processed_flows,spr2
0.1,32.471865105760784,avg_end2end_delay_of_processed_flows,gpasp
0.2,34.733243687872374,avg_end2end_delay_of_processed_flows,gpasp
0.3,36.469157933176895,avg_end2end_delay_of_processed_flows,gpasp
0.4,41.12887598858887,avg_end2end_delay_of_processed_flows,gpasp
0.5,45.712969074333074,avg_end2end_delay_of_processed_flows,gpasp
0.1,35.539449255597376,avg_end2end_delay_of_processed_flows,spr1
0.2,37.22961702280071,avg_end2end_delay_of_processed_flows,spr1
0.3,42.56053781420397,avg_end2end_delay_of_processed_flows,spr1
0.4,50.9012525108251,avg_end2end_delay_of_processed_flows,spr1
0.5,56.76736323309821,avg_end2end_delay_of_processed_flows,spr1
0.1,35.659785688795274,avg_end2end_delay_of_processed_flows,spr2
0.2,36.99388794823119,avg_end2end_delay_of_processed_flows,spr2
0.3,39.24326535255508,avg_end2end_delay_of_processed_flows,spr2
0.4,45.90681070887624,avg_end2end_delay_of_processed_flows,spr2
0.5,54.75505183926786,avg_end2end_delay_of_processed_flows,spr2
0.1,30.075860287235468,avg_end2end_delay_of_processed_flows,gpasp
0.2,30.110633919564663,avg_end2end_delay_of_processed_flows,gpasp
0.3,33.31109409304841,avg_end2end_delay_of_processed_flows,gpasp
0.4,35.65839546172499,avg_end2end_delay_of_processed_flows,gpasp
0.5,38.18896293857574,avg_end2end_delay_of_processed_flows,gpasp
0.1,34.86096287479864,avg_end2end_delay_of_processed_flows,spr1
0.2,37.98540724904116,avg_end2end_delay_of_processed_flows,spr1
0.3,43.360851830890276,avg_end2end_delay_of_processed_flows,spr1
0.4,50.4803696387445,avg_end2end_delay_of_processed_flows,spr1
0.5,54.946176578155125,avg_end2end_delay_of_processed_flows,spr1
0.1,31.885193057599594,avg_end2end_delay_of_processed_flows,spr2
0.2,32.97113941260662,avg_end2end_delay_of_processed_flows,spr2
0.3,35.82484370400347,avg_end2end_delay_of_processed_flows,spr2
0.4,43.20382735247667,avg_end2end_delay_of_processed_flows,spr2
0.5,47.7800529156801,avg_end2end_delay_of_processed_flows,spr2
0.1,39.91807861148646,avg_end2end_delay_of_processed_flows,gpasp
0.2,35.23529978970486,avg_end2end_delay_of_processed_flows,gpasp
0.3,37.11023799286433,avg_end2end_delay_of_processed_flows,gpasp
0.4,38.941437271358495,avg_end2end_delay_of_processed_flows,gpasp
0.5,41.42909716928971,avg_end2end_delay_of_processed_flows,gpasp
0.1,42.332639852627544,avg_end2end_delay_of_processed_flows,spr1
0.2,46.36218840023838,avg_end2end_delay_of_processed_flows,spr1
0.3,53.798549126047675,avg_end2end_delay_of_processed_flows,spr1
0.4,57.84642278022842,avg_end2end_delay_of_processed_flows,spr1
0.5,63.018514083336584,avg_end2end_delay_of_processed_flows,spr1
0.1,41.39268437750152,avg_end2end_delay_of_processed_flows,spr2
0.2,38.97021692927514,avg_end2end_delay_of_processed_flows,spr2
0.3,41.24943503515436,avg_end2end_delay_of_processed_flows,spr2
0.4,46.81405053960547,avg_end2end_delay_of_processed_flows,spr2
0.5,51.7720666682218,avg_end2end_delay_of_processed_flows,spr2
0.1,27.241593803175682,avg_end2end_delay_of_processed_flows,gpasp
0.2,29.293595047818478,avg_end2end_delay_of_processed_flows,gpasp
0.3,30.59605841460688,avg_end2end_delay_of_processed_flows,gpasp
0.4,32.498033726940285,avg_end2end_delay_of_processed_flows,gpasp
0.5,34.86993097087034,avg_end2end_delay_of_processed_flows,gpasp
0.1,39.72293214478894,avg_end2end_delay_of_processed_flows,spr1
0.2,53.2854442351294,avg_end2end_delay_of_processed_flows,spr1
0.3,62.809571352579994,avg_end2end_delay_of_processed_flows,spr1
0.4,65.57686748429494,avg_end2end_delay_of_processed_flows,spr1
0.5,67.01418759165013,avg_end2end_delay_of_processed_flows,spr1
0.1,29.078316201788656,avg_end2end_delay_of_processed_flows,spr2
0.2,32.407503662021604,avg_end2end_delay_of_processed_flows,spr2
0.3,34.52548751206649,avg_end2end_delay_of_processed_flows,spr2
0.4,40.67563966263955,avg_end2end_delay_of_processed_flows,spr2
0.5,46.727458447904056,avg_end2end_delay_of_processed_flows,spr2
0.1,32.002937824196216,avg_end2end_delay_of_processed_flows,gpasp
0.2,33.29461382766986,avg_end2end_delay_of_processed_flows,gpasp
0.3,35.087264058363836,avg_end2end_delay_of_processed_flows,gpasp
0.4,35.087264058363836,avg_end2end_delay_of_processed_flows,gpasp
0.5,39.208719156584166,avg_end2end_delay_of_processed_flows,gpasp
0.1,40.35863253928134,avg_end2end_delay_of_processed_flows,spr1
0.2,47.157286662844,avg_end2end_delay_of_processed_flows,spr1
0.3,54.70430865381641,avg_end2end_delay_of_processed_flows,spr1
0.4,54.70430865381641,avg_end2end_delay_of_processed_flows,spr1
0.5,59.41171282969026,avg_end2end_delay_of_processed_flows,spr1
0.1,35.07426109420628,avg_end2end_delay_of_processed_flows,spr2
0.2,36.59538682002651,avg_end2end_delay_of_processed_flows,spr2
0.3,40.94627982432044,avg_end2end_delay_of_processed_flows,spr2
0.4,40.94627982432044,avg_end2end_delay_of_processed_flows,spr2
0.5,47.99179985269747,avg_end2end_delay_of_processed_flows,spr2
